original_file,spectrogram_file,emotion,split
1030_IWW_NEU_XX.wav,neutral_0000.png,neutral,train
1045_IWL_NEU_XX.wav,neutral_0001.png,neutral,train
1080_TSI_ANG_XX.wav,angry_0002.png,angry,train
1003_IEO_SAD_HI.wav,sad_0003.png,sad,train
1013_IEO_ANG_MD.wav,angry_0004.png,angry,train
1090_IWL_DIS_XX.wav,disgust_0005.png,disgust,train
1061_TIE_HAP_XX.wav,happy_0006.png,happy,train
1004_DFA_NEU_XX.wav,neutral_0007.png,neutral,train
1011_IEO_ANG_LO.wav,angry_0008.png,angry,train
1014_TAI_FEA_XX.wav,fear_0009.png,fear,train
1035_TIE_NEU_XX.wav,neutral_0010.png,neutral,train
1059_MTI_NEU_XX.wav,neutral_0011.png,neutral,train
1009_DFA_NEU_XX.wav,neutral_0012.png,neutral,train
1059_ITH_NEU_XX.wav,neutral_0013.png,neutral,train
1015_ITS_HAP_XX.wav,happy_0014.png,happy,train
1004_IOM_HAP_XX.wav,happy_0015.png,happy,train
1074_ITS_HAP_XX.wav,happy_0016.png,happy,train
1052_IWL_ANG_XX.wav,angry_0017.png,angry,train
1086_ITS_DIS_XX.wav,disgust_0018.png,disgust,train
1004_IOM_ANG_XX.wav,angry_0019.png,angry,train
1029_MTI_SAD_XX.wav,sad_0020.png,sad,train
1075_ITS_ANG_XX.wav,angry_0021.png,angry,train
1052_IEO_SAD_MD.wav,sad_0022.png,sad,train
1005_IEO_ANG_HI.wav,angry_0023.png,angry,train
1031_TSI_ANG_XX.wav,angry_0024.png,angry,train
1071_ITS_NEU_XX.wav,neutral_0025.png,neutral,train
1035_IWW_ANG_XX.wav,angry_0026.png,angry,train
1053_ITS_NEU_XX.wav,neutral_0027.png,neutral,train
1053_ITH_HAP_XX.wav,happy_0028.png,happy,train
1046_IWW_ANG_XX.wav,angry_0029.png,angry,train
1058_DFA_NEU_XX.wav,neutral_0030.png,neutral,train
1008_IWW_DIS_XX.wav,disgust_0031.png,disgust,train
1046_IEO_SAD_LO.wav,sad_0032.png,sad,train
1063_TSI_FEA_XX.wav,fear_0033.png,fear,train
1062_TSI_SAD_XX.wav,sad_0034.png,sad,train
1030_MTI_SAD_XX.wav,sad_0035.png,sad,train
1023_TAI_SAD_XX.wav,sad_0036.png,sad,train
1015_IEO_ANG_HI.wav,angry_0037.png,angry,train
1086_IOM_NEU_XX.wav,neutral_0038.png,neutral,train
1005_DFA_HAP_XX.wav,happy_0039.png,happy,train
1064_IEO_FEA_MD.wav,fear_0040.png,fear,train
1084_DFA_NEU_XX.wav,neutral_0041.png,neutral,train
1091_DFA_DIS_XX.wav,disgust_0042.png,disgust,train
1077_IWL_FEA_XX.wav,fear_0043.png,fear,train
1041_ITH_DIS_XX.wav,disgust_0044.png,disgust,train
1082_ITS_DIS_XX.wav,disgust_0045.png,disgust,train
1011_IEO_SAD_MD.wav,sad_0046.png,sad,train
1043_DFA_FEA_XX.wav,fear_0047.png,fear,train
1046_TSI_NEU_XX.wav,neutral_0048.png,neutral,train
1083_WSI_DIS_XX.wav,disgust_0049.png,disgust,train
1057_IWL_HAP_XX.wav,happy_0050.png,happy,train
1045_IOM_DIS_XX.wav,disgust_0051.png,disgust,train
1074_TSI_SAD_XX.wav,sad_0052.png,sad,train
1060_TIE_FEA_XX.wav,fear_0053.png,fear,train
1054_IEO_HAP_MD.wav,happy_0054.png,happy,train
1025_IEO_ANG_MD.wav,angry_0055.png,angry,train
1042_DFA_DIS_XX.wav,disgust_0056.png,disgust,train
1020_IEO_HAP_LO.wav,happy_0057.png,happy,train
1026_IOM_NEU_XX.wav,neutral_0058.png,neutral,train
1065_IOM_FEA_XX.wav,fear_0059.png,fear,train
1021_TSI_FEA_XX.wav,fear_0060.png,fear,train
1086_IWW_FEA_XX.wav,fear_0061.png,fear,train
1015_IEO_DIS_HI.wav,disgust_0062.png,disgust,train
1065_DFA_ANG_XX.wav,angry_0063.png,angry,train
1054_IEO_HAP_LO.wav,happy_0064.png,happy,train
1064_IEO_SAD_MD.wav,sad_0065.png,sad,train
1051_IWW_SAD_XX.wav,sad_0066.png,sad,train
1025_IWL_FEA_XX.wav,fear_0067.png,fear,train
1019_IEO_SAD_HI.wav,sad_0068.png,sad,train
1017_IWL_NEU_XX.wav,neutral_0069.png,neutral,train
1058_TAI_NEU_XX.wav,neutral_0070.png,neutral,train
1063_WSI_SAD_XX.wav,sad_0071.png,sad,train
1072_IEO_SAD_MD.wav,sad_0072.png,sad,train
1052_IOM_FEA_XX.wav,fear_0073.png,fear,train
1065_MTI_HAP_XX.wav,happy_0074.png,happy,train
1038_TSI_HAP_XX.wav,happy_0075.png,happy,train
1037_TSI_DIS_XX.wav,disgust_0076.png,disgust,train
1078_IWL_NEU_XX.wav,neutral_0077.png,neutral,train
1036_IEO_DIS_LO.wav,disgust_0078.png,disgust,train
1020_MTI_DIS_XX.wav,disgust_0079.png,disgust,train
1019_IEO_SAD_LO.wav,sad_0080.png,sad,train
1052_IEO_ANG_MD.wav,angry_0081.png,angry,train
1025_ITS_NEU_XX.wav,neutral_0082.png,neutral,train
1081_WSI_SAD_XX.wav,sad_0083.png,sad,train
1033_ITS_ANG_XX.wav,angry_0084.png,angry,train
1030_TIE_ANG_XX.wav,angry_0085.png,angry,train
1003_IEO_ANG_LO.wav,angry_0086.png,angry,train
1008_IWL_FEA_XX.wav,fear_0087.png,fear,train
1051_MTI_NEU_XX.wav,neutral_0088.png,neutral,train
1081_IWL_NEU_XX.wav,neutral_0089.png,neutral,train
1079_TSI_SAD_XX.wav,sad_0090.png,sad,train
1033_TIE_FEA_XX.wav,fear_0091.png,fear,train
1083_MTI_SAD_XX.wav,sad_0092.png,sad,train
1066_TAI_ANG_XX.wav,angry_0093.png,angry,train
1070_TSI_FEA_XX.wav,fear_0094.png,fear,train
1005_DFA_ANG_XX.wav,angry_0095.png,angry,train
1064_MTI_DIS_XX.wav,disgust_0096.png,disgust,train
1026_TAI_SAD_XX.wav,sad_0097.png,sad,train
1031_IEO_DIS_MD.wav,disgust_0098.png,disgust,train
1004_IEO_NEU_XX.wav,neutral_0099.png,neutral,train
1051_DFA_ANG_XX.wav,angry_0100.png,angry,train
1010_TIE_HAP_XX.wav,happy_0101.png,happy,train
1083_WSI_ANG_XX.wav,angry_0102.png,angry,train
1021_WSI_NEU_XX.wav,neutral_0103.png,neutral,train
1034_WSI_SAD_XX.wav,sad_0104.png,sad,train
1063_IWL_ANG_XX.wav,angry_0105.png,angry,train
1025_IEO_FEA_MD.wav,fear_0106.png,fear,train
1007_IEO_SAD_MD.wav,sad_0107.png,sad,train
1076_TIE_NEU_XX.wav,neutral_0108.png,neutral,train
1003_TAI_NEU_XX.wav,neutral_0109.png,neutral,train
1017_IOM_DIS_XX.wav,disgust_0110.png,disgust,train
1009_IWL_FEA_XX.wav,fear_0111.png,fear,train
1056_ITH_SAD_XX.wav,sad_0112.png,sad,train
1071_TSI_NEU_XX.wav,neutral_0113.png,neutral,train
1065_WSI_DIS_XX.wav,disgust_0114.png,disgust,train
1027_TAI_FEA_XX.wav,fear_0115.png,fear,train
1072_IWL_ANG_XX.wav,angry_0116.png,angry,train
1009_WSI_NEU_XX.wav,neutral_0117.png,neutral,train
1082_MTI_HAP_XX.wav,happy_0118.png,happy,train
1056_IWL_ANG_XX.wav,angry_0119.png,angry,train
1056_IEO_DIS_HI.wav,disgust_0120.png,disgust,train
1074_IEO_HAP_LO.wav,happy_0121.png,happy,train
1009_IWL_NEU_XX.wav,neutral_0122.png,neutral,train
1067_IWW_SAD_XX.wav,sad_0123.png,sad,train
1020_IWW_ANG_XX.wav,angry_0124.png,angry,train
1083_MTI_DIS_XX.wav,disgust_0125.png,disgust,train
1046_MTI_DIS_XX.wav,disgust_0126.png,disgust,train
1013_MTI_FEA_XX.wav,fear_0127.png,fear,train
1087_TSI_NEU_XX.wav,neutral_0128.png,neutral,train
1049_IWL_SAD_XX.wav,sad_0129.png,sad,train
1087_DFA_DIS_XX.wav,disgust_0130.png,disgust,train
1030_ITH_NEU_XX.wav,neutral_0131.png,neutral,train
1026_IWW_HAP_XX.wav,happy_0132.png,happy,train
1086_ITS_HAP_XX.wav,happy_0133.png,happy,train
1003_WSI_HAP_XX.wav,happy_0134.png,happy,train
1033_TIE_DIS_XX.wav,disgust_0135.png,disgust,train
1026_ITH_ANG_XX.wav,angry_0136.png,angry,train
1051_DFA_HAP_XX.wav,happy_0137.png,happy,train
1048_TIE_SAD_XX.wav,sad_0138.png,sad,train
1031_MTI_FEA_XX.wav,fear_0139.png,fear,train
1007_ITS_NEU_XX.wav,neutral_0140.png,neutral,train
1075_IEO_DIS_HI.wav,disgust_0141.png,disgust,train
1088_DFA_FEA_XX.wav,fear_0142.png,fear,train
1054_TSI_HAP_XX.wav,happy_0143.png,happy,train
1024_DFA_HAP_XX.wav,happy_0144.png,happy,train
1062_IWW_ANG_XX.wav,angry_0145.png,angry,train
1018_TIE_DIS_XX.wav,disgust_0146.png,disgust,train
1013_TIE_SAD_XX.wav,sad_0147.png,sad,train
1067_IWL_DIS_XX.wav,disgust_0148.png,disgust,train
1024_IEO_FEA_LO.wav,fear_0149.png,fear,train
1015_ITH_HAP_XX.wav,happy_0150.png,happy,train
1028_TSI_FEA_XX.wav,fear_0151.png,fear,train
1015_ITH_DIS_XX.wav,disgust_0152.png,disgust,train
1067_DFA_HAP_XX.wav,happy_0153.png,happy,train
1056_MTI_NEU_XX.wav,neutral_0154.png,neutral,train
1018_IEO_ANG_LO.wav,angry_0155.png,angry,train
1035_IWL_DIS_XX.wav,disgust_0156.png,disgust,train
1067_IEO_ANG_HI.wav,angry_0157.png,angry,train
1053_IEO_FEA_MD.wav,fear_0158.png,fear,train
1024_TSI_DIS_XX.wav,disgust_0159.png,disgust,train
1065_WSI_SAD_XX.wav,sad_0160.png,sad,train
1021_IEO_SAD_LO.wav,sad_0161.png,sad,train
1058_IWL_DIS_XX.wav,disgust_0162.png,disgust,train
1062_TAI_ANG_XX.wav,angry_0163.png,angry,train
1052_IWL_DIS_XX.wav,disgust_0164.png,disgust,train
1012_TSI_NEU_XX.wav,neutral_0165.png,neutral,train
1069_IWL_NEU_XX.wav,neutral_0166.png,neutral,train
1047_IOM_HAP_XX.wav,happy_0167.png,happy,train
1022_MTI_ANG_XX.wav,angry_0168.png,angry,train
1088_TIE_ANG_XX.wav,angry_0169.png,angry,train
1006_IOM_DIS_XX.wav,disgust_0170.png,disgust,train
1020_ITH_SAD_XX.wav,sad_0171.png,sad,train
1014_TIE_DIS_XX.wav,disgust_0172.png,disgust,train
1014_TSI_ANG_XX.wav,angry_0173.png,angry,train
1032_TSI_NEU_XX.wav,neutral_0174.png,neutral,train
1042_WSI_HAP_XX.wav,happy_0175.png,happy,train
1045_WSI_DIS_XX.wav,disgust_0176.png,disgust,train
1022_TAI_ANG_XX.wav,angry_0177.png,angry,train
1045_WSI_FEA_XX.wav,fear_0178.png,fear,train
1039_IOM_DIS_XX.wav,disgust_0179.png,disgust,train
1009_TAI_HAP_XX.wav,happy_0180.png,happy,train
1090_TAI_DIS_XX.wav,disgust_0181.png,disgust,train
1042_IEO_DIS_LO.wav,disgust_0182.png,disgust,train
1005_IEO_DIS_MD.wav,disgust_0183.png,disgust,train
1004_TSI_FEA_XX.wav,fear_0184.png,fear,train
1008_IEO_FEA_MD.wav,fear_0185.png,fear,train
1037_IWW_SAD_XX.wav,sad_0186.png,sad,train
1056_IEO_SAD_MD.wav,sad_0187.png,sad,train
1018_IOM_FEA_XX.wav,fear_0188.png,fear,train
1006_MTI_ANG_XX.wav,angry_0189.png,angry,train
1010_MTI_HAP_XX.wav,happy_0190.png,happy,train
1083_IWW_FEA_XX.wav,fear_0191.png,fear,train
1054_DFA_DIS_XX.wav,disgust_0192.png,disgust,train
1084_IWW_DIS_XX.wav,disgust_0193.png,disgust,train
1002_MTI_DIS_XX.wav,disgust_0194.png,disgust,train
1038_IEO_FEA_HI.wav,fear_0195.png,fear,train
1063_ITS_NEU_XX.wav,neutral_0196.png,neutral,train
1063_WSI_FEA_XX.wav,fear_0197.png,fear,train
1087_ITH_HAP_XX.wav,happy_0198.png,happy,train
1076_TAI_FEA_XX.wav,fear_0199.png,fear,train
1069_IEO_ANG_HI.wav,angry_0200.png,angry,train
1029_IWL_HAP_XX.wav,happy_0201.png,happy,train
1011_ITS_ANG_XX.wav,angry_0202.png,angry,train
1004_ITS_SAD_XX.wav,sad_0203.png,sad,train
1034_IEO_FEA_LO.wav,fear_0204.png,fear,train
1090_IWW_HAP_XX.wav,happy_0205.png,happy,train
1062_DFA_NEU_XX.wav,neutral_0206.png,neutral,train
1033_IWW_ANG_XX.wav,angry_0207.png,angry,train
1040_WSI_SAD_XX.wav,sad_0208.png,sad,train
1067_WSI_ANG_XX.wav,angry_0209.png,angry,train
1053_IWL_FEA_XX.wav,fear_0210.png,fear,train
1081_WSI_DIS_XX.wav,disgust_0211.png,disgust,train
1015_IWW_FEA_XX.wav,fear_0212.png,fear,train
1025_IWL_SAD_XX.wav,sad_0213.png,sad,train
1057_ITH_SAD_XX.wav,sad_0214.png,sad,train
1032_TSI_ANG_XX.wav,angry_0215.png,angry,train
1041_ITS_SAD_XX.wav,sad_0216.png,sad,train
1087_IWL_SAD_XX.wav,sad_0217.png,sad,train
1022_TAI_DIS_XX.wav,disgust_0218.png,disgust,train
1042_DFA_NEU_XX.wav,neutral_0219.png,neutral,train
1035_MTI_DIS_XX.wav,disgust_0220.png,disgust,train
1022_TIE_FEA_XX.wav,fear_0221.png,fear,train
1060_IOM_ANG_XX.wav,angry_0222.png,angry,train
1039_IOM_ANG_XX.wav,angry_0223.png,angry,train
1010_TIE_FEA_XX.wav,fear_0224.png,fear,train
1087_TIE_FEA_XX.wav,fear_0225.png,fear,train
1013_IWL_NEU_XX.wav,neutral_0226.png,neutral,train
1042_IWL_FEA_XX.wav,fear_0227.png,fear,train
1077_ITH_SAD_XX.wav,sad_0228.png,sad,train
1029_TAI_DIS_XX.wav,disgust_0229.png,disgust,train
1045_IEO_SAD_HI.wav,sad_0230.png,sad,train
1006_MTI_SAD_XX.wav,sad_0231.png,sad,train
1074_MTI_FEA_XX.wav,fear_0232.png,fear,train
1016_WSI_SAD_XX.wav,sad_0233.png,sad,train
1072_ITH_DIS_XX.wav,disgust_0234.png,disgust,train
1018_MTI_DIS_XX.wav,disgust_0235.png,disgust,train
1077_MTI_ANG_XX.wav,angry_0236.png,angry,train
1049_DFA_HAP_XX.wav,happy_0237.png,happy,train
1044_ITH_FEA_XX.wav,fear_0238.png,fear,train
1034_IEO_FEA_MD.wav,fear_0239.png,fear,train
1004_ITH_ANG_XX.wav,angry_0240.png,angry,train
1080_TAI_NEU_XX.wav,neutral_0241.png,neutral,train
1038_IEO_FEA_LO.wav,fear_0242.png,fear,train
1005_TAI_FEA_XX.wav,fear_0243.png,fear,train
1054_IEO_ANG_HI.wav,angry_0244.png,angry,train
1024_TSI_ANG_XX.wav,angry_0245.png,angry,train
1017_IWL_SAD_XX.wav,sad_0246.png,sad,train
1064_TIE_FEA_XX.wav,fear_0247.png,fear,train
1048_IEO_FEA_LO.wav,fear_0248.png,fear,train
1030_IWW_SAD_XX.wav,sad_0249.png,sad,train
1090_IWL_NEU_XX.wav,neutral_0250.png,neutral,train
1074_ITS_NEU_XX.wav,neutral_0251.png,neutral,train
1052_TIE_DIS_XX.wav,disgust_0252.png,disgust,train
1088_ITS_SAD_XX.wav,sad_0253.png,sad,train
1011_DFA_DIS_XX.wav,disgust_0254.png,disgust,train
1083_WSI_SAD_XX.wav,sad_0255.png,sad,train
1053_IEO_HAP_MD.wav,happy_0256.png,happy,train
1001_IEO_HAP_MD.wav,happy_0257.png,happy,train
1073_ITH_FEA_XX.wav,fear_0258.png,fear,train
1074_WSI_HAP_XX.wav,happy_0259.png,happy,train
1066_TIE_FEA_XX.wav,fear_0260.png,fear,train
1002_IOM_DIS_XX.wav,disgust_0261.png,disgust,train
1086_WSI_HAP_XX.wav,happy_0262.png,happy,train
1025_WSI_FEA_XX.wav,fear_0263.png,fear,train
1022_IOM_SAD_XX.wav,sad_0264.png,sad,train
1003_TAI_HAP_XX.wav,happy_0265.png,happy,train
1050_IEO_DIS_HI.wav,disgust_0266.png,disgust,train
1045_IEO_ANG_MD.wav,angry_0267.png,angry,train
1059_IEO_DIS_HI.wav,disgust_0268.png,disgust,train
1053_ITH_SAD_XX.wav,sad_0269.png,sad,train
1032_ITS_HAP_XX.wav,happy_0270.png,happy,train
1035_IEO_DIS_HI.wav,disgust_0271.png,disgust,train
1031_TAI_ANG_XX.wav,angry_0272.png,angry,train
1028_WSI_SAD_XX.wav,sad_0273.png,sad,train
1080_DFA_SAD_XX.wav,sad_0274.png,sad,train
1027_MTI_HAP_XX.wav,happy_0275.png,happy,train
1036_IEO_ANG_MD.wav,angry_0276.png,angry,train
1044_ITS_HAP_XX.wav,happy_0277.png,happy,train
1083_ITH_NEU_XX.wav,neutral_0278.png,neutral,train
1018_ITH_SAD_XX.wav,sad_0279.png,sad,train
1018_IEO_HAP_LO.wav,happy_0280.png,happy,train
1010_IEO_HAP_HI.wav,happy_0281.png,happy,train
1078_IOM_NEU_XX.wav,neutral_0282.png,neutral,train
1034_ITS_HAP_XX.wav,happy_0283.png,happy,train
1055_ITS_FEA_XX.wav,fear_0284.png,fear,train
1058_IEO_DIS_HI.wav,disgust_0285.png,disgust,train
1046_WSI_DIS_XX.wav,disgust_0286.png,disgust,train
1035_IWW_NEU_XX.wav,neutral_0287.png,neutral,train
1087_IEO_DIS_MD.wav,disgust_0288.png,disgust,train
1053_WSI_HAP_XX.wav,happy_0289.png,happy,train
1067_MTI_SAD_XX.wav,sad_0290.png,sad,train
1038_ITS_HAP_XX.wav,happy_0291.png,happy,train
1021_IEO_SAD_HI.wav,sad_0292.png,sad,train
1014_IOM_FEA_XX.wav,fear_0293.png,fear,train
1076_ITS_FEA_XX.wav,fear_0294.png,fear,train
1011_IEO_SAD_HI.wav,sad_0295.png,sad,train
1005_TIE_DIS_XX.wav,disgust_0296.png,disgust,train
1047_IEO_HAP_LO.wav,happy_0297.png,happy,train
1072_TSI_ANG_XX.wav,angry_0298.png,angry,train
1069_IWW_SAD_XX.wav,sad_0299.png,sad,train
1021_WSI_HAP_XX.wav,happy_0300.png,happy,train
1063_IWW_FEA_XX.wav,fear_0301.png,fear,train
1006_IWW_DIS_XX.wav,disgust_0302.png,disgust,train
1039_IEO_ANG_MD.wav,angry_0303.png,angry,train
1028_ITS_NEU_XX.wav,neutral_0304.png,neutral,train
1066_IWL_NEU_XX.wav,neutral_0305.png,neutral,train
1011_IOM_DIS_XX.wav,disgust_0306.png,disgust,train
1060_ITH_FEA_XX.wav,fear_0307.png,fear,train
1084_MTI_SAD_XX.wav,sad_0308.png,sad,train
1075_IOM_ANG_XX.wav,angry_0309.png,angry,train
1016_IEO_ANG_MD.wav,angry_0310.png,angry,train
1082_TAI_SAD_XX.wav,sad_0311.png,sad,train
1029_DFA_SAD_XX.wav,sad_0312.png,sad,train
1060_IWW_DIS_XX.wav,disgust_0313.png,disgust,train
1082_TIE_DIS_XX.wav,disgust_0314.png,disgust,train
1073_TSI_SAD_XX.wav,sad_0315.png,sad,train
1084_WSI_HAP_XX.wav,happy_0316.png,happy,train
1020_ITS_HAP_XX.wav,happy_0317.png,happy,train
1033_IWW_SAD_XX.wav,sad_0318.png,sad,train
1076_IEO_SAD_HI.wav,sad_0319.png,sad,train
1061_IWW_DIS_XX.wav,disgust_0320.png,disgust,train
1084_IEO_HAP_LO.wav,happy_0321.png,happy,train
1080_IOM_SAD_XX.wav,sad_0322.png,sad,train
1026_TSI_NEU_XX.wav,neutral_0323.png,neutral,train
1032_IEO_SAD_MD.wav,sad_0324.png,sad,train
1066_TSI_ANG_XX.wav,angry_0325.png,angry,train
1055_TSI_HAP_XX.wav,happy_0326.png,happy,train
1035_TSI_DIS_XX.wav,disgust_0327.png,disgust,train
1002_DFA_FEA_XX.wav,fear_0328.png,fear,train
1020_IOM_NEU_XX.wav,neutral_0329.png,neutral,train
1074_IEO_DIS_MD.wav,disgust_0330.png,disgust,train
1034_WSI_FEA_XX.wav,fear_0331.png,fear,train
1063_IEO_ANG_HI.wav,angry_0332.png,angry,train
1014_IEO_SAD_MD.wav,sad_0333.png,sad,train
1073_ITH_ANG_XX.wav,angry_0334.png,angry,train
1086_TIE_HAP_XX.wav,happy_0335.png,happy,train
1007_IEO_HAP_LO.wav,happy_0336.png,happy,train
1080_WSI_FEA_XX.wav,fear_0337.png,fear,train
1080_TIE_FEA_XX.wav,fear_0338.png,fear,train
1024_MTI_FEA_XX.wav,fear_0339.png,fear,train
1039_IWW_SAD_XX.wav,sad_0340.png,sad,train
1071_IWW_HAP_XX.wav,happy_0341.png,happy,train
1003_IEO_FEA_HI.wav,fear_0342.png,fear,train
1068_ITS_ANG_XX.wav,angry_0343.png,angry,train
1079_IOM_NEU_XX.wav,neutral_0344.png,neutral,train
1078_ITH_SAD_XX.wav,sad_0345.png,sad,train
1034_ITS_ANG_XX.wav,angry_0346.png,angry,train
1069_ITH_FEA_XX.wav,fear_0347.png,fear,train
1047_IWL_DIS_XX.wav,disgust_0348.png,disgust,train
1083_IOM_ANG_XX.wav,angry_0349.png,angry,train
1046_IOM_DIS_XX.wav,disgust_0350.png,disgust,train
1079_IEO_ANG_LO.wav,angry_0351.png,angry,train
1017_TAI_NEU_XX.wav,neutral_0352.png,neutral,train
1048_IOM_SAD_XX.wav,sad_0353.png,sad,train
1050_IEO_DIS_MD.wav,disgust_0354.png,disgust,train
1005_WSI_SAD_XX.wav,sad_0355.png,sad,train
1041_IOM_DIS_XX.wav,disgust_0356.png,disgust,train
1058_ITH_FEA_XX.wav,fear_0357.png,fear,train
1090_IWW_DIS_XX.wav,disgust_0358.png,disgust,train
1013_IWL_FEA_XX.wav,fear_0359.png,fear,train
1076_TIE_FEA_XX.wav,fear_0360.png,fear,train
1033_MTI_HAP_XX.wav,happy_0361.png,happy,train
1029_IEO_SAD_HI.wav,sad_0362.png,sad,train
1045_MTI_ANG_XX.wav,angry_0363.png,angry,train
1078_MTI_SAD_XX.wav,sad_0364.png,sad,train
1047_IWW_DIS_XX.wav,disgust_0365.png,disgust,train
1083_IWL_SAD_XX.wav,sad_0366.png,sad,train
1010_IEO_DIS_HI.wav,disgust_0367.png,disgust,train
1060_ITH_DIS_XX.wav,disgust_0368.png,disgust,train
1046_ITH_SAD_XX.wav,sad_0369.png,sad,train
1072_ITS_ANG_XX.wav,angry_0370.png,angry,train
1003_TSI_FEA_XX.wav,fear_0371.png,fear,train
1012_ITS_DIS_XX.wav,disgust_0372.png,disgust,train
1034_ITS_SAD_XX.wav,sad_0373.png,sad,train
1005_IOM_HAP_XX.wav,happy_0374.png,happy,train
1080_TSI_SAD_XX.wav,sad_0375.png,sad,train
1079_IOM_HAP_XX.wav,happy_0376.png,happy,train
1057_TIE_SAD_XX.wav,sad_0377.png,sad,train
1089_TAI_ANG_XX.wav,angry_0378.png,angry,train
1006_TSI_NEU_XX.wav,neutral_0379.png,neutral,train
1067_IWW_HAP_XX.wav,happy_0380.png,happy,train
1050_ITH_SAD_XX.wav,sad_0381.png,sad,train
1030_IWL_DIS_XX.wav,disgust_0382.png,disgust,train
1005_TIE_ANG_XX.wav,angry_0383.png,angry,train
1072_IEO_HAP_MD.wav,happy_0384.png,happy,train
1083_ITS_FEA_XX.wav,fear_0385.png,fear,train
1077_ITS_SAD_XX.wav,sad_0386.png,sad,train
1070_IWL_DIS_XX.wav,disgust_0387.png,disgust,train
1011_IEO_NEU_XX.wav,neutral_0388.png,neutral,train
1008_DFA_SAD_XX.wav,sad_0389.png,sad,train
1041_WSI_NEU_XX.wav,neutral_0390.png,neutral,train
1070_IEO_SAD_LO.wav,sad_0391.png,sad,train
1090_ITH_NEU_XX.wav,neutral_0392.png,neutral,train
1071_TIE_DIS_XX.wav,disgust_0393.png,disgust,train
1051_TAI_NEU_XX.wav,neutral_0394.png,neutral,train
1054_IEO_DIS_HI.wav,disgust_0395.png,disgust,train
1013_MTI_SAD_XX.wav,sad_0396.png,sad,train
1028_ITS_DIS_XX.wav,disgust_0397.png,disgust,train
1005_DFA_FEA_XX.wav,fear_0398.png,fear,train
1043_ITS_DIS_XX.wav,disgust_0399.png,disgust,train
1045_IEO_ANG_HI.wav,angry_0400.png,angry,train
1021_TIE_DIS_XX.wav,disgust_0401.png,disgust,train
1071_TIE_FEA_XX.wav,fear_0402.png,fear,train
1027_IEO_SAD_MD.wav,sad_0403.png,sad,train
1009_ITS_NEU_XX.wav,neutral_0404.png,neutral,train
1086_WSI_SAD_XX.wav,sad_0405.png,sad,train
1078_IWL_HAP_XX.wav,happy_0406.png,happy,train
1011_WSI_SAD_XX.wav,sad_0407.png,sad,train
1022_IEO_HAP_LO.wav,happy_0408.png,happy,train
1081_IEO_SAD_MD.wav,sad_0409.png,sad,train
1033_IEO_ANG_LO.wav,angry_0410.png,angry,train
1060_IOM_HAP_XX.wav,happy_0411.png,happy,train
1027_DFA_HAP_XX.wav,happy_0412.png,happy,train
1017_TAI_HAP_XX.wav,happy_0413.png,happy,train
1060_ITS_DIS_XX.wav,disgust_0414.png,disgust,train
1040_IOM_HAP_XX.wav,happy_0415.png,happy,train
1052_TIE_SAD_XX.wav,sad_0416.png,sad,train
1052_IEO_DIS_LO.wav,disgust_0417.png,disgust,train
1007_TIE_SAD_XX.wav,sad_0418.png,sad,train
1008_TIE_HAP_XX.wav,happy_0419.png,happy,train
1072_IEO_SAD_LO.wav,sad_0420.png,sad,train
1047_IWL_HAP_XX.wav,happy_0421.png,happy,train
1030_MTI_FEA_XX.wav,fear_0422.png,fear,train
1064_TSI_HAP_XX.wav,happy_0423.png,happy,train
1047_MTI_ANG_XX.wav,angry_0424.png,angry,train
1039_ITH_SAD_XX.wav,sad_0425.png,sad,train
1001_IOM_FEA_XX.wav,fear_0426.png,fear,train
1080_IEO_SAD_MD.wav,sad_0427.png,sad,train
1003_IEO_FEA_LO.wav,fear_0428.png,fear,train
1009_ITS_ANG_XX.wav,angry_0429.png,angry,train
1002_TAI_HAP_XX.wav,happy_0430.png,happy,train
1079_TSI_DIS_XX.wav,disgust_0431.png,disgust,train
1047_IEO_FEA_HI.wav,fear_0432.png,fear,train
1005_IWL_NEU_XX.wav,neutral_0433.png,neutral,train
1026_TIE_DIS_XX.wav,disgust_0434.png,disgust,train
1015_DFA_SAD_XX.wav,sad_0435.png,sad,train
1041_IEO_HAP_LO.wav,happy_0436.png,happy,train
1052_DFA_DIS_XX.wav,disgust_0437.png,disgust,train
1044_MTI_DIS_XX.wav,disgust_0438.png,disgust,train
1018_IEO_SAD_HI.wav,sad_0439.png,sad,train
1089_IEO_FEA_MD.wav,fear_0440.png,fear,train
1066_TSI_DIS_XX.wav,disgust_0441.png,disgust,train
1020_MTI_ANG_XX.wav,angry_0442.png,angry,train
1049_IEO_HAP_LO.wav,happy_0443.png,happy,train
1060_WSI_HAP_XX.wav,happy_0444.png,happy,train
1033_IEO_FEA_LO.wav,fear_0445.png,fear,train
1051_IEO_FEA_LO.wav,fear_0446.png,fear,train
1063_TIE_ANG_XX.wav,angry_0447.png,angry,train
1047_DFA_FEA_XX.wav,fear_0448.png,fear,train
1005_IWL_SAD_XX.wav,sad_0449.png,sad,train
1082_ITS_NEU_XX.wav,neutral_0450.png,neutral,train
1070_TIE_HAP_XX.wav,happy_0451.png,happy,train
1050_IEO_NEU_XX.wav,neutral_0452.png,neutral,train
1038_IWL_HAP_XX.wav,happy_0453.png,happy,train
1002_DFA_DIS_XX.wav,disgust_0454.png,disgust,train
1036_WSI_SAD_XX.wav,sad_0455.png,sad,train
1071_IWL_ANG_XX.wav,angry_0456.png,angry,train
1039_MTI_DIS_XX.wav,disgust_0457.png,disgust,train
1055_IEO_HAP_LO.wav,happy_0458.png,happy,train
1026_IWW_ANG_XX.wav,angry_0459.png,angry,train
1086_MTI_NEU_XX.wav,neutral_0460.png,neutral,train
1058_TSI_ANG_XX.wav,angry_0461.png,angry,train
1032_IEO_HAP_LO.wav,happy_0462.png,happy,train
1050_DFA_FEA_XX.wav,fear_0463.png,fear,train
1050_WSI_SAD_XX.wav,sad_0464.png,sad,train
1026_IOM_FEA_XX.wav,fear_0465.png,fear,train
1007_TSI_DIS_XX.wav,disgust_0466.png,disgust,train
1045_IWW_HAP_XX.wav,happy_0467.png,happy,train
1011_ITH_DIS_XX.wav,disgust_0468.png,disgust,train
1020_TSI_SAD_XX.wav,sad_0469.png,sad,train
1039_WSI_HAP_XX.wav,happy_0470.png,happy,train
1043_IEO_SAD_HI.wav,sad_0471.png,sad,train
1069_WSI_NEU_XX.wav,neutral_0472.png,neutral,train
1057_IOM_FEA_XX.wav,fear_0473.png,fear,train
1007_DFA_DIS_XX.wav,disgust_0474.png,disgust,train
1029_DFA_FEA_XX.wav,fear_0475.png,fear,train
1021_WSI_FEA_XX.wav,fear_0476.png,fear,train
1038_ITS_FEA_XX.wav,fear_0477.png,fear,train
1043_TIE_ANG_XX.wav,angry_0478.png,angry,train
1042_WSI_FEA_XX.wav,fear_0479.png,fear,train
1061_MTI_ANG_XX.wav,angry_0480.png,angry,train
1029_TSI_FEA_XX.wav,fear_0481.png,fear,train
1009_IOM_ANG_XX.wav,angry_0482.png,angry,train
1091_IEO_HAP_LO.wav,happy_0483.png,happy,train
1050_MTI_NEU_XX.wav,neutral_0484.png,neutral,train
1066_DFA_DIS_XX.wav,disgust_0485.png,disgust,train
1024_IEO_FEA_HI.wav,fear_0486.png,fear,train
1046_IEO_FEA_MD.wav,fear_0487.png,fear,train
1022_IWL_FEA_XX.wav,fear_0488.png,fear,train
1038_IEO_DIS_LO.wav,disgust_0489.png,disgust,train
1052_DFA_HAP_XX.wav,happy_0490.png,happy,train
1067_IWW_NEU_XX.wav,neutral_0491.png,neutral,train
1075_TIE_HAP_XX.wav,happy_0492.png,happy,train
1049_IWW_NEU_XX.wav,neutral_0493.png,neutral,train
1083_ITH_DIS_XX.wav,disgust_0494.png,disgust,train
1013_TIE_NEU_XX.wav,neutral_0495.png,neutral,train
1070_ITH_NEU_XX.wav,neutral_0496.png,neutral,train
1089_IEO_FEA_LO.wav,fear_0497.png,fear,train
1035_ITS_ANG_XX.wav,angry_0498.png,angry,train
1069_DFA_FEA_XX.wav,fear_0499.png,fear,train
1070_IWW_FEA_XX.wav,fear_0500.png,fear,train
1039_WSI_DIS_XX.wav,disgust_0501.png,disgust,train
1012_IEO_DIS_LO.wav,disgust_0502.png,disgust,train
1064_MTI_ANG_XX.wav,angry_0503.png,angry,train
1090_ITH_DIS_XX.wav,disgust_0504.png,disgust,train
1042_TIE_ANG_XX.wav,angry_0505.png,angry,train
1077_DFA_ANG_XX.wav,angry_0506.png,angry,train
1004_IOM_NEU_XX.wav,neutral_0507.png,neutral,train
1035_TIE_HAP_XX.wav,happy_0508.png,happy,train
1044_TSI_NEU_XX.wav,neutral_0509.png,neutral,train
1040_DFA_NEU_XX.wav,neutral_0510.png,neutral,train
1052_IEO_SAD_LO.wav,sad_0511.png,sad,train
1050_WSI_HAP_XX.wav,happy_0512.png,happy,train
1021_IEO_ANG_HI.wav,angry_0513.png,angry,train
1028_TSI_SAD_XX.wav,sad_0514.png,sad,train
1067_TAI_FEA_XX.wav,fear_0515.png,fear,train
1006_MTI_FEA_XX.wav,fear_0516.png,fear,train
1057_IEO_SAD_MD.wav,sad_0517.png,sad,train
1086_TSI_SAD_XX.wav,sad_0518.png,sad,train
1046_ITH_NEU_XX.wav,neutral_0519.png,neutral,train
1087_DFA_HAP_XX.wav,happy_0520.png,happy,train
1079_TIE_FEA_XX.wav,fear_0521.png,fear,train
1090_ITS_ANG_XX.wav,angry_0522.png,angry,train
1028_DFA_HAP_XX.wav,happy_0523.png,happy,train
1046_IEO_ANG_HI.wav,angry_0524.png,angry,train
1007_IWW_HAP_XX.wav,happy_0525.png,happy,train
1006_WSI_ANG_XX.wav,angry_0526.png,angry,train
1088_ITH_FEA_XX.wav,fear_0527.png,fear,train
1068_TIE_ANG_XX.wav,angry_0528.png,angry,train
1045_DFA_FEA_XX.wav,fear_0529.png,fear,train
1060_WSI_SAD_XX.wav,sad_0530.png,sad,train
1045_IOM_SAD_XX.wav,sad_0531.png,sad,train
1067_MTI_DIS_XX.wav,disgust_0532.png,disgust,train
1053_MTI_HAP_XX.wav,happy_0533.png,happy,train
1059_TSI_NEU_XX.wav,neutral_0534.png,neutral,train
1013_IWW_NEU_XX.wav,neutral_0535.png,neutral,train
1040_TSI_ANG_XX.wav,angry_0536.png,angry,train
1011_IEO_HAP_MD.wav,happy_0537.png,happy,train
1089_DFA_NEU_XX.wav,neutral_0538.png,neutral,train
1053_TIE_HAP_XX.wav,happy_0539.png,happy,train
1042_IEO_HAP_LO.wav,happy_0540.png,happy,train
1048_TAI_DIS_XX.wav,disgust_0541.png,disgust,train
1014_TAI_HAP_XX.wav,happy_0542.png,happy,train
1066_MTI_DIS_XX.wav,disgust_0543.png,disgust,train
1074_TAI_FEA_XX.wav,fear_0544.png,fear,train
1027_IEO_ANG_HI.wav,angry_0545.png,angry,train
1071_IEO_FEA_HI.wav,fear_0546.png,fear,train
1030_IOM_DIS_XX.wav,disgust_0547.png,disgust,train
1072_ITH_HAP_XX.wav,happy_0548.png,happy,train
1005_MTI_ANG_XX.wav,angry_0549.png,angry,train
1009_ITS_SAD_XX.wav,sad_0550.png,sad,train
1032_TSI_SAD_XX.wav,sad_0551.png,sad,train
1068_ITS_HAP_XX.wav,happy_0552.png,happy,train
1036_TSI_SAD_XX.wav,sad_0553.png,sad,train
1061_IWL_FEA_XX.wav,fear_0554.png,fear,train
1020_TIE_SAD_XX.wav,sad_0555.png,sad,train
1051_IOM_FEA_XX.wav,fear_0556.png,fear,train
1015_MTI_DIS_XX.wav,disgust_0557.png,disgust,train
1066_IEO_ANG_MD.wav,angry_0558.png,angry,train
1006_TIE_ANG_XX.wav,angry_0559.png,angry,train
1040_DFA_DIS_XX.wav,disgust_0560.png,disgust,train
1057_DFA_SAD_XX.wav,sad_0561.png,sad,train
1067_TIE_DIS_XX.wav,disgust_0562.png,disgust,train
1083_TAI_HAP_XX.wav,happy_0563.png,happy,train
1038_DFA_NEU_XX.wav,neutral_0564.png,neutral,train
1068_IWL_NEU_XX.wav,neutral_0565.png,neutral,train
1060_TSI_FEA_XX.wav,fear_0566.png,fear,train
1004_IEO_HAP_HI.wav,happy_0567.png,happy,train
1081_DFA_NEU_XX.wav,neutral_0568.png,neutral,train
1039_IWL_FEA_XX.wav,fear_0569.png,fear,train
1034_ITH_FEA_XX.wav,fear_0570.png,fear,train
1046_TAI_ANG_XX.wav,angry_0571.png,angry,train
1008_IEO_DIS_LO.wav,disgust_0572.png,disgust,train
1072_IWL_FEA_XX.wav,fear_0573.png,fear,train
1063_DFA_HAP_XX.wav,happy_0574.png,happy,train
1088_IOM_NEU_XX.wav,neutral_0575.png,neutral,train
1062_IWW_NEU_XX.wav,neutral_0576.png,neutral,train
1030_MTI_HAP_XX.wav,happy_0577.png,happy,train
1005_IWW_SAD_XX.wav,sad_0578.png,sad,train
1065_IOM_HAP_XX.wav,happy_0579.png,happy,train
1053_IEO_FEA_LO.wav,fear_0580.png,fear,train
1057_ITS_FEA_XX.wav,fear_0581.png,fear,train
1024_MTI_HAP_XX.wav,happy_0582.png,happy,train
1082_MTI_SAD_XX.wav,sad_0583.png,sad,train
1067_ITS_DIS_XX.wav,disgust_0584.png,disgust,train
1087_IEO_SAD_HI.wav,sad_0585.png,sad,train
1056_DFA_HAP_XX.wav,happy_0586.png,happy,train
1034_TIE_ANG_XX.wav,angry_0587.png,angry,train
1026_WSI_NEU_XX.wav,neutral_0588.png,neutral,train
1040_ITS_NEU_XX.wav,neutral_0589.png,neutral,train
1022_IWL_NEU_XX.wav,neutral_0590.png,neutral,train
1067_TSI_NEU_XX.wav,neutral_0591.png,neutral,train
1050_DFA_HAP_XX.wav,happy_0592.png,happy,train
1039_MTI_FEA_XX.wav,fear_0593.png,fear,train
1084_IEO_NEU_XX.wav,neutral_0594.png,neutral,train
1048_IOM_HAP_XX.wav,happy_0595.png,happy,train
1069_WSI_ANG_XX.wav,angry_0596.png,angry,train
1028_TAI_HAP_XX.wav,happy_0597.png,happy,train
1008_TIE_ANG_XX.wav,angry_0598.png,angry,train
1025_MTI_ANG_XX.wav,angry_0599.png,angry,train
1015_IEO_DIS_MD.wav,disgust_0600.png,disgust,train
1028_IOM_SAD_XX.wav,sad_0601.png,sad,train
1072_TIE_FEA_XX.wav,fear_0602.png,fear,train
1052_WSI_HAP_XX.wav,happy_0603.png,happy,train
1006_ITS_FEA_XX.wav,fear_0604.png,fear,train
1065_DFA_FEA_XX.wav,fear_0605.png,fear,train
1013_ITS_FEA_XX.wav,fear_0606.png,fear,train
1039_TAI_ANG_XX.wav,angry_0607.png,angry,train
1043_TIE_NEU_XX.wav,neutral_0608.png,neutral,train
1066_TSI_NEU_XX.wav,neutral_0609.png,neutral,train
1076_IOM_DIS_XX.wav,disgust_0610.png,disgust,train
1023_DFA_DIS_XX.wav,disgust_0611.png,disgust,train
1047_WSI_ANG_XX.wav,angry_0612.png,angry,train
1015_TAI_HAP_XX.wav,happy_0613.png,happy,train
1091_DFA_HAP_XX.wav,happy_0614.png,happy,train
1073_WSI_DIS_XX.wav,disgust_0615.png,disgust,train
1078_IEO_DIS_MD.wav,disgust_0616.png,disgust,train
1057_IWW_FEA_XX.wav,fear_0617.png,fear,train
1048_IEO_DIS_HI.wav,disgust_0618.png,disgust,train
1087_IEO_NEU_XX.wav,neutral_0619.png,neutral,train
1053_IEO_ANG_LO.wav,angry_0620.png,angry,train
1018_IOM_NEU_XX.wav,neutral_0621.png,neutral,train
1083_IEO_DIS_MD.wav,disgust_0622.png,disgust,train
1030_MTI_ANG_XX.wav,angry_0623.png,angry,train
1066_DFA_ANG_XX.wav,angry_0624.png,angry,train
1021_TAI_SAD_XX.wav,sad_0625.png,sad,train
1045_IOM_ANG_XX.wav,angry_0626.png,angry,train
1001_IWL_HAP_XX.wav,happy_0627.png,happy,train
1062_MTI_DIS_XX.wav,disgust_0628.png,disgust,train
1012_DFA_NEU_XX.wav,neutral_0629.png,neutral,train
1004_WSI_HAP_XX.wav,happy_0630.png,happy,train
1020_IWL_FEA_XX.wav,fear_0631.png,fear,train
1055_IEO_DIS_LO.wav,disgust_0632.png,disgust,train
1076_ITH_HAP_XX.wav,happy_0633.png,happy,train
1024_IOM_ANG_XX.wav,angry_0634.png,angry,train
1045_IWL_SAD_XX.wav,sad_0635.png,sad,train
1036_TIE_DIS_XX.wav,disgust_0636.png,disgust,train
1057_IOM_HAP_XX.wav,happy_0637.png,happy,train
1040_ITH_FEA_XX.wav,fear_0638.png,fear,train
1079_IWW_DIS_XX.wav,disgust_0639.png,disgust,train
1078_IWW_SAD_XX.wav,sad_0640.png,sad,train
1043_DFA_SAD_XX.wav,sad_0641.png,sad,train
1007_IOM_HAP_XX.wav,happy_0642.png,happy,train
1006_MTI_DIS_XX.wav,disgust_0643.png,disgust,train
1071_IEO_FEA_LO.wav,fear_0644.png,fear,train
1056_IEO_ANG_MD.wav,angry_0645.png,angry,train
1083_IEO_FEA_MD.wav,fear_0646.png,fear,train
1033_IWL_SAD_XX.wav,sad_0647.png,sad,train
1087_IEO_HAP_LO.wav,happy_0648.png,happy,train
1027_IEO_HAP_LO.wav,happy_0649.png,happy,train
1025_TAI_HAP_XX.wav,happy_0650.png,happy,train
1007_TAI_SAD_XX.wav,sad_0651.png,sad,train
1081_ITH_FEA_XX.wav,fear_0652.png,fear,train
1027_TSI_SAD_XX.wav,sad_0653.png,sad,train
1085_IWL_SAD_XX.wav,sad_0654.png,sad,train
1043_ITH_HAP_XX.wav,happy_0655.png,happy,train
1038_IOM_HAP_XX.wav,happy_0656.png,happy,train
1052_IWL_SAD_XX.wav,sad_0657.png,sad,train
1089_TIE_SAD_XX.wav,sad_0658.png,sad,train
1018_DFA_DIS_XX.wav,disgust_0659.png,disgust,train
1017_WSI_ANG_XX.wav,angry_0660.png,angry,train
1006_IEO_HAP_HI.wav,happy_0661.png,happy,train
1074_TAI_NEU_XX.wav,neutral_0662.png,neutral,train
1075_ITS_HAP_XX.wav,happy_0663.png,happy,train
1075_IWL_SAD_XX.wav,sad_0664.png,sad,train
1019_IWW_DIS_XX.wav,disgust_0665.png,disgust,train
1013_IWL_DIS_XX.wav,disgust_0666.png,disgust,train
1073_DFA_NEU_XX.wav,neutral_0667.png,neutral,train
1050_TSI_DIS_XX.wav,disgust_0668.png,disgust,train
1035_IEO_FEA_MD.wav,fear_0669.png,fear,train
1057_WSI_FEA_XX.wav,fear_0670.png,fear,train
1046_IEO_ANG_MD.wav,angry_0671.png,angry,train
1066_ITH_DIS_XX.wav,disgust_0672.png,disgust,train
1034_DFA_SAD_XX.wav,sad_0673.png,sad,train
1076_IEO_HAP_MD.wav,happy_0674.png,happy,train
1043_DFA_ANG_XX.wav,angry_0675.png,angry,train
1027_IEO_SAD_LO.wav,sad_0676.png,sad,train
1027_IWW_ANG_XX.wav,angry_0677.png,angry,train
1034_IOM_NEU_XX.wav,neutral_0678.png,neutral,train
1006_IEO_FEA_HI.wav,fear_0679.png,fear,train
1070_ITS_SAD_XX.wav,sad_0680.png,sad,train
1023_TSI_HAP_XX.wav,happy_0681.png,happy,train
1083_DFA_HAP_XX.wav,happy_0682.png,happy,train
1002_MTI_ANG_XX.wav,angry_0683.png,angry,train
1012_TIE_DIS_XX.wav,disgust_0684.png,disgust,train
1054_ITH_HAP_XX.wav,happy_0685.png,happy,train
1074_IWW_ANG_XX.wav,angry_0686.png,angry,train
1081_IWL_DIS_XX.wav,disgust_0687.png,disgust,train
1006_MTI_NEU_XX.wav,neutral_0688.png,neutral,train
1078_ITH_NEU_XX.wav,neutral_0689.png,neutral,train
1061_TAI_ANG_XX.wav,angry_0690.png,angry,train
1047_MTI_DIS_XX.wav,disgust_0691.png,disgust,train
1087_TSI_SAD_XX.wav,sad_0692.png,sad,train
1056_IEO_FEA_HI.wav,fear_0693.png,fear,train
1052_TSI_DIS_XX.wav,disgust_0694.png,disgust,train
1045_ITH_DIS_XX.wav,disgust_0695.png,disgust,train
1036_TAI_DIS_XX.wav,disgust_0696.png,disgust,train
1048_MTI_DIS_XX.wav,disgust_0697.png,disgust,train
1088_TAI_SAD_XX.wav,sad_0698.png,sad,train
1054_TSI_SAD_XX.wav,sad_0699.png,sad,train
1073_ITS_HAP_XX.wav,happy_0700.png,happy,train
1072_TIE_DIS_XX.wav,disgust_0701.png,disgust,train
1089_ITS_HAP_XX.wav,happy_0702.png,happy,train
1085_WSI_SAD_XX.wav,sad_0703.png,sad,train
1072_MTI_SAD_XX.wav,sad_0704.png,sad,train
1046_IEO_HAP_MD.wav,happy_0705.png,happy,train
1066_TIE_ANG_XX.wav,angry_0706.png,angry,train
1017_ITH_DIS_XX.wav,disgust_0707.png,disgust,train
1029_WSI_DIS_XX.wav,disgust_0708.png,disgust,train
1005_TSI_HAP_XX.wav,happy_0709.png,happy,train
1034_TAI_HAP_XX.wav,happy_0710.png,happy,train
1051_ITS_NEU_XX.wav,neutral_0711.png,neutral,train
1026_IEO_SAD_LO.wav,sad_0712.png,sad,train
1040_IEO_ANG_LO.wav,angry_0713.png,angry,train
1046_IEO_FEA_LO.wav,fear_0714.png,fear,train
1090_TIE_FEA_XX.wav,fear_0715.png,fear,train
1040_TIE_DIS_XX.wav,disgust_0716.png,disgust,train
1042_IOM_SAD_XX.wav,sad_0717.png,sad,train
1012_IEO_SAD_MD.wav,sad_0718.png,sad,train
1036_IEO_HAP_LO.wav,happy_0719.png,happy,train
1028_WSI_NEU_XX.wav,neutral_0720.png,neutral,train
1085_IWL_DIS_XX.wav,disgust_0721.png,disgust,train
1037_ITH_HAP_XX.wav,happy_0722.png,happy,train
1071_IEO_ANG_LO.wav,angry_0723.png,angry,train
1035_TSI_SAD_XX.wav,sad_0724.png,sad,train
1066_IEO_FEA_HI.wav,fear_0725.png,fear,train
1013_IEO_FEA_LO.wav,fear_0726.png,fear,train
1065_IEO_SAD_MD.wav,sad_0727.png,sad,train
1038_IEO_FEA_MD.wav,fear_0728.png,fear,train
1021_IEO_FEA_MD.wav,fear_0729.png,fear,train
1081_ITH_HAP_XX.wav,happy_0730.png,happy,train
1061_IWL_SAD_XX.wav,sad_0731.png,sad,train
1016_TSI_DIS_XX.wav,disgust_0732.png,disgust,train
1067_IEO_HAP_HI.wav,happy_0733.png,happy,train
1009_IEO_FEA_LO.wav,fear_0734.png,fear,train
1017_ITS_ANG_XX.wav,angry_0735.png,angry,train
1065_DFA_HAP_XX.wav,happy_0736.png,happy,train
1038_IOM_DIS_XX.wav,disgust_0737.png,disgust,train
1016_WSI_NEU_XX.wav,neutral_0738.png,neutral,train
1039_DFA_FEA_XX.wav,fear_0739.png,fear,train
1089_TIE_DIS_XX.wav,disgust_0740.png,disgust,train
1047_IEO_ANG_MD.wav,angry_0741.png,angry,train
1003_TSI_SAD_XX.wav,sad_0742.png,sad,train
1078_TIE_NEU_XX.wav,neutral_0743.png,neutral,train
1066_IWW_DIS_XX.wav,disgust_0744.png,disgust,train
1065_IEO_DIS_MD.wav,disgust_0745.png,disgust,train
1048_IEO_SAD_MD.wav,sad_0746.png,sad,train
1032_TSI_HAP_XX.wav,happy_0747.png,happy,train
1016_TSI_NEU_XX.wav,neutral_0748.png,neutral,train
1014_ITH_FEA_XX.wav,fear_0749.png,fear,train
1016_IWL_NEU_XX.wav,neutral_0750.png,neutral,train
1050_TIE_ANG_XX.wav,angry_0751.png,angry,train
1048_DFA_ANG_XX.wav,angry_0752.png,angry,train
1038_IEO_ANG_LO.wav,angry_0753.png,angry,train
1069_DFA_SAD_XX.wav,sad_0754.png,sad,train
1039_WSI_ANG_XX.wav,angry_0755.png,angry,train
1014_IWW_ANG_XX.wav,angry_0756.png,angry,train
1020_TAI_ANG_XX.wav,angry_0757.png,angry,train
1065_DFA_NEU_XX.wav,neutral_0758.png,neutral,train
1090_ITH_FEA_XX.wav,fear_0759.png,fear,train
1020_IEO_DIS_MD.wav,disgust_0760.png,disgust,train
1061_IWW_NEU_XX.wav,neutral_0761.png,neutral,train
1065_ITS_HAP_XX.wav,happy_0762.png,happy,train
1048_TSI_ANG_XX.wav,angry_0763.png,angry,train
1089_IOM_NEU_XX.wav,neutral_0764.png,neutral,train
1007_IEO_ANG_HI.wav,angry_0765.png,angry,train
1084_IOM_DIS_XX.wav,disgust_0766.png,disgust,train
1081_IOM_NEU_XX.wav,neutral_0767.png,neutral,train
1070_ITS_NEU_XX.wav,neutral_0768.png,neutral,train
1076_TSI_HAP_XX.wav,happy_0769.png,happy,train
1016_IEO_HAP_HI.wav,happy_0770.png,happy,train
1012_IWW_DIS_XX.wav,disgust_0771.png,disgust,train
1049_WSI_DIS_XX.wav,disgust_0772.png,disgust,train
1039_IWL_DIS_XX.wav,disgust_0773.png,disgust,train
1012_ITS_HAP_XX.wav,happy_0774.png,happy,train
1074_TIE_ANG_XX.wav,angry_0775.png,angry,train
1042_IEO_FEA_LO.wav,fear_0776.png,fear,train
1032_IEO_HAP_MD.wav,happy_0777.png,happy,train
1086_ITS_FEA_XX.wav,fear_0778.png,fear,train
1056_TIE_NEU_XX.wav,neutral_0779.png,neutral,train
1091_ITH_SAD_XX.wav,sad_0780.png,sad,train
1039_IWW_NEU_XX.wav,neutral_0781.png,neutral,train
1052_DFA_NEU_XX.wav,neutral_0782.png,neutral,train
1021_ITS_NEU_XX.wav,neutral_0783.png,neutral,train
1081_MTI_ANG_XX.wav,angry_0784.png,angry,train
1065_ITH_ANG_XX.wav,angry_0785.png,angry,train
1032_ITH_NEU_XX.wav,neutral_0786.png,neutral,train
1050_ITS_ANG_XX.wav,angry_0787.png,angry,train
1051_IEO_FEA_HI.wav,fear_0788.png,fear,train
1032_IWW_ANG_XX.wav,angry_0789.png,angry,train
1024_IEO_ANG_LO.wav,angry_0790.png,angry,train
1090_IEO_SAD_LO.wav,sad_0791.png,sad,train
1026_DFA_NEU_XX.wav,neutral_0792.png,neutral,train
1017_DFA_ANG_XX.wav,angry_0793.png,angry,train
1010_IOM_SAD_XX.wav,sad_0794.png,sad,train
1003_IWL_DIS_XX.wav,disgust_0795.png,disgust,train
1088_TAI_DIS_XX.wav,disgust_0796.png,disgust,train
1071_TIE_NEU_XX.wav,neutral_0797.png,neutral,train
1062_TAI_NEU_XX.wav,neutral_0798.png,neutral,train
1017_TSI_SAD_XX.wav,sad_0799.png,sad,train
1018_MTI_SAD_XX.wav,sad_0800.png,sad,train
1074_DFA_SAD_XX.wav,sad_0801.png,sad,train
1019_MTI_HAP_XX.wav,happy_0802.png,happy,train
1017_DFA_DIS_XX.wav,disgust_0803.png,disgust,train
1009_IOM_FEA_XX.wav,fear_0804.png,fear,train
1059_IEO_HAP_HI.wav,happy_0805.png,happy,train
1047_ITS_DIS_XX.wav,disgust_0806.png,disgust,train
1043_IEO_FEA_MD.wav,fear_0807.png,fear,train
1025_IEO_SAD_HI.wav,sad_0808.png,sad,train
1044_DFA_HAP_XX.wav,happy_0809.png,happy,train
1030_DFA_NEU_XX.wav,neutral_0810.png,neutral,train
1009_ITH_NEU_XX.wav,neutral_0811.png,neutral,train
1045_IWW_FEA_XX.wav,fear_0812.png,fear,train
1061_MTI_DIS_XX.wav,disgust_0813.png,disgust,train
1037_TAI_HAP_XX.wav,happy_0814.png,happy,train
1036_DFA_NEU_XX.wav,neutral_0815.png,neutral,train
1022_TSI_HAP_XX.wav,happy_0816.png,happy,train
1091_MTI_SAD_XX.wav,sad_0817.png,sad,train
1076_IWW_ANG_XX.wav,angry_0818.png,angry,train
1007_ITS_ANG_XX.wav,angry_0819.png,angry,train
1055_DFA_NEU_XX.wav,neutral_0820.png,neutral,train
1031_IEO_FEA_HI.wav,fear_0821.png,fear,train
1087_MTI_DIS_XX.wav,disgust_0822.png,disgust,train
1052_TIE_FEA_XX.wav,fear_0823.png,fear,train
1035_WSI_DIS_XX.wav,disgust_0824.png,disgust,train
1065_TAI_ANG_XX.wav,angry_0825.png,angry,train
1070_IEO_HAP_LO.wav,happy_0826.png,happy,train
1029_TSI_HAP_XX.wav,happy_0827.png,happy,train
1046_IWL_HAP_XX.wav,happy_0828.png,happy,train
1059_ITH_ANG_XX.wav,angry_0829.png,angry,train
1063_IEO_FEA_HI.wav,fear_0830.png,fear,train
1030_WSI_FEA_XX.wav,fear_0831.png,fear,train
1061_WSI_DIS_XX.wav,disgust_0832.png,disgust,train
1007_IEO_DIS_HI.wav,disgust_0833.png,disgust,train
1061_MTI_NEU_XX.wav,neutral_0834.png,neutral,train
1071_IEO_ANG_MD.wav,angry_0835.png,angry,train
1019_WSI_FEA_XX.wav,fear_0836.png,fear,train
1002_IOM_SAD_XX.wav,sad_0837.png,sad,train
1021_DFA_HAP_XX.wav,happy_0838.png,happy,train
1050_TAI_HAP_XX.wav,happy_0839.png,happy,train
1069_TSI_FEA_XX.wav,fear_0840.png,fear,train
1077_IEO_NEU_XX.wav,neutral_0841.png,neutral,train
1090_MTI_FEA_XX.wav,fear_0842.png,fear,train
1055_TIE_DIS_XX.wav,disgust_0843.png,disgust,train
1055_IEO_SAD_LO.wav,sad_0844.png,sad,train
1058_IEO_ANG_HI.wav,angry_0845.png,angry,train
1027_DFA_ANG_XX.wav,angry_0846.png,angry,train
1027_MTI_ANG_XX.wav,angry_0847.png,angry,train
1010_IEO_FEA_MD.wav,fear_0848.png,fear,train
1012_DFA_FEA_XX.wav,fear_0849.png,fear,train
1078_TAI_FEA_XX.wav,fear_0850.png,fear,train
1058_TSI_FEA_XX.wav,fear_0851.png,fear,train
1003_IWL_SAD_XX.wav,sad_0852.png,sad,train
1030_IWW_FEA_XX.wav,fear_0853.png,fear,train
1079_TAI_ANG_XX.wav,angry_0854.png,angry,train
1063_IOM_NEU_XX.wav,neutral_0855.png,neutral,train
1013_MTI_ANG_XX.wav,angry_0856.png,angry,train
1057_TAI_DIS_XX.wav,disgust_0857.png,disgust,train
1011_DFA_NEU_XX.wav,neutral_0858.png,neutral,train
1059_DFA_FEA_XX.wav,fear_0859.png,fear,train
1064_TAI_SAD_XX.wav,sad_0860.png,sad,train
1042_IWL_DIS_XX.wav,disgust_0861.png,disgust,train
1068_IEO_SAD_HI.wav,sad_0862.png,sad,train
1010_ITS_SAD_XX.wav,sad_0863.png,sad,train
1084_WSI_FEA_XX.wav,fear_0864.png,fear,train
1021_TSI_NEU_XX.wav,neutral_0865.png,neutral,train
1020_IEO_SAD_MD.wav,sad_0866.png,sad,train
1089_TAI_FEA_XX.wav,fear_0867.png,fear,train
1029_MTI_ANG_XX.wav,angry_0868.png,angry,train
1034_TSI_FEA_XX.wav,fear_0869.png,fear,train
1033_IWL_FEA_XX.wav,fear_0870.png,fear,train
1073_IOM_NEU_XX.wav,neutral_0871.png,neutral,train
1014_IWW_FEA_XX.wav,fear_0872.png,fear,train
1068_IEO_SAD_LO.wav,sad_0873.png,sad,train
1058_IWL_ANG_XX.wav,angry_0874.png,angry,train
1085_IEO_DIS_HI.wav,disgust_0875.png,disgust,train
1086_MTI_FEA_XX.wav,fear_0876.png,fear,train
1024_TAI_SAD_XX.wav,sad_0877.png,sad,train
1072_IOM_NEU_XX.wav,neutral_0878.png,neutral,train
1013_IOM_DIS_XX.wav,disgust_0879.png,disgust,train
1003_ITS_FEA_XX.wav,fear_0880.png,fear,train
1090_IOM_HAP_XX.wav,happy_0881.png,happy,train
1059_TIE_SAD_XX.wav,sad_0882.png,sad,train
1002_IEO_ANG_HI.wav,angry_0883.png,angry,train
1078_IWW_NEU_XX.wav,neutral_0884.png,neutral,train
1036_TIE_NEU_XX.wav,neutral_0885.png,neutral,train
1085_IEO_SAD_MD.wav,sad_0886.png,sad,train
1066_DFA_SAD_XX.wav,sad_0887.png,sad,train
1087_MTI_HAP_XX.wav,happy_0888.png,happy,train
1084_WSI_NEU_XX.wav,neutral_0889.png,neutral,train
1031_IEO_FEA_MD.wav,fear_0890.png,fear,train
1060_TAI_ANG_XX.wav,angry_0891.png,angry,train
1088_ITH_SAD_XX.wav,sad_0892.png,sad,train
1055_DFA_ANG_XX.wav,angry_0893.png,angry,train
1045_TAI_FEA_XX.wav,fear_0894.png,fear,train
1018_IEO_FEA_LO.wav,fear_0895.png,fear,train
1082_IEO_SAD_MD.wav,sad_0896.png,sad,train
1009_ITH_ANG_XX.wav,angry_0897.png,angry,train
1053_IWW_ANG_XX.wav,angry_0898.png,angry,train
1066_WSI_ANG_XX.wav,angry_0899.png,angry,train
1068_ITH_DIS_XX.wav,disgust_0900.png,disgust,train
1001_IWW_SAD_XX.wav,sad_0901.png,sad,train
1037_TIE_ANG_XX.wav,angry_0902.png,angry,train
1083_IEO_FEA_HI.wav,fear_0903.png,fear,train
1050_TSI_FEA_XX.wav,fear_0904.png,fear,train
1086_TIE_FEA_XX.wav,fear_0905.png,fear,train
1037_DFA_FEA_XX.wav,fear_0906.png,fear,train
1068_TIE_NEU_XX.wav,neutral_0907.png,neutral,train
1080_MTI_ANG_XX.wav,angry_0908.png,angry,train
1001_ITH_DIS_XX.wav,disgust_0909.png,disgust,train
1045_TSI_ANG_XX.wav,angry_0910.png,angry,train
1022_WSI_NEU_XX.wav,neutral_0911.png,neutral,train
1030_IEO_DIS_HI.wav,disgust_0912.png,disgust,train
1017_IOM_HAP_XX.wav,happy_0913.png,happy,train
1079_IEO_DIS_MD.wav,disgust_0914.png,disgust,train
1003_IWW_ANG_XX.wav,angry_0915.png,angry,train
1003_TSI_HAP_XX.wav,happy_0916.png,happy,train
1008_DFA_NEU_XX.wav,neutral_0917.png,neutral,train
1007_IOM_ANG_XX.wav,angry_0918.png,angry,train
1076_IEO_FEA_MD.wav,fear_0919.png,fear,train
1027_ITH_DIS_XX.wav,disgust_0920.png,disgust,train
1004_IOM_FEA_XX.wav,fear_0921.png,fear,train
1006_DFA_HAP_XX.wav,happy_0922.png,happy,train
1069_TAI_SAD_XX.wav,sad_0923.png,sad,train
1023_WSI_DIS_XX.wav,disgust_0924.png,disgust,train
1070_TAI_HAP_XX.wav,happy_0925.png,happy,train
1028_ITH_ANG_XX.wav,angry_0926.png,angry,train
1073_IEO_FEA_HI.wav,fear_0927.png,fear,train
1008_TIE_FEA_XX.wav,fear_0928.png,fear,train
1057_IEO_DIS_HI.wav,disgust_0929.png,disgust,train
1018_ITS_NEU_XX.wav,neutral_0930.png,neutral,train
1089_IWL_NEU_XX.wav,neutral_0931.png,neutral,train
1068_IOM_FEA_XX.wav,fear_0932.png,fear,train
1006_DFA_NEU_XX.wav,neutral_0933.png,neutral,train
1052_TSI_HAP_XX.wav,happy_0934.png,happy,train
1035_TAI_ANG_XX.wav,angry_0935.png,angry,train
1008_IEO_DIS_HI.wav,disgust_0936.png,disgust,train
1082_IOM_NEU_XX.wav,neutral_0937.png,neutral,train
1040_IOM_ANG_XX.wav,angry_0938.png,angry,train
1076_TIE_DIS_XX.wav,disgust_0939.png,disgust,train
1046_DFA_SAD_XX.wav,sad_0940.png,sad,train
1059_DFA_SAD_XX.wav,sad_0941.png,sad,train
1027_ITH_NEU_XX.wav,neutral_0942.png,neutral,train
1013_DFA_NEU_XX.wav,neutral_0943.png,neutral,train
1065_ITH_HAP_XX.wav,happy_0944.png,happy,train
1021_TAI_NEU_XX.wav,neutral_0945.png,neutral,train
1067_TIE_SAD_XX.wav,sad_0946.png,sad,train
1034_TAI_FEA_XX.wav,fear_0947.png,fear,train
1064_TAI_ANG_XX.wav,angry_0948.png,angry,train
1091_TSI_DIS_XX.wav,disgust_0949.png,disgust,train
1075_MTI_FEA_XX.wav,fear_0950.png,fear,train
1011_TIE_DIS_XX.wav,disgust_0951.png,disgust,train
1063_IWW_NEU_XX.wav,neutral_0952.png,neutral,train
1010_ITH_HAP_XX.wav,happy_0953.png,happy,train
1079_DFA_DIS_XX.wav,disgust_0954.png,disgust,train
1029_IOM_SAD_XX.wav,sad_0955.png,sad,train
1006_IWL_ANG_XX.wav,angry_0956.png,angry,train
1011_DFA_SAD_XX.wav,sad_0957.png,sad,train
1049_IEO_DIS_MD.wav,disgust_0958.png,disgust,train
1016_DFA_FEA_XX.wav,fear_0959.png,fear,train
1075_ITH_FEA_XX.wav,fear_0960.png,fear,train
1031_DFA_HAP_XX.wav,happy_0961.png,happy,train
1085_IEO_FEA_LO.wav,fear_0962.png,fear,train
1041_ITS_HAP_XX.wav,happy_0963.png,happy,train
1047_IWW_SAD_XX.wav,sad_0964.png,sad,train
1081_DFA_DIS_XX.wav,disgust_0965.png,disgust,train
1022_MTI_FEA_XX.wav,fear_0966.png,fear,train
1026_DFA_FEA_XX.wav,fear_0967.png,fear,train
1088_ITH_ANG_XX.wav,angry_0968.png,angry,train
1054_MTI_DIS_XX.wav,disgust_0969.png,disgust,train
1016_TAI_SAD_XX.wav,sad_0970.png,sad,train
1003_IWW_SAD_XX.wav,sad_0971.png,sad,train
1047_ITS_FEA_XX.wav,fear_0972.png,fear,train
1083_TSI_FEA_XX.wav,fear_0973.png,fear,train
1050_IEO_HAP_MD.wav,happy_0974.png,happy,train
1075_IOM_HAP_XX.wav,happy_0975.png,happy,train
1090_IWL_HAP_XX.wav,happy_0976.png,happy,train
1013_IEO_SAD_LO.wav,sad_0977.png,sad,train
1069_ITH_NEU_XX.wav,neutral_0978.png,neutral,train
1085_IWL_HAP_XX.wav,happy_0979.png,happy,train
1032_IOM_DIS_XX.wav,disgust_0980.png,disgust,train
1086_ITH_HAP_XX.wav,happy_0981.png,happy,train
1054_ITH_ANG_XX.wav,angry_0982.png,angry,train
1080_TAI_SAD_XX.wav,sad_0983.png,sad,train
1021_IWW_HAP_XX.wav,happy_0984.png,happy,train
1010_ITS_NEU_XX.wav,neutral_0985.png,neutral,train
1033_ITH_ANG_XX.wav,angry_0986.png,angry,train
1017_MTI_FEA_XX.wav,fear_0987.png,fear,train
1021_IEO_HAP_MD.wav,happy_0988.png,happy,train
1029_WSI_FEA_XX.wav,fear_0989.png,fear,train
1054_IWL_DIS_XX.wav,disgust_0990.png,disgust,train
1085_IEO_HAP_HI.wav,happy_0991.png,happy,train
1045_TAI_SAD_XX.wav,sad_0992.png,sad,train
1059_IEO_ANG_LO.wav,angry_0993.png,angry,train
1079_IEO_SAD_HI.wav,sad_0994.png,sad,train
1003_IEO_HAP_LO.wav,happy_0995.png,happy,train
1018_TSI_FEA_XX.wav,fear_0996.png,fear,train
1086_TIE_DIS_XX.wav,disgust_0997.png,disgust,train
1007_TSI_HAP_XX.wav,happy_0998.png,happy,train
1022_IWW_SAD_XX.wav,sad_0999.png,sad,train
1084_IWL_DIS_XX.wav,disgust_1000.png,disgust,train
1036_IOM_ANG_XX.wav,angry_1001.png,angry,train
1038_TAI_ANG_XX.wav,angry_1002.png,angry,train
1078_IOM_SAD_XX.wav,sad_1003.png,sad,train
1006_IEO_ANG_LO.wav,angry_1004.png,angry,train
1056_WSI_FEA_XX.wav,fear_1005.png,fear,train
1003_TIE_ANG_XX.wav,angry_1006.png,angry,train
1062_IWL_SAD_XX.wav,sad_1007.png,sad,train
1014_IWW_NEU_XX.wav,neutral_1008.png,neutral,train
1075_IOM_DIS_XX.wav,disgust_1009.png,disgust,train
1042_IEO_ANG_HI.wav,angry_1010.png,angry,train
1063_MTI_ANG_XX.wav,angry_1011.png,angry,train
1045_MTI_HAP_XX.wav,happy_1012.png,happy,train
1016_IEO_SAD_LO.wav,sad_1013.png,sad,train
1047_TIE_DIS_XX.wav,disgust_1014.png,disgust,train
1037_IEO_SAD_MD.wav,sad_1015.png,sad,train
1078_IEO_DIS_LO.wav,disgust_1016.png,disgust,train
1027_TAI_ANG_XX.wav,angry_1017.png,angry,train
1066_IEO_FEA_MD.wav,fear_1018.png,fear,train
1067_DFA_SAD_XX.wav,sad_1019.png,sad,train
1011_IEO_HAP_LO.wav,happy_1020.png,happy,train
1086_WSI_DIS_XX.wav,disgust_1021.png,disgust,train
1058_WSI_HAP_XX.wav,happy_1022.png,happy,train
1037_IEO_HAP_HI.wav,happy_1023.png,happy,train
1057_IOM_DIS_XX.wav,disgust_1024.png,disgust,train
1055_TSI_SAD_XX.wav,sad_1025.png,sad,train
1017_TSI_ANG_XX.wav,angry_1026.png,angry,train
1091_IWW_ANG_XX.wav,angry_1027.png,angry,train
1044_TAI_HAP_XX.wav,happy_1028.png,happy,train
1025_IEO_DIS_MD.wav,disgust_1029.png,disgust,train
1087_TIE_ANG_XX.wav,angry_1030.png,angry,train
1043_IEO_SAD_LO.wav,sad_1031.png,sad,train
1023_TAI_FEA_XX.wav,fear_1032.png,fear,train
1045_DFA_DIS_XX.wav,disgust_1033.png,disgust,train
1083_TSI_NEU_XX.wav,neutral_1034.png,neutral,train
1022_ITS_ANG_XX.wav,angry_1035.png,angry,train
1089_TIE_ANG_XX.wav,angry_1036.png,angry,train
1086_IWL_HAP_XX.wav,happy_1037.png,happy,train
1036_WSI_ANG_XX.wav,angry_1038.png,angry,train
1037_WSI_FEA_XX.wav,fear_1039.png,fear,train
1080_TAI_FEA_XX.wav,fear_1040.png,fear,train
1035_DFA_HAP_XX.wav,happy_1041.png,happy,train
1085_IWW_DIS_XX.wav,disgust_1042.png,disgust,train
1021_IEO_SAD_MD.wav,sad_1043.png,sad,train
1090_DFA_DIS_XX.wav,disgust_1044.png,disgust,train
1091_TAI_NEU_XX.wav,neutral_1045.png,neutral,train
1006_WSI_FEA_XX.wav,fear_1046.png,fear,train
1001_IEO_HAP_HI.wav,happy_1047.png,happy,train
1064_IOM_NEU_XX.wav,neutral_1048.png,neutral,train
1025_IWL_DIS_XX.wav,disgust_1049.png,disgust,train
1032_IEO_DIS_MD.wav,disgust_1050.png,disgust,train
1084_IOM_SAD_XX.wav,sad_1051.png,sad,train
1040_IWW_FEA_XX.wav,fear_1052.png,fear,train
1051_DFA_NEU_XX.wav,neutral_1053.png,neutral,train
1047_WSI_DIS_XX.wav,disgust_1054.png,disgust,train
1022_IEO_FEA_LO.wav,fear_1055.png,fear,train
1073_IEO_ANG_HI.wav,angry_1056.png,angry,train
1059_TAI_DIS_XX.wav,disgust_1057.png,disgust,train
1043_MTI_FEA_XX.wav,fear_1058.png,fear,train
1079_MTI_NEU_XX.wav,neutral_1059.png,neutral,train
1039_IWL_ANG_XX.wav,angry_1060.png,angry,train
1034_DFA_NEU_XX.wav,neutral_1061.png,neutral,train
1009_TSI_SAD_XX.wav,sad_1062.png,sad,train
1082_IEO_ANG_LO.wav,angry_1063.png,angry,train
1078_ITH_HAP_XX.wav,happy_1064.png,happy,train
1034_IEO_FEA_HI.wav,fear_1065.png,fear,train
1009_IWW_NEU_XX.wav,neutral_1066.png,neutral,train
1091_TIE_NEU_XX.wav,neutral_1067.png,neutral,train
1035_ITH_NEU_XX.wav,neutral_1068.png,neutral,train
1087_TSI_ANG_XX.wav,angry_1069.png,angry,train
1026_MTI_SAD_XX.wav,sad_1070.png,sad,train
1003_TSI_NEU_XX.wav,neutral_1071.png,neutral,train
1045_ITS_ANG_XX.wav,angry_1072.png,angry,train
1068_IEO_FEA_HI.wav,fear_1073.png,fear,train
1024_TIE_DIS_XX.wav,disgust_1074.png,disgust,train
1089_TAI_NEU_XX.wav,neutral_1075.png,neutral,train
1079_IWW_SAD_XX.wav,sad_1076.png,sad,train
1047_TAI_FEA_XX.wav,fear_1077.png,fear,train
1075_WSI_FEA_XX.wav,fear_1078.png,fear,train
1061_DFA_SAD_XX.wav,sad_1079.png,sad,train
1046_WSI_NEU_XX.wav,neutral_1080.png,neutral,train
1046_TIE_SAD_XX.wav,sad_1081.png,sad,train
1033_TIE_ANG_XX.wav,angry_1082.png,angry,train
1022_IOM_HAP_XX.wav,happy_1083.png,happy,train
1058_TIE_FEA_XX.wav,fear_1084.png,fear,train
1050_WSI_FEA_XX.wav,fear_1085.png,fear,train
1084_TIE_FEA_XX.wav,fear_1086.png,fear,train
1055_ITH_FEA_XX.wav,fear_1087.png,fear,train
1052_TSI_SAD_XX.wav,sad_1088.png,sad,train
1086_TAI_ANG_XX.wav,angry_1089.png,angry,train
1039_DFA_DIS_XX.wav,disgust_1090.png,disgust,train
1022_IOM_FEA_XX.wav,fear_1091.png,fear,train
1068_TAI_ANG_XX.wav,angry_1092.png,angry,train
1037_IEO_ANG_MD.wav,angry_1093.png,angry,train
1001_TAI_FEA_XX.wav,fear_1094.png,fear,train
1054_IWL_NEU_XX.wav,neutral_1095.png,neutral,train
1083_DFA_SAD_XX.wav,sad_1096.png,sad,train
1012_IWL_NEU_XX.wav,neutral_1097.png,neutral,train
1044_IEO_NEU_XX.wav,neutral_1098.png,neutral,train
1057_IEO_ANG_LO.wav,angry_1099.png,angry,train
1064_ITH_FEA_XX.wav,fear_1100.png,fear,train
1057_IOM_ANG_XX.wav,angry_1101.png,angry,train
1043_TSI_ANG_XX.wav,angry_1102.png,angry,train
1015_TSI_FEA_XX.wav,fear_1103.png,fear,train
1027_IOM_DIS_XX.wav,disgust_1104.png,disgust,train
1001_TSI_FEA_XX.wav,fear_1105.png,fear,train
1007_ITS_FEA_XX.wav,fear_1106.png,fear,train
1025_TIE_SAD_XX.wav,sad_1107.png,sad,train
1076_ITS_HAP_XX.wav,happy_1108.png,happy,train
1090_TSI_SAD_XX.wav,sad_1109.png,sad,train
1080_IWW_FEA_XX.wav,fear_1110.png,fear,train
1008_IWW_NEU_XX.wav,neutral_1111.png,neutral,train
1020_DFA_FEA_XX.wav,fear_1112.png,fear,train
1012_IEO_FEA_LO.wav,fear_1113.png,fear,train
1006_TIE_SAD_XX.wav,sad_1114.png,sad,train
1017_ITH_ANG_XX.wav,angry_1115.png,angry,train
1011_IWW_DIS_XX.wav,disgust_1116.png,disgust,train
1031_IEO_HAP_HI.wav,happy_1117.png,happy,train
1052_WSI_DIS_XX.wav,disgust_1118.png,disgust,train
1005_TIE_FEA_XX.wav,fear_1119.png,fear,train
1016_IWW_FEA_XX.wav,fear_1120.png,fear,train
1060_TIE_HAP_XX.wav,happy_1121.png,happy,train
1023_IEO_HAP_LO.wav,happy_1122.png,happy,train
1070_TIE_ANG_XX.wav,angry_1123.png,angry,train
1074_IEO_ANG_MD.wav,angry_1124.png,angry,train
1076_IEO_ANG_LO.wav,angry_1125.png,angry,train
1035_ITS_NEU_XX.wav,neutral_1126.png,neutral,train
1028_TSI_DIS_XX.wav,disgust_1127.png,disgust,train
1076_IOM_NEU_XX.wav,neutral_1128.png,neutral,train
1089_MTI_DIS_XX.wav,disgust_1129.png,disgust,train
1059_IEO_FEA_HI.wav,fear_1130.png,fear,train
1018_IOM_ANG_XX.wav,angry_1131.png,angry,train
1027_IWW_SAD_XX.wav,sad_1132.png,sad,train
1039_MTI_HAP_XX.wav,happy_1133.png,happy,train
1061_TAI_NEU_XX.wav,neutral_1134.png,neutral,train
1003_IOM_ANG_XX.wav,angry_1135.png,angry,train
1035_IWW_FEA_XX.wav,fear_1136.png,fear,train
1088_TIE_FEA_XX.wav,fear_1137.png,fear,train
1018_TSI_ANG_XX.wav,angry_1138.png,angry,train
1059_IOM_SAD_XX.wav,sad_1139.png,sad,train
1031_DFA_SAD_XX.wav,sad_1140.png,sad,train
1072_DFA_HAP_XX.wav,happy_1141.png,happy,train
1040_WSI_NEU_XX.wav,neutral_1142.png,neutral,train
1002_IEO_NEU_XX.wav,neutral_1143.png,neutral,train
1060_ITH_SAD_XX.wav,sad_1144.png,sad,train
1085_DFA_ANG_XX.wav,angry_1145.png,angry,train
1078_ITS_ANG_XX.wav,angry_1146.png,angry,train
1055_ITH_NEU_XX.wav,neutral_1147.png,neutral,train
1089_ITH_HAP_XX.wav,happy_1148.png,happy,train
1053_IEO_DIS_LO.wav,disgust_1149.png,disgust,train
1017_WSI_FEA_XX.wav,fear_1150.png,fear,train
1085_DFA_HAP_XX.wav,happy_1151.png,happy,train
1083_DFA_ANG_XX.wav,angry_1152.png,angry,train
1029_IEO_DIS_LO.wav,disgust_1153.png,disgust,train
1023_MTI_DIS_XX.wav,disgust_1154.png,disgust,train
1071_WSI_FEA_XX.wav,fear_1155.png,fear,train
1030_ITH_SAD_XX.wav,sad_1156.png,sad,train
1069_IOM_DIS_XX.wav,disgust_1157.png,disgust,train
1070_IWL_NEU_XX.wav,neutral_1158.png,neutral,train
1061_IOM_NEU_XX.wav,neutral_1159.png,neutral,train
1079_TAI_NEU_XX.wav,neutral_1160.png,neutral,train
1015_TIE_SAD_XX.wav,sad_1161.png,sad,train
1038_IEO_DIS_MD.wav,disgust_1162.png,disgust,train
1051_ITS_ANG_XX.wav,angry_1163.png,angry,train
1047_ITH_HAP_XX.wav,happy_1164.png,happy,train
1035_IWW_SAD_XX.wav,sad_1165.png,sad,train
1005_IEO_ANG_LO.wav,angry_1166.png,angry,train
1065_TAI_SAD_XX.wav,sad_1167.png,sad,train
1014_MTI_SAD_XX.wav,sad_1168.png,sad,train
1085_TIE_SAD_XX.wav,sad_1169.png,sad,train
1017_TAI_FEA_XX.wav,fear_1170.png,fear,train
1013_DFA_FEA_XX.wav,fear_1171.png,fear,train
1014_TAI_NEU_XX.wav,neutral_1172.png,neutral,train
1001_IEO_ANG_LO.wav,angry_1173.png,angry,train
1024_ITS_HAP_XX.wav,happy_1174.png,happy,train
1055_ITS_NEU_XX.wav,neutral_1175.png,neutral,train
1031_ITS_NEU_XX.wav,neutral_1176.png,neutral,train
1049_IOM_FEA_XX.wav,fear_1177.png,fear,train
1019_MTI_SAD_XX.wav,sad_1178.png,sad,train
1068_IWL_HAP_XX.wav,happy_1179.png,happy,train
1079_ITS_NEU_XX.wav,neutral_1180.png,neutral,train
1021_IWL_DIS_XX.wav,disgust_1181.png,disgust,train
1087_ITH_ANG_XX.wav,angry_1182.png,angry,train
1071_IEO_DIS_LO.wav,disgust_1183.png,disgust,train
1033_ITS_DIS_XX.wav,disgust_1184.png,disgust,train
1053_DFA_DIS_XX.wav,disgust_1185.png,disgust,train
1068_ITS_SAD_XX.wav,sad_1186.png,sad,train
1016_IOM_ANG_XX.wav,angry_1187.png,angry,train
1044_IOM_HAP_XX.wav,happy_1188.png,happy,train
1001_DFA_ANG_XX.wav,angry_1189.png,angry,train
1071_IEO_DIS_HI.wav,disgust_1190.png,disgust,train
1022_ITS_FEA_XX.wav,fear_1191.png,fear,train
1046_WSI_SAD_XX.wav,sad_1192.png,sad,train
1045_TIE_DIS_XX.wav,disgust_1193.png,disgust,train
1004_TAI_HAP_XX.wav,happy_1194.png,happy,train
1063_IOM_DIS_XX.wav,disgust_1195.png,disgust,train
1007_ITH_NEU_XX.wav,neutral_1196.png,neutral,train
1037_IWL_SAD_XX.wav,sad_1197.png,sad,train
1030_TAI_HAP_XX.wav,happy_1198.png,happy,train
1035_MTI_NEU_XX.wav,neutral_1199.png,neutral,train
1012_ITS_SAD_XX.wav,sad_1200.png,sad,train
1082_IWW_ANG_XX.wav,angry_1201.png,angry,train
1069_DFA_ANG_XX.wav,angry_1202.png,angry,train
1056_IEO_HAP_MD.wav,happy_1203.png,happy,train
1004_IWW_FEA_XX.wav,fear_1204.png,fear,train
1066_IWW_ANG_XX.wav,angry_1205.png,angry,train
1013_IEO_HAP_MD.wav,happy_1206.png,happy,train
1039_TAI_DIS_XX.wav,disgust_1207.png,disgust,train
1078_WSI_NEU_XX.wav,neutral_1208.png,neutral,train
1053_IOM_NEU_XX.wav,neutral_1209.png,neutral,train
1086_TAI_SAD_XX.wav,sad_1210.png,sad,train
1045_ITH_HAP_XX.wav,happy_1211.png,happy,train
1044_DFA_NEU_XX.wav,neutral_1212.png,neutral,train
1088_IEO_ANG_HI.wav,angry_1213.png,angry,train
1037_ITS_ANG_XX.wav,angry_1214.png,angry,train
1016_WSI_ANG_XX.wav,angry_1215.png,angry,train
1086_IEO_DIS_LO.wav,disgust_1216.png,disgust,train
1037_IEO_DIS_LO.wav,disgust_1217.png,disgust,train
1017_IEO_ANG_HI.wav,angry_1218.png,angry,train
1054_ITH_SAD_XX.wav,sad_1219.png,sad,train
1048_IWL_HAP_XX.wav,happy_1220.png,happy,train
1074_MTI_SAD_XX.wav,sad_1221.png,sad,train
1046_TAI_SAD_XX.wav,sad_1222.png,sad,train
1020_TIE_HAP_XX.wav,happy_1223.png,happy,train
1070_ITH_FEA_XX.wav,fear_1224.png,fear,train
1001_IEO_FEA_HI.wav,fear_1225.png,fear,train
1083_ITS_ANG_XX.wav,angry_1226.png,angry,train
1088_ITS_HAP_XX.wav,happy_1227.png,happy,train
1052_IWW_FEA_XX.wav,fear_1228.png,fear,train
1038_IWL_FEA_XX.wav,fear_1229.png,fear,train
1022_ITH_ANG_XX.wav,angry_1230.png,angry,train
1051_TAI_FEA_XX.wav,fear_1231.png,fear,train
1007_IEO_HAP_HI.wav,happy_1232.png,happy,train
1090_DFA_HAP_XX.wav,happy_1233.png,happy,train
1024_TIE_FEA_XX.wav,fear_1234.png,fear,train
1080_WSI_ANG_XX.wav,angry_1235.png,angry,train
1006_IWW_HAP_XX.wav,happy_1236.png,happy,train
1013_IWL_SAD_XX.wav,sad_1237.png,sad,train
1028_IWL_ANG_XX.wav,angry_1238.png,angry,train
1078_MTI_NEU_XX.wav,neutral_1239.png,neutral,train
1020_IOM_ANG_XX.wav,angry_1240.png,angry,train
1004_IEO_HAP_MD.wav,happy_1241.png,happy,train
1070_WSI_ANG_XX.wav,angry_1242.png,angry,train
1010_ITS_HAP_XX.wav,happy_1243.png,happy,train
1022_DFA_HAP_XX.wav,happy_1244.png,happy,train
1071_IEO_SAD_LO.wav,sad_1245.png,sad,train
1074_TSI_DIS_XX.wav,disgust_1246.png,disgust,train
1023_ITS_NEU_XX.wav,neutral_1247.png,neutral,train
1008_TAI_ANG_XX.wav,angry_1248.png,angry,train
1014_ITS_FEA_XX.wav,fear_1249.png,fear,train
1049_TIE_FEA_XX.wav,fear_1250.png,fear,train
1024_DFA_FEA_XX.wav,fear_1251.png,fear,train
1003_IEO_HAP_HI.wav,happy_1252.png,happy,train
1056_IWL_HAP_XX.wav,happy_1253.png,happy,train
1077_IEO_SAD_LO.wav,sad_1254.png,sad,train
1063_IEO_DIS_HI.wav,disgust_1255.png,disgust,train
1030_MTI_NEU_XX.wav,neutral_1256.png,neutral,train
1032_DFA_ANG_XX.wav,angry_1257.png,angry,train
1004_TAI_SAD_XX.wav,sad_1258.png,sad,train
1051_TAI_ANG_XX.wav,angry_1259.png,angry,train
1055_WSI_DIS_XX.wav,disgust_1260.png,disgust,train
1013_TIE_HAP_XX.wav,happy_1261.png,happy,train
1075_DFA_SAD_XX.wav,sad_1262.png,sad,train
1002_WSI_NEU_XX.wav,neutral_1263.png,neutral,train
1044_IWW_NEU_XX.wav,neutral_1264.png,neutral,train
1084_ITS_FEA_XX.wav,fear_1265.png,fear,train
1059_MTI_HAP_XX.wav,happy_1266.png,happy,train
1091_IEO_ANG_MD.wav,angry_1267.png,angry,train
1058_IOM_ANG_XX.wav,angry_1268.png,angry,train
1029_IOM_DIS_XX.wav,disgust_1269.png,disgust,train
1073_IEO_NEU_XX.wav,neutral_1270.png,neutral,train
1047_DFA_SAD_XX.wav,sad_1271.png,sad,train
1013_DFA_SAD_XX.wav,sad_1272.png,sad,train
1043_TSI_SAD_XX.wav,sad_1273.png,sad,train
1088_TIE_NEU_XX.wav,neutral_1274.png,neutral,train
1040_WSI_HAP_XX.wav,happy_1275.png,happy,train
1053_IEO_HAP_HI.wav,happy_1276.png,happy,train
1063_TSI_HAP_XX.wav,happy_1277.png,happy,train
1059_ITS_HAP_XX.wav,happy_1278.png,happy,train
1067_TAI_ANG_XX.wav,angry_1279.png,angry,train
1012_WSI_ANG_XX.wav,angry_1280.png,angry,train
1080_TSI_FEA_XX.wav,fear_1281.png,fear,train
1088_IEO_SAD_MD.wav,sad_1282.png,sad,train
1003_IEO_ANG_MD.wav,angry_1283.png,angry,train
1081_TSI_FEA_XX.wav,fear_1284.png,fear,train
1016_TAI_DIS_XX.wav,disgust_1285.png,disgust,train
1023_IWW_HAP_XX.wav,happy_1286.png,happy,train
1009_TSI_HAP_XX.wav,happy_1287.png,happy,train
1062_IWL_NEU_XX.wav,neutral_1288.png,neutral,train
1073_TIE_SAD_XX.wav,sad_1289.png,sad,train
1046_TAI_NEU_XX.wav,neutral_1290.png,neutral,train
1019_TIE_ANG_XX.wav,angry_1291.png,angry,train
1055_ITH_SAD_XX.wav,sad_1292.png,sad,train
1072_IWW_SAD_XX.wav,sad_1293.png,sad,train
1085_IOM_NEU_XX.wav,neutral_1294.png,neutral,train
1029_ITS_HAP_XX.wav,happy_1295.png,happy,train
1020_ITH_ANG_XX.wav,angry_1296.png,angry,train
1065_ITH_DIS_XX.wav,disgust_1297.png,disgust,train
1019_TSI_ANG_XX.wav,angry_1298.png,angry,train
1055_IOM_ANG_XX.wav,angry_1299.png,angry,train
1004_MTI_ANG_XX.wav,angry_1300.png,angry,train
1031_TIE_DIS_XX.wav,disgust_1301.png,disgust,train
1024_ITH_FEA_XX.wav,fear_1302.png,fear,train
1015_MTI_FEA_XX.wav,fear_1303.png,fear,train
1086_ITS_ANG_XX.wav,angry_1304.png,angry,train
1084_WSI_DIS_XX.wav,disgust_1305.png,disgust,train
1045_IOM_NEU_XX.wav,neutral_1306.png,neutral,train
1018_TSI_HAP_XX.wav,happy_1307.png,happy,train
1078_IWW_FEA_XX.wav,fear_1308.png,fear,train
1025_IEO_ANG_HI.wav,angry_1309.png,angry,train
1033_WSI_HAP_XX.wav,happy_1310.png,happy,train
1033_IWL_DIS_XX.wav,disgust_1311.png,disgust,train
1034_DFA_FEA_XX.wav,fear_1312.png,fear,train
1074_IOM_SAD_XX.wav,sad_1313.png,sad,train
1004_IEO_ANG_MD.wav,angry_1314.png,angry,train
1044_IEO_HAP_LO.wav,happy_1315.png,happy,train
1088_WSI_DIS_XX.wav,disgust_1316.png,disgust,train
1034_TAI_DIS_XX.wav,disgust_1317.png,disgust,train
1080_TAI_DIS_XX.wav,disgust_1318.png,disgust,train
1088_IEO_FEA_HI.wav,fear_1319.png,fear,train
1064_MTI_NEU_XX.wav,neutral_1320.png,neutral,train
1078_DFA_HAP_XX.wav,happy_1321.png,happy,train
1009_IWW_SAD_XX.wav,sad_1322.png,sad,train
1071_IOM_HAP_XX.wav,happy_1323.png,happy,train
1085_TAI_FEA_XX.wav,fear_1324.png,fear,train
1069_IWL_FEA_XX.wav,fear_1325.png,fear,train
1075_MTI_DIS_XX.wav,disgust_1326.png,disgust,train
1082_WSI_SAD_XX.wav,sad_1327.png,sad,train
1016_IEO_DIS_LO.wav,disgust_1328.png,disgust,train
1052_ITH_DIS_XX.wav,disgust_1329.png,disgust,train
1030_IEO_FEA_MD.wav,fear_1330.png,fear,train
1049_IEO_ANG_MD.wav,angry_1331.png,angry,train
1027_MTI_SAD_XX.wav,sad_1332.png,sad,train
1032_ITS_SAD_XX.wav,sad_1333.png,sad,train
1025_DFA_DIS_XX.wav,disgust_1334.png,disgust,train
1009_IEO_SAD_LO.wav,sad_1335.png,sad,train
1044_IEO_HAP_MD.wav,happy_1336.png,happy,train
1019_IEO_FEA_LO.wav,fear_1337.png,fear,train
1077_DFA_SAD_XX.wav,sad_1338.png,sad,train
1064_ITH_SAD_XX.wav,sad_1339.png,sad,train
1038_MTI_FEA_XX.wav,fear_1340.png,fear,train
1062_TAI_DIS_XX.wav,disgust_1341.png,disgust,train
1044_TIE_NEU_XX.wav,neutral_1342.png,neutral,train
1072_IWL_DIS_XX.wav,disgust_1343.png,disgust,train
1029_IEO_NEU_XX.wav,neutral_1344.png,neutral,train
1091_TSI_FEA_XX.wav,fear_1345.png,fear,train
1066_IEO_HAP_HI.wav,happy_1346.png,happy,train
1080_ITH_NEU_XX.wav,neutral_1347.png,neutral,train
1036_TAI_FEA_XX.wav,fear_1348.png,fear,train
1012_IOM_ANG_XX.wav,angry_1349.png,angry,train
1035_WSI_ANG_XX.wav,angry_1350.png,angry,train
1018_DFA_ANG_XX.wav,angry_1351.png,angry,train
1006_IEO_NEU_XX.wav,neutral_1352.png,neutral,train
1044_ITH_SAD_XX.wav,sad_1353.png,sad,train
1005_IEO_SAD_MD.wav,sad_1354.png,sad,train
1072_TIE_ANG_XX.wav,angry_1355.png,angry,train
1038_DFA_DIS_XX.wav,disgust_1356.png,disgust,train
1016_IEO_SAD_HI.wav,sad_1357.png,sad,train
1036_IOM_HAP_XX.wav,happy_1358.png,happy,train
1011_IOM_NEU_XX.wav,neutral_1359.png,neutral,train
1068_IEO_ANG_MD.wav,angry_1360.png,angry,train
1046_IEO_DIS_LO.wav,disgust_1361.png,disgust,train
1077_IWW_FEA_XX.wav,fear_1362.png,fear,train
1066_TSI_FEA_XX.wav,fear_1363.png,fear,train
1090_WSI_NEU_XX.wav,neutral_1364.png,neutral,train
1080_ITS_HAP_XX.wav,happy_1365.png,happy,train
1076_WSI_NEU_XX.wav,neutral_1366.png,neutral,train
1054_IWW_FEA_XX.wav,fear_1367.png,fear,train
1028_MTI_HAP_XX.wav,happy_1368.png,happy,train
1036_WSI_FEA_XX.wav,fear_1369.png,fear,train
1072_IEO_FEA_LO.wav,fear_1370.png,fear,train
1083_WSI_FEA_XX.wav,fear_1371.png,fear,train
1069_WSI_DIS_XX.wav,disgust_1372.png,disgust,train
1047_ITS_SAD_XX.wav,sad_1373.png,sad,train
1041_IOM_HAP_XX.wav,happy_1374.png,happy,train
1014_IEO_ANG_MD.wav,angry_1375.png,angry,train
1023_TIE_SAD_XX.wav,sad_1376.png,sad,train
1051_WSI_FEA_XX.wav,fear_1377.png,fear,train
1026_TIE_SAD_XX.wav,sad_1378.png,sad,train
1020_DFA_SAD_XX.wav,sad_1379.png,sad,train
1084_IEO_DIS_MD.wav,disgust_1380.png,disgust,train
1004_IEO_SAD_LO.wav,sad_1381.png,sad,train
1019_TAI_HAP_XX.wav,happy_1382.png,happy,train
1060_ITH_NEU_XX.wav,neutral_1383.png,neutral,train
1048_IEO_DIS_MD.wav,disgust_1384.png,disgust,train
1024_IWL_ANG_XX.wav,angry_1385.png,angry,train
1076_TIE_HAP_XX.wav,happy_1386.png,happy,train
1084_IWL_NEU_XX.wav,neutral_1387.png,neutral,train
1003_DFA_NEU_XX.wav,neutral_1388.png,neutral,train
1032_IEO_SAD_LO.wav,sad_1389.png,sad,train
1072_DFA_ANG_XX.wav,angry_1390.png,angry,train
1055_DFA_DIS_XX.wav,disgust_1391.png,disgust,train
1045_TAI_DIS_XX.wav,disgust_1392.png,disgust,train
1050_IEO_DIS_LO.wav,disgust_1393.png,disgust,train
1064_WSI_HAP_XX.wav,happy_1394.png,happy,train
1076_IEO_ANG_HI.wav,angry_1395.png,angry,train
1060_IEO_ANG_MD.wav,angry_1396.png,angry,train
1054_TSI_DIS_XX.wav,disgust_1397.png,disgust,train
1023_TAI_HAP_XX.wav,happy_1398.png,happy,train
1007_IEO_FEA_MD.wav,fear_1399.png,fear,train
1060_DFA_FEA_XX.wav,fear_1400.png,fear,train
1030_ITH_HAP_XX.wav,happy_1401.png,happy,train
1085_TSI_DIS_XX.wav,disgust_1402.png,disgust,train
1026_MTI_FEA_XX.wav,fear_1403.png,fear,train
1067_IOM_NEU_XX.wav,neutral_1404.png,neutral,train
1017_IEO_ANG_LO.wav,angry_1405.png,angry,train
1021_MTI_SAD_XX.wav,sad_1406.png,sad,train
1073_IWW_ANG_XX.wav,angry_1407.png,angry,train
1052_MTI_HAP_XX.wav,happy_1408.png,happy,train
1068_TSI_DIS_XX.wav,disgust_1409.png,disgust,train
1016_ITH_DIS_XX.wav,disgust_1410.png,disgust,train
1010_TIE_SAD_XX.wav,sad_1411.png,sad,train
1048_IEO_FEA_MD.wav,fear_1412.png,fear,train
1027_DFA_FEA_XX.wav,fear_1413.png,fear,train
1053_IEO_ANG_HI.wav,angry_1414.png,angry,train
1064_IWL_DIS_XX.wav,disgust_1415.png,disgust,train
1004_TIE_FEA_XX.wav,fear_1416.png,fear,train
1036_IEO_SAD_LO.wav,sad_1417.png,sad,train
1008_IWW_ANG_XX.wav,angry_1418.png,angry,train
1057_IOM_NEU_XX.wav,neutral_1419.png,neutral,train
1007_IEO_FEA_LO.wav,fear_1420.png,fear,train
1069_IEO_HAP_HI.wav,happy_1421.png,happy,train
1018_IOM_DIS_XX.wav,disgust_1422.png,disgust,train
1043_IWW_HAP_XX.wav,happy_1423.png,happy,train
1062_IEO_HAP_HI.wav,happy_1424.png,happy,train
1071_ITS_ANG_XX.wav,angry_1425.png,angry,train
1056_DFA_ANG_XX.wav,angry_1426.png,angry,train
1063_IWL_NEU_XX.wav,neutral_1427.png,neutral,train
1088_IOM_FEA_XX.wav,fear_1428.png,fear,train
1070_TIE_NEU_XX.wav,neutral_1429.png,neutral,train
1009_IWW_ANG_XX.wav,angry_1430.png,angry,train
1060_TAI_FEA_XX.wav,fear_1431.png,fear,train
1086_IEO_ANG_HI.wav,angry_1432.png,angry,train
1052_IWW_DIS_XX.wav,disgust_1433.png,disgust,train
1069_ITH_HAP_XX.wav,happy_1434.png,happy,train
1060_IEO_ANG_LO.wav,angry_1435.png,angry,train
1054_IEO_SAD_MD.wav,sad_1436.png,sad,train
1091_WSI_SAD_XX.wav,sad_1437.png,sad,train
1041_DFA_ANG_XX.wav,angry_1438.png,angry,train
1056_TSI_NEU_XX.wav,neutral_1439.png,neutral,train
1009_ITS_DIS_XX.wav,disgust_1440.png,disgust,train
1018_IOM_HAP_XX.wav,happy_1441.png,happy,train
1035_IOM_SAD_XX.wav,sad_1442.png,sad,train
1003_DFA_SAD_XX.wav,sad_1443.png,sad,train
1080_IWL_FEA_XX.wav,fear_1444.png,fear,train
1033_WSI_NEU_XX.wav,neutral_1445.png,neutral,train
1085_TSI_ANG_XX.wav,angry_1446.png,angry,train
1046_MTI_HAP_XX.wav,happy_1447.png,happy,train
1049_IOM_ANG_XX.wav,angry_1448.png,angry,train
1078_ITH_ANG_XX.wav,angry_1449.png,angry,train
1056_TSI_SAD_XX.wav,sad_1450.png,sad,train
1078_IOM_FEA_XX.wav,fear_1451.png,fear,train
1046_TIE_HAP_XX.wav,happy_1452.png,happy,train
1073_TAI_ANG_XX.wav,angry_1453.png,angry,train
1077_TIE_HAP_XX.wav,happy_1454.png,happy,train
1080_MTI_FEA_XX.wav,fear_1455.png,fear,train
1064_IEO_DIS_LO.wav,disgust_1456.png,disgust,train
1043_ITH_ANG_XX.wav,angry_1457.png,angry,train
1043_IWL_HAP_XX.wav,happy_1458.png,happy,train
1054_ITH_DIS_XX.wav,disgust_1459.png,disgust,train
1068_IOM_DIS_XX.wav,disgust_1460.png,disgust,train
1077_ITS_ANG_XX.wav,angry_1461.png,angry,train
1047_WSI_FEA_XX.wav,fear_1462.png,fear,train
1086_TAI_HAP_XX.wav,happy_1463.png,happy,train
1050_ITH_FEA_XX.wav,fear_1464.png,fear,train
1001_MTI_SAD_XX.wav,sad_1465.png,sad,train
1066_ITH_FEA_XX.wav,fear_1466.png,fear,train
1010_TSI_ANG_XX.wav,angry_1467.png,angry,train
1090_TAI_SAD_XX.wav,sad_1468.png,sad,train
1067_IEO_DIS_MD.wav,disgust_1469.png,disgust,train
1060_IWL_DIS_XX.wav,disgust_1470.png,disgust,train
1078_TIE_FEA_XX.wav,fear_1471.png,fear,train
1010_MTI_NEU_XX.wav,neutral_1472.png,neutral,train
1079_IWL_SAD_XX.wav,sad_1473.png,sad,train
1047_IWW_NEU_XX.wav,neutral_1474.png,neutral,train
1053_WSI_SAD_XX.wav,sad_1475.png,sad,train
1002_TIE_HAP_XX.wav,happy_1476.png,happy,train
1083_ITS_DIS_XX.wav,disgust_1477.png,disgust,train
1012_IEO_NEU_XX.wav,neutral_1478.png,neutral,train
1044_TSI_HAP_XX.wav,happy_1479.png,happy,train
1010_IOM_ANG_XX.wav,angry_1480.png,angry,train
1058_IEO_HAP_MD.wav,happy_1481.png,happy,train
1086_TSI_NEU_XX.wav,neutral_1482.png,neutral,train
1083_ITS_SAD_XX.wav,sad_1483.png,sad,train
1017_TIE_HAP_XX.wav,happy_1484.png,happy,train
1014_ITS_NEU_XX.wav,neutral_1485.png,neutral,train
1034_ITH_DIS_XX.wav,disgust_1486.png,disgust,train
1050_IEO_ANG_LO.wav,angry_1487.png,angry,train
1050_ITH_HAP_XX.wav,happy_1488.png,happy,train
1082_TIE_SAD_XX.wav,sad_1489.png,sad,train
1058_TAI_HAP_XX.wav,happy_1490.png,happy,train
1066_IEO_DIS_HI.wav,disgust_1491.png,disgust,train
1024_IEO_DIS_HI.wav,disgust_1492.png,disgust,train
1077_ITH_HAP_XX.wav,happy_1493.png,happy,train
1081_MTI_DIS_XX.wav,disgust_1494.png,disgust,train
1078_ITS_SAD_XX.wav,sad_1495.png,sad,train
1056_IWW_DIS_XX.wav,disgust_1496.png,disgust,train
1001_IOM_ANG_XX.wav,angry_1497.png,angry,train
1017_IEO_HAP_MD.wav,happy_1498.png,happy,train
1082_IWW_HAP_XX.wav,happy_1499.png,happy,train
1058_IEO_DIS_LO.wav,disgust_1500.png,disgust,train
1015_ITS_SAD_XX.wav,sad_1501.png,sad,train
1076_IWW_DIS_XX.wav,disgust_1502.png,disgust,train
1001_DFA_NEU_XX.wav,neutral_1503.png,neutral,train
1073_DFA_SAD_XX.wav,sad_1504.png,sad,train
1062_TIE_NEU_XX.wav,neutral_1505.png,neutral,train
1062_TIE_DIS_XX.wav,disgust_1506.png,disgust,train
1005_MTI_NEU_XX.wav,neutral_1507.png,neutral,train
1077_ITH_ANG_XX.wav,angry_1508.png,angry,train
1004_IEO_FEA_HI.wav,fear_1509.png,fear,train
1058_DFA_SAD_XX.wav,sad_1510.png,sad,train
1027_IEO_FEA_MD.wav,fear_1511.png,fear,train
1070_MTI_HAP_XX.wav,happy_1512.png,happy,train
1054_MTI_SAD_XX.wav,sad_1513.png,sad,train
1090_ITH_HAP_XX.wav,happy_1514.png,happy,train
1047_TAI_HAP_XX.wav,happy_1515.png,happy,train
1055_ITS_SAD_XX.wav,sad_1516.png,sad,train
1028_ITS_ANG_XX.wav,angry_1517.png,angry,train
1077_TSI_HAP_XX.wav,happy_1518.png,happy,train
1018_MTI_NEU_XX.wav,neutral_1519.png,neutral,train
1039_IOM_NEU_XX.wav,neutral_1520.png,neutral,train
1008_IWL_NEU_XX.wav,neutral_1521.png,neutral,train
1044_WSI_NEU_XX.wav,neutral_1522.png,neutral,train
1045_ITS_HAP_XX.wav,happy_1523.png,happy,train
1003_ITH_SAD_XX.wav,sad_1524.png,sad,train
1045_IWW_ANG_XX.wav,angry_1525.png,angry,train
1064_IEO_DIS_HI.wav,disgust_1526.png,disgust,train
1043_IEO_NEU_XX.wav,neutral_1527.png,neutral,train
1004_IOM_SAD_XX.wav,sad_1528.png,sad,train
1068_IEO_DIS_LO.wav,disgust_1529.png,disgust,train
1064_IEO_HAP_LO.wav,happy_1530.png,happy,train
1014_ITS_SAD_XX.wav,sad_1531.png,sad,train
1044_IEO_FEA_MD.wav,fear_1532.png,fear,train
1082_MTI_ANG_XX.wav,angry_1533.png,angry,train
1022_IEO_FEA_MD.wav,fear_1534.png,fear,train
1071_DFA_FEA_XX.wav,fear_1535.png,fear,train
1018_MTI_ANG_XX.wav,angry_1536.png,angry,train
1045_ITH_ANG_XX.wav,angry_1537.png,angry,train
1021_ITH_ANG_XX.wav,angry_1538.png,angry,train
1085_ITH_FEA_XX.wav,fear_1539.png,fear,train
1076_MTI_FEA_XX.wav,fear_1540.png,fear,train
1023_IEO_SAD_LO.wav,sad_1541.png,sad,train
1084_IWL_FEA_XX.wav,fear_1542.png,fear,train
1085_TSI_NEU_XX.wav,neutral_1543.png,neutral,train
1028_DFA_SAD_XX.wav,sad_1544.png,sad,train
1068_DFA_FEA_XX.wav,fear_1545.png,fear,train
1053_IEO_SAD_MD.wav,sad_1546.png,sad,train
1032_IEO_ANG_HI.wav,angry_1547.png,angry,train
1070_IOM_FEA_XX.wav,fear_1548.png,fear,train
1056_ITS_HAP_XX.wav,happy_1549.png,happy,train
1013_TAI_HAP_XX.wav,happy_1550.png,happy,train
1088_WSI_NEU_XX.wav,neutral_1551.png,neutral,train
1037_ITS_SAD_XX.wav,sad_1552.png,sad,train
1032_ITH_DIS_XX.wav,disgust_1553.png,disgust,train
1076_TSI_DIS_XX.wav,disgust_1554.png,disgust,train
1008_IOM_FEA_XX.wav,fear_1555.png,fear,train
1051_IEO_DIS_MD.wav,disgust_1556.png,disgust,train
1049_WSI_FEA_XX.wav,fear_1557.png,fear,train
1034_TSI_NEU_XX.wav,neutral_1558.png,neutral,train
1030_IWW_ANG_XX.wav,angry_1559.png,angry,train
1087_DFA_ANG_XX.wav,angry_1560.png,angry,train
1063_IEO_DIS_LO.wav,disgust_1561.png,disgust,train
1074_IWW_SAD_XX.wav,sad_1562.png,sad,train
1026_WSI_DIS_XX.wav,disgust_1563.png,disgust,train
1018_TIE_ANG_XX.wav,angry_1564.png,angry,train
1089_IEO_DIS_MD.wav,disgust_1565.png,disgust,train
1057_TSI_SAD_XX.wav,sad_1566.png,sad,train
1079_DFA_HAP_XX.wav,happy_1567.png,happy,train
1011_IWL_HAP_XX.wav,happy_1568.png,happy,train
1074_IWL_SAD_XX.wav,sad_1569.png,sad,train
1075_TSI_DIS_XX.wav,disgust_1570.png,disgust,train
1041_IEO_NEU_XX.wav,neutral_1571.png,neutral,train
1090_TAI_HAP_XX.wav,happy_1572.png,happy,train
1053_TSI_FEA_XX.wav,fear_1573.png,fear,train
1046_IWW_FEA_XX.wav,fear_1574.png,fear,train
1038_TAI_SAD_XX.wav,sad_1575.png,sad,train
1007_ITS_HAP_XX.wav,happy_1576.png,happy,train
1091_IEO_SAD_LO.wav,sad_1577.png,sad,train
1001_ITH_FEA_XX.wav,fear_1578.png,fear,train
1037_TAI_FEA_XX.wav,fear_1579.png,fear,train
1050_WSI_ANG_XX.wav,angry_1580.png,angry,train
1012_TAI_ANG_XX.wav,angry_1581.png,angry,train
1030_WSI_DIS_XX.wav,disgust_1582.png,disgust,train
1078_IEO_SAD_HI.wav,sad_1583.png,sad,train
1074_IEO_FEA_MD.wav,fear_1584.png,fear,train
1038_MTI_DIS_XX.wav,disgust_1585.png,disgust,train
1019_IWW_NEU_XX.wav,neutral_1586.png,neutral,train
1068_TSI_SAD_XX.wav,sad_1587.png,sad,train
1074_ITS_FEA_XX.wav,fear_1588.png,fear,train
1002_IEO_FEA_LO.wav,fear_1589.png,fear,train
1001_IEO_DIS_HI.wav,disgust_1590.png,disgust,train
1024_TAI_NEU_XX.wav,neutral_1591.png,neutral,train
1091_TAI_ANG_XX.wav,angry_1592.png,angry,train
1002_IEO_HAP_HI.wav,happy_1593.png,happy,train
1079_IWW_HAP_XX.wav,happy_1594.png,happy,train
1057_IEO_ANG_MD.wav,angry_1595.png,angry,train
1017_IEO_FEA_HI.wav,fear_1596.png,fear,train
1084_DFA_DIS_XX.wav,disgust_1597.png,disgust,train
1057_TIE_HAP_XX.wav,happy_1598.png,happy,train
1074_WSI_FEA_XX.wav,fear_1599.png,fear,train
1086_IWL_ANG_XX.wav,angry_1600.png,angry,train
1021_TAI_FEA_XX.wav,fear_1601.png,fear,train
1080_MTI_NEU_XX.wav,neutral_1602.png,neutral,train
1058_MTI_HAP_XX.wav,happy_1603.png,happy,train
1009_IEO_HAP_MD.wav,happy_1604.png,happy,train
1062_IWL_DIS_XX.wav,disgust_1605.png,disgust,train
1012_TIE_ANG_XX.wav,angry_1606.png,angry,train
1005_IOM_SAD_XX.wav,sad_1607.png,sad,train
1083_ITH_ANG_XX.wav,angry_1608.png,angry,train
1036_WSI_HAP_XX.wav,happy_1609.png,happy,train
1080_IOM_HAP_XX.wav,happy_1610.png,happy,train
1084_ITH_SAD_XX.wav,sad_1611.png,sad,train
1031_IOM_ANG_XX.wav,angry_1612.png,angry,train
1005_MTI_DIS_XX.wav,disgust_1613.png,disgust,train
1079_IOM_SAD_XX.wav,sad_1614.png,sad,train
1057_DFA_DIS_XX.wav,disgust_1615.png,disgust,train
1006_IEO_FEA_MD.wav,fear_1616.png,fear,train
1067_ITH_HAP_XX.wav,happy_1617.png,happy,train
1077_IEO_HAP_LO.wav,happy_1618.png,happy,train
1004_WSI_ANG_XX.wav,angry_1619.png,angry,train
1014_WSI_NEU_XX.wav,neutral_1620.png,neutral,train
1045_ITS_SAD_XX.wav,sad_1621.png,sad,train
1047_IWW_FEA_XX.wav,fear_1622.png,fear,train
1031_WSI_NEU_XX.wav,neutral_1623.png,neutral,train
1063_ITS_HAP_XX.wav,happy_1624.png,happy,train
1020_IWW_SAD_XX.wav,sad_1625.png,sad,train
1026_WSI_SAD_XX.wav,sad_1626.png,sad,train
1071_ITH_SAD_XX.wav,sad_1627.png,sad,train
1013_ITH_ANG_XX.wav,angry_1628.png,angry,train
1013_IWL_ANG_XX.wav,angry_1629.png,angry,train
1041_MTI_HAP_XX.wav,happy_1630.png,happy,train
1043_IEO_ANG_MD.wav,angry_1631.png,angry,train
1091_ITH_FEA_XX.wav,fear_1632.png,fear,train
1028_TSI_HAP_XX.wav,happy_1633.png,happy,train
1083_DFA_NEU_XX.wav,neutral_1634.png,neutral,train
1055_MTI_ANG_XX.wav,angry_1635.png,angry,train
1056_WSI_NEU_XX.wav,neutral_1636.png,neutral,train
1040_IEO_DIS_HI.wav,disgust_1637.png,disgust,train
1029_TIE_SAD_XX.wav,sad_1638.png,sad,train
1028_IEO_DIS_MD.wav,disgust_1639.png,disgust,train
1063_IEO_FEA_MD.wav,fear_1640.png,fear,train
1034_IEO_SAD_MD.wav,sad_1641.png,sad,train
1024_TSI_NEU_XX.wav,neutral_1642.png,neutral,train
1077_IEO_SAD_HI.wav,sad_1643.png,sad,train
1028_TAI_NEU_XX.wav,neutral_1644.png,neutral,train
1080_IEO_DIS_LO.wav,disgust_1645.png,disgust,train
1016_TSI_ANG_XX.wav,angry_1646.png,angry,train
1011_IEO_ANG_HI.wav,angry_1647.png,angry,train
1044_WSI_HAP_XX.wav,happy_1648.png,happy,train
1022_IEO_NEU_XX.wav,neutral_1649.png,neutral,train
1072_ITS_HAP_XX.wav,happy_1650.png,happy,train
1091_TIE_ANG_XX.wav,angry_1651.png,angry,train
1057_IWW_DIS_XX.wav,disgust_1652.png,disgust,train
1031_WSI_DIS_XX.wav,disgust_1653.png,disgust,train
1002_TAI_ANG_XX.wav,angry_1654.png,angry,train
1030_ITS_DIS_XX.wav,disgust_1655.png,disgust,train
1068_IWW_ANG_XX.wav,angry_1656.png,angry,train
1049_ITH_NEU_XX.wav,neutral_1657.png,neutral,train
1088_IWW_DIS_XX.wav,disgust_1658.png,disgust,train
1016_IOM_NEU_XX.wav,neutral_1659.png,neutral,train
1019_IOM_SAD_XX.wav,sad_1660.png,sad,train
1018_MTI_FEA_XX.wav,fear_1661.png,fear,train
1089_ITH_ANG_XX.wav,angry_1662.png,angry,train
1091_IOM_NEU_XX.wav,neutral_1663.png,neutral,train
1032_IEO_NEU_XX.wav,neutral_1664.png,neutral,train
1068_DFA_NEU_XX.wav,neutral_1665.png,neutral,train
1070_IOM_ANG_XX.wav,angry_1666.png,angry,train
1088_WSI_SAD_XX.wav,sad_1667.png,sad,train
1084_IEO_DIS_LO.wav,disgust_1668.png,disgust,train
1087_TAI_DIS_XX.wav,disgust_1669.png,disgust,train
1019_DFA_ANG_XX.wav,angry_1670.png,angry,train
1030_TSI_SAD_XX.wav,sad_1671.png,sad,train
1022_ITS_HAP_XX.wav,happy_1672.png,happy,train
1047_IEO_SAD_MD.wav,sad_1673.png,sad,train
1030_WSI_SAD_XX.wav,sad_1674.png,sad,train
1019_IWL_ANG_XX.wav,angry_1675.png,angry,train
1071_IWW_ANG_XX.wav,angry_1676.png,angry,train
1076_WSI_DIS_XX.wav,disgust_1677.png,disgust,train
1087_TAI_SAD_XX.wav,sad_1678.png,sad,train
1017_ITH_HAP_XX.wav,happy_1679.png,happy,train
1059_IEO_ANG_MD.wav,angry_1680.png,angry,train
1014_IOM_SAD_XX.wav,sad_1681.png,sad,train
1013_TSI_FEA_XX.wav,fear_1682.png,fear,train
1061_IOM_HAP_XX.wav,happy_1683.png,happy,train
1019_ITS_ANG_XX.wav,angry_1684.png,angry,train
1012_IEO_FEA_MD.wav,fear_1685.png,fear,train
1057_TAI_NEU_XX.wav,neutral_1686.png,neutral,train
1081_TSI_HAP_XX.wav,happy_1687.png,happy,train
1029_TAI_NEU_XX.wav,neutral_1688.png,neutral,train
1081_IWW_FEA_XX.wav,fear_1689.png,fear,train
1012_IEO_ANG_LO.wav,angry_1690.png,angry,train
1077_TIE_ANG_XX.wav,angry_1691.png,angry,train
1089_WSI_FEA_XX.wav,fear_1692.png,fear,train
1087_IEO_FEA_MD.wav,fear_1693.png,fear,train
1036_DFA_SAD_XX.wav,sad_1694.png,sad,train
1003_MTI_NEU_XX.wav,neutral_1695.png,neutral,train
1064_IOM_DIS_XX.wav,disgust_1696.png,disgust,train
1049_DFA_DIS_XX.wav,disgust_1697.png,disgust,train
1033_WSI_FEA_XX.wav,fear_1698.png,fear,train
1065_IWW_FEA_XX.wav,fear_1699.png,fear,train
1044_IWW_SAD_XX.wav,sad_1700.png,sad,train
1091_IWL_NEU_XX.wav,neutral_1701.png,neutral,train
1013_IEO_NEU_XX.wav,neutral_1702.png,neutral,train
1070_DFA_HAP_XX.wav,happy_1703.png,happy,train
1011_TAI_HAP_XX.wav,happy_1704.png,happy,train
1053_TAI_HAP_XX.wav,happy_1705.png,happy,train
1085_ITH_ANG_XX.wav,angry_1706.png,angry,train
1083_TIE_SAD_XX.wav,sad_1707.png,sad,train
1046_ITS_FEA_XX.wav,fear_1708.png,fear,train
1010_TAI_HAP_XX.wav,happy_1709.png,happy,train
1081_TIE_HAP_XX.wav,happy_1710.png,happy,train
1036_MTI_ANG_XX.wav,angry_1711.png,angry,train
1087_IEO_ANG_HI.wav,angry_1712.png,angry,train
1034_IEO_DIS_HI.wav,disgust_1713.png,disgust,train
1010_MTI_FEA_XX.wav,fear_1714.png,fear,train
1084_ITS_HAP_XX.wav,happy_1715.png,happy,train
1014_DFA_SAD_XX.wav,sad_1716.png,sad,train
1023_IEO_DIS_MD.wav,disgust_1717.png,disgust,train
1090_ITH_ANG_XX.wav,angry_1718.png,angry,train
1071_MTI_DIS_XX.wav,disgust_1719.png,disgust,train
1018_ITH_HAP_XX.wav,happy_1720.png,happy,train
1052_IWL_FEA_XX.wav,fear_1721.png,fear,train
1085_TAI_HAP_XX.wav,happy_1722.png,happy,train
1010_WSI_SAD_XX.wav,sad_1723.png,sad,train
1060_IOM_DIS_XX.wav,disgust_1724.png,disgust,train
1089_ITS_NEU_XX.wav,neutral_1725.png,neutral,train
1045_DFA_HAP_XX.wav,happy_1726.png,happy,train
1004_ITH_NEU_XX.wav,neutral_1727.png,neutral,train
1083_IOM_FEA_XX.wav,fear_1728.png,fear,train
1024_DFA_SAD_XX.wav,sad_1729.png,sad,train
1079_IEO_FEA_MD.wav,fear_1730.png,fear,train
1084_IEO_FEA_LO.wav,fear_1731.png,fear,train
1002_IEO_DIS_MD.wav,disgust_1732.png,disgust,train
1053_IEO_FEA_HI.wav,fear_1733.png,fear,train
1063_IWW_ANG_XX.wav,angry_1734.png,angry,train
1089_TSI_SAD_XX.wav,sad_1735.png,sad,train
1068_IEO_HAP_HI.wav,happy_1736.png,happy,train
1018_TIE_HAP_XX.wav,happy_1737.png,happy,train
1089_IWL_FEA_XX.wav,fear_1738.png,fear,train
1005_TAI_SAD_XX.wav,sad_1739.png,sad,train
1091_IEO_DIS_LO.wav,disgust_1740.png,disgust,train
1018_TSI_DIS_XX.wav,disgust_1741.png,disgust,train
1029_TAI_HAP_XX.wav,happy_1742.png,happy,train
1085_TIE_FEA_XX.wav,fear_1743.png,fear,train
1062_ITH_SAD_XX.wav,sad_1744.png,sad,train
1058_ITS_HAP_XX.wav,happy_1745.png,happy,train
1066_IWL_HAP_XX.wav,happy_1746.png,happy,train
1009_DFA_DIS_XX.wav,disgust_1747.png,disgust,train
1075_IEO_NEU_XX.wav,neutral_1748.png,neutral,train
1034_IEO_ANG_MD.wav,angry_1749.png,angry,train
1080_IWW_ANG_XX.wav,angry_1750.png,angry,train
1002_ITH_ANG_XX.wav,angry_1751.png,angry,train
1026_WSI_ANG_XX.wav,angry_1752.png,angry,train
1079_TIE_DIS_XX.wav,disgust_1753.png,disgust,train
1085_MTI_FEA_XX.wav,fear_1754.png,fear,train
1079_ITS_FEA_XX.wav,fear_1755.png,fear,train
1034_ITH_SAD_XX.wav,sad_1756.png,sad,train
1019_WSI_DIS_XX.wav,disgust_1757.png,disgust,train
1019_TSI_SAD_XX.wav,sad_1758.png,sad,train
1007_MTI_NEU_XX.wav,neutral_1759.png,neutral,train
1046_TSI_HAP_XX.wav,happy_1760.png,happy,train
1012_WSI_SAD_XX.wav,sad_1761.png,sad,train
1048_IWL_NEU_XX.wav,neutral_1762.png,neutral,train
1045_TAI_NEU_XX.wav,neutral_1763.png,neutral,train
1084_IEO_HAP_MD.wav,happy_1764.png,happy,train
1004_IWL_DIS_XX.wav,disgust_1765.png,disgust,train
1009_WSI_ANG_XX.wav,angry_1766.png,angry,train
1032_ITH_ANG_XX.wav,angry_1767.png,angry,train
1034_IWL_HAP_XX.wav,happy_1768.png,happy,train
1062_TSI_DIS_XX.wav,disgust_1769.png,disgust,train
1057_TSI_HAP_XX.wav,happy_1770.png,happy,train
1058_ITH_HAP_XX.wav,happy_1771.png,happy,train
1067_TSI_FEA_XX.wav,fear_1772.png,fear,train
1062_IEO_SAD_MD.wav,sad_1773.png,sad,train
1081_IWW_SAD_XX.wav,sad_1774.png,sad,train
1025_DFA_NEU_XX.wav,neutral_1775.png,neutral,train
1057_IEO_NEU_XX.wav,neutral_1776.png,neutral,train
1025_IEO_NEU_XX.wav,neutral_1777.png,neutral,train
1028_ITH_DIS_XX.wav,disgust_1778.png,disgust,train
1021_WSI_DIS_XX.wav,disgust_1779.png,disgust,train
1023_IOM_NEU_XX.wav,neutral_1780.png,neutral,train
1081_IWL_ANG_XX.wav,angry_1781.png,angry,train
1059_IWL_HAP_XX.wav,happy_1782.png,happy,train
1045_TSI_FEA_XX.wav,fear_1783.png,fear,train
1082_IWL_ANG_XX.wav,angry_1784.png,angry,train
1075_IEO_FEA_MD.wav,fear_1785.png,fear,train
1052_IEO_FEA_LO.wav,fear_1786.png,fear,train
1001_IEO_FEA_LO.wav,fear_1787.png,fear,train
1027_TSI_FEA_XX.wav,fear_1788.png,fear,train
1071_IWW_NEU_XX.wav,neutral_1789.png,neutral,train
1023_IWL_FEA_XX.wav,fear_1790.png,fear,train
1045_WSI_NEU_XX.wav,neutral_1791.png,neutral,train
1054_IWL_SAD_XX.wav,sad_1792.png,sad,train
1021_IEO_DIS_HI.wav,disgust_1793.png,disgust,train
1049_IWW_FEA_XX.wav,fear_1794.png,fear,train
1056_IOM_FEA_XX.wav,fear_1795.png,fear,train
1061_IEO_HAP_HI.wav,happy_1796.png,happy,train
1018_ITS_DIS_XX.wav,disgust_1797.png,disgust,train
1033_TSI_HAP_XX.wav,happy_1798.png,happy,train
1013_IOM_HAP_XX.wav,happy_1799.png,happy,train
1033_MTI_ANG_XX.wav,angry_1800.png,angry,train
1081_DFA_ANG_XX.wav,angry_1801.png,angry,train
1015_DFA_HAP_XX.wav,happy_1802.png,happy,train
1003_IEO_SAD_LO.wav,sad_1803.png,sad,train
1080_IWW_SAD_XX.wav,sad_1804.png,sad,train
1061_IWL_HAP_XX.wav,happy_1805.png,happy,train
1001_DFA_FEA_XX.wav,fear_1806.png,fear,train
1014_TIE_FEA_XX.wav,fear_1807.png,fear,train
1037_IOM_HAP_XX.wav,happy_1808.png,happy,train
1060_IEO_FEA_LO.wav,fear_1809.png,fear,train
1039_IOM_FEA_XX.wav,fear_1810.png,fear,train
1070_IOM_DIS_XX.wav,disgust_1811.png,disgust,train
1046_MTI_ANG_XX.wav,angry_1812.png,angry,train
1041_WSI_ANG_XX.wav,angry_1813.png,angry,train
1010_IWL_ANG_XX.wav,angry_1814.png,angry,train
1005_TSI_FEA_XX.wav,fear_1815.png,fear,train
1054_WSI_NEU_XX.wav,neutral_1816.png,neutral,train
1089_IEO_SAD_LO.wav,sad_1817.png,sad,train
1048_IWW_NEU_XX.wav,neutral_1818.png,neutral,train
1068_WSI_ANG_XX.wav,angry_1819.png,angry,train
1056_ITH_FEA_XX.wav,fear_1820.png,fear,train
1027_IWL_SAD_XX.wav,sad_1821.png,sad,train
1052_IWW_HAP_XX.wav,happy_1822.png,happy,train
1073_IOM_ANG_XX.wav,angry_1823.png,angry,train
1007_MTI_FEA_XX.wav,fear_1824.png,fear,train
1070_IWW_SAD_XX.wav,sad_1825.png,sad,train
1047_ITS_NEU_XX.wav,neutral_1826.png,neutral,train
1042_IEO_DIS_MD.wav,disgust_1827.png,disgust,train
1080_IEO_ANG_MD.wav,angry_1828.png,angry,train
1014_MTI_HAP_XX.wav,happy_1829.png,happy,train
1021_IEO_FEA_HI.wav,fear_1830.png,fear,train
1059_ITH_DIS_XX.wav,disgust_1831.png,disgust,train
1087_TSI_HAP_XX.wav,happy_1832.png,happy,train
1026_MTI_DIS_XX.wav,disgust_1833.png,disgust,train
1031_TIE_HAP_XX.wav,happy_1834.png,happy,train
1083_ITH_FEA_XX.wav,fear_1835.png,fear,train
1080_IEO_SAD_HI.wav,sad_1836.png,sad,train
1022_IWW_NEU_XX.wav,neutral_1837.png,neutral,train
1047_TSI_NEU_XX.wav,neutral_1838.png,neutral,train
1048_IWW_SAD_XX.wav,sad_1839.png,sad,train
1040_IEO_HAP_HI.wav,happy_1840.png,happy,train
1021_IEO_FEA_LO.wav,fear_1841.png,fear,train
1037_MTI_NEU_XX.wav,neutral_1842.png,neutral,train
1019_IWW_ANG_XX.wav,angry_1843.png,angry,train
1076_IWW_HAP_XX.wav,happy_1844.png,happy,train
1028_IEO_SAD_LO.wav,sad_1845.png,sad,train
1082_WSI_NEU_XX.wav,neutral_1846.png,neutral,train
1062_IWL_FEA_XX.wav,fear_1847.png,fear,train
1083_TIE_NEU_XX.wav,neutral_1848.png,neutral,train
1080_IOM_DIS_XX.wav,disgust_1849.png,disgust,train
1049_DFA_FEA_XX.wav,fear_1850.png,fear,train
1036_MTI_FEA_XX.wav,fear_1851.png,fear,train
1012_TIE_HAP_XX.wav,happy_1852.png,happy,train
1059_IWW_ANG_XX.wav,angry_1853.png,angry,train
1042_IOM_ANG_XX.wav,angry_1854.png,angry,train
1023_MTI_NEU_XX.wav,neutral_1855.png,neutral,train
1058_IWL_HAP_XX.wav,happy_1856.png,happy,train
1059_IEO_DIS_MD.wav,disgust_1857.png,disgust,train
1011_IEO_FEA_LO.wav,fear_1858.png,fear,train
1050_IWW_SAD_XX.wav,sad_1859.png,sad,train
1012_IOM_NEU_XX.wav,neutral_1860.png,neutral,train
1066_IOM_FEA_XX.wav,fear_1861.png,fear,train
1079_IEO_HAP_LO.wav,happy_1862.png,happy,train
1017_IEO_HAP_HI.wav,happy_1863.png,happy,train
1058_TAI_DIS_XX.wav,disgust_1864.png,disgust,train
1071_MTI_ANG_XX.wav,angry_1865.png,angry,train
1073_TIE_HAP_XX.wav,happy_1866.png,happy,train
1055_IEO_FEA_LO.wav,fear_1867.png,fear,train
1004_IEO_HAP_LO.wav,happy_1868.png,happy,train
1078_DFA_DIS_XX.wav,disgust_1869.png,disgust,train
1010_TIE_ANG_XX.wav,angry_1870.png,angry,train
1067_TSI_ANG_XX.wav,angry_1871.png,angry,train
1022_ITH_SAD_XX.wav,sad_1872.png,sad,train
1034_ITS_NEU_XX.wav,neutral_1873.png,neutral,train
1062_ITS_ANG_XX.wav,angry_1874.png,angry,train
1080_TIE_SAD_XX.wav,sad_1875.png,sad,train
1025_TSI_HAP_XX.wav,happy_1876.png,happy,train
1072_IWL_HAP_XX.wav,happy_1877.png,happy,train
1027_DFA_DIS_XX.wav,disgust_1878.png,disgust,train
1063_IEO_ANG_LO.wav,angry_1879.png,angry,train
1040_TIE_HAP_XX.wav,happy_1880.png,happy,train
1013_IEO_HAP_HI.wav,happy_1881.png,happy,train
1022_TSI_ANG_XX.wav,angry_1882.png,angry,train
1019_WSI_NEU_XX.wav,neutral_1883.png,neutral,train
1012_IOM_DIS_XX.wav,disgust_1884.png,disgust,train
1034_IEO_SAD_HI.wav,sad_1885.png,sad,train
1013_IWW_DIS_XX.wav,disgust_1886.png,disgust,train
1039_IEO_HAP_MD.wav,happy_1887.png,happy,train
1079_IEO_ANG_HI.wav,angry_1888.png,angry,train
1053_TIE_SAD_XX.wav,sad_1889.png,sad,train
1038_IEO_ANG_MD.wav,angry_1890.png,angry,train
1013_IEO_FEA_MD.wav,fear_1891.png,fear,train
1005_DFA_NEU_XX.wav,neutral_1892.png,neutral,train
1072_ITH_NEU_XX.wav,neutral_1893.png,neutral,train
1032_IWL_DIS_XX.wav,disgust_1894.png,disgust,train
1040_TIE_FEA_XX.wav,fear_1895.png,fear,train
1005_IWW_DIS_XX.wav,disgust_1896.png,disgust,train
1001_IEO_DIS_MD.wav,disgust_1897.png,disgust,train
1012_TSI_HAP_XX.wav,happy_1898.png,happy,train
1041_TAI_DIS_XX.wav,disgust_1899.png,disgust,train
1006_ITH_ANG_XX.wav,angry_1900.png,angry,train
1091_IEO_DIS_MD.wav,disgust_1901.png,disgust,train
1068_TAI_FEA_XX.wav,fear_1902.png,fear,train
1003_IWW_FEA_XX.wav,fear_1903.png,fear,train
1029_IOM_HAP_XX.wav,happy_1904.png,happy,train
1040_TIE_SAD_XX.wav,sad_1905.png,sad,train
1006_WSI_NEU_XX.wav,neutral_1906.png,neutral,train
1085_DFA_SAD_XX.wav,sad_1907.png,sad,train
1059_ITH_FEA_XX.wav,fear_1908.png,fear,train
1011_DFA_FEA_XX.wav,fear_1909.png,fear,train
1045_TSI_NEU_XX.wav,neutral_1910.png,neutral,train
1032_WSI_ANG_XX.wav,angry_1911.png,angry,train
1087_WSI_SAD_XX.wav,sad_1912.png,sad,train
1030_WSI_NEU_XX.wav,neutral_1913.png,neutral,train
1090_TIE_HAP_XX.wav,happy_1914.png,happy,train
1008_IWW_FEA_XX.wav,fear_1915.png,fear,train
1075_TIE_NEU_XX.wav,neutral_1916.png,neutral,train
1045_ITH_FEA_XX.wav,fear_1917.png,fear,train
1001_IWL_DIS_XX.wav,disgust_1918.png,disgust,train
1042_DFA_HAP_XX.wav,happy_1919.png,happy,train
1087_IOM_SAD_XX.wav,sad_1920.png,sad,train
1062_MTI_FEA_XX.wav,fear_1921.png,fear,train
1001_IEO_FEA_MD.wav,fear_1922.png,fear,train
1059_IOM_HAP_XX.wav,happy_1923.png,happy,train
1034_ITH_HAP_XX.wav,happy_1924.png,happy,train
1074_TIE_DIS_XX.wav,disgust_1925.png,disgust,train
1057_WSI_DIS_XX.wav,disgust_1926.png,disgust,train
1080_WSI_DIS_XX.wav,disgust_1927.png,disgust,train
1040_MTI_NEU_XX.wav,neutral_1928.png,neutral,train
1079_TAI_DIS_XX.wav,disgust_1929.png,disgust,train
1080_MTI_HAP_XX.wav,happy_1930.png,happy,train
1066_TIE_HAP_XX.wav,happy_1931.png,happy,train
1050_MTI_FEA_XX.wav,fear_1932.png,fear,train
1016_IEO_SAD_MD.wav,sad_1933.png,sad,train
1082_TSI_ANG_XX.wav,angry_1934.png,angry,train
1088_IWW_ANG_XX.wav,angry_1935.png,angry,train
1018_IWW_FEA_XX.wav,fear_1936.png,fear,train
1040_IEO_FEA_HI.wav,fear_1937.png,fear,train
1065_MTI_ANG_XX.wav,angry_1938.png,angry,train
1041_TIE_SAD_XX.wav,sad_1939.png,sad,train
1088_IWL_SAD_XX.wav,sad_1940.png,sad,train
1073_WSI_SAD_XX.wav,sad_1941.png,sad,train
1076_IOM_HAP_XX.wav,happy_1942.png,happy,train
1077_IWL_NEU_XX.wav,neutral_1943.png,neutral,train
1042_IEO_NEU_XX.wav,neutral_1944.png,neutral,train
1043_MTI_NEU_XX.wav,neutral_1945.png,neutral,train
1038_IWL_ANG_XX.wav,angry_1946.png,angry,train
1020_IEO_HAP_MD.wav,happy_1947.png,happy,train
1038_DFA_HAP_XX.wav,happy_1948.png,happy,train
1075_IEO_FEA_LO.wav,fear_1949.png,fear,train
1090_IWW_ANG_XX.wav,angry_1950.png,angry,train
1075_ITH_NEU_XX.wav,neutral_1951.png,neutral,train
1047_IEO_SAD_LO.wav,sad_1952.png,sad,train
1054_TIE_FEA_XX.wav,fear_1953.png,fear,train
1025_TSI_NEU_XX.wav,neutral_1954.png,neutral,train
1060_ITS_FEA_XX.wav,fear_1955.png,fear,train
1085_IEO_ANG_LO.wav,angry_1956.png,angry,train
1038_ITS_SAD_XX.wav,sad_1957.png,sad,train
1081_WSI_HAP_XX.wav,happy_1958.png,happy,train
1011_MTI_SAD_XX.wav,sad_1959.png,sad,train
1050_IEO_SAD_MD.wav,sad_1960.png,sad,train
1006_DFA_ANG_XX.wav,angry_1961.png,angry,train
1091_IEO_FEA_LO.wav,fear_1962.png,fear,train
1008_IEO_FEA_LO.wav,fear_1963.png,fear,train
1064_ITH_ANG_XX.wav,angry_1964.png,angry,train
1086_TSI_FEA_XX.wav,fear_1965.png,fear,train
1003_IWL_FEA_XX.wav,fear_1966.png,fear,train
1024_IEO_SAD_LO.wav,sad_1967.png,sad,train
1030_IWL_SAD_XX.wav,sad_1968.png,sad,train
1024_IOM_FEA_XX.wav,fear_1969.png,fear,train
1027_IEO_FEA_HI.wav,fear_1970.png,fear,train
1011_TIE_NEU_XX.wav,neutral_1971.png,neutral,train
1071_MTI_SAD_XX.wav,sad_1972.png,sad,train
1078_ITS_NEU_XX.wav,neutral_1973.png,neutral,train
1025_IEO_ANG_LO.wav,angry_1974.png,angry,train
1064_IWL_ANG_XX.wav,angry_1975.png,angry,train
1026_IEO_SAD_MD.wav,sad_1976.png,sad,train
1037_MTI_FEA_XX.wav,fear_1977.png,fear,train
1086_IWW_DIS_XX.wav,disgust_1978.png,disgust,train
1089_IWW_DIS_XX.wav,disgust_1979.png,disgust,train
1088_IEO_FEA_LO.wav,fear_1980.png,fear,train
1011_WSI_FEA_XX.wav,fear_1981.png,fear,train
1008_IEO_NEU_XX.wav,neutral_1982.png,neutral,train
1015_TAI_SAD_XX.wav,sad_1983.png,sad,train
1011_IOM_SAD_XX.wav,sad_1984.png,sad,train
1043_MTI_DIS_XX.wav,disgust_1985.png,disgust,train
1073_IWL_NEU_XX.wav,neutral_1986.png,neutral,train
1026_IOM_ANG_XX.wav,angry_1987.png,angry,train
1014_IEO_ANG_HI.wav,angry_1988.png,angry,train
1044_MTI_SAD_XX.wav,sad_1989.png,sad,train
1075_IEO_HAP_MD.wav,happy_1990.png,happy,train
1042_DFA_FEA_XX.wav,fear_1991.png,fear,train
1085_TIE_HAP_XX.wav,happy_1992.png,happy,train
1078_TSI_DIS_XX.wav,disgust_1993.png,disgust,train
1079_MTI_ANG_XX.wav,angry_1994.png,angry,train
1090_TSI_NEU_XX.wav,neutral_1995.png,neutral,train
1045_IWL_FEA_XX.wav,fear_1996.png,fear,train
1046_IEO_SAD_HI.wav,sad_1997.png,sad,train
1020_IEO_FEA_HI.wav,fear_1998.png,fear,train
1034_ITH_NEU_XX.wav,neutral_1999.png,neutral,train
1038_IOM_ANG_XX.wav,angry_2000.png,angry,train
1046_IWL_FEA_XX.wav,fear_2001.png,fear,train
1084_TSI_ANG_XX.wav,angry_2002.png,angry,train
1015_DFA_DIS_XX.wav,disgust_2003.png,disgust,train
1075_IEO_SAD_LO.wav,sad_2004.png,sad,train
1060_IOM_NEU_XX.wav,neutral_2005.png,neutral,train
1005_WSI_NEU_XX.wav,neutral_2006.png,neutral,train
1021_TAI_DIS_XX.wav,disgust_2007.png,disgust,train
1060_MTI_FEA_XX.wav,fear_2008.png,fear,train
1052_IEO_HAP_HI.wav,happy_2009.png,happy,train
1039_TIE_HAP_XX.wav,happy_2010.png,happy,train
1013_TAI_ANG_XX.wav,angry_2011.png,angry,train
1041_TSI_SAD_XX.wav,sad_2012.png,sad,train
1045_IEO_HAP_LO.wav,happy_2013.png,happy,train
1039_ITH_ANG_XX.wav,angry_2014.png,angry,train
1050_IEO_FEA_HI.wav,fear_2015.png,fear,train
1070_IEO_ANG_HI.wav,angry_2016.png,angry,train
1023_ITH_HAP_XX.wav,happy_2017.png,happy,train
1067_IEO_SAD_HI.wav,sad_2018.png,sad,train
1032_ITS_FEA_XX.wav,fear_2019.png,fear,train
1051_IWL_SAD_XX.wav,sad_2020.png,sad,train
1002_IOM_NEU_XX.wav,neutral_2021.png,neutral,train
1059_TIE_FEA_XX.wav,fear_2022.png,fear,train
1005_ITS_HAP_XX.wav,happy_2023.png,happy,train
1028_MTI_NEU_XX.wav,neutral_2024.png,neutral,train
1012_IEO_FEA_HI.wav,fear_2025.png,fear,train
1064_IEO_FEA_LO.wav,fear_2026.png,fear,train
1063_MTI_NEU_XX.wav,neutral_2027.png,neutral,train
1006_DFA_FEA_XX.wav,fear_2028.png,fear,train
1030_IWL_FEA_XX.wav,fear_2029.png,fear,train
1066_IWW_FEA_XX.wav,fear_2030.png,fear,train
1075_ITS_FEA_XX.wav,fear_2031.png,fear,train
1082_ITH_SAD_XX.wav,sad_2032.png,sad,train
1070_MTI_NEU_XX.wav,neutral_2033.png,neutral,train
1034_WSI_HAP_XX.wav,happy_2034.png,happy,train
1056_TSI_DIS_XX.wav,disgust_2035.png,disgust,train
1042_IWW_SAD_XX.wav,sad_2036.png,sad,train
1035_IWL_ANG_XX.wav,angry_2037.png,angry,train
1054_MTI_FEA_XX.wav,fear_2038.png,fear,train
1049_TIE_SAD_XX.wav,sad_2039.png,sad,train
1079_TSI_ANG_XX.wav,angry_2040.png,angry,train
1077_IEO_ANG_HI.wav,angry_2041.png,angry,train
1022_WSI_ANG_XX.wav,angry_2042.png,angry,train
1074_IWL_FEA_XX.wav,fear_2043.png,fear,train
1055_IEO_ANG_LO.wav,angry_2044.png,angry,train
1018_WSI_ANG_XX.wav,angry_2045.png,angry,train
1013_TIE_ANG_XX.wav,angry_2046.png,angry,train
1091_TAI_SAD_XX.wav,sad_2047.png,sad,train
1053_TIE_DIS_XX.wav,disgust_2048.png,disgust,train
1012_TAI_NEU_XX.wav,neutral_2049.png,neutral,train
1089_TIE_FEA_XX.wav,fear_2050.png,fear,train
1022_TSI_SAD_XX.wav,sad_2051.png,sad,train
1007_ITH_SAD_XX.wav,sad_2052.png,sad,train
1031_TIE_ANG_XX.wav,angry_2053.png,angry,train
1014_ITH_HAP_XX.wav,happy_2054.png,happy,train
1011_IOM_ANG_XX.wav,angry_2055.png,angry,train
1048_IWL_FEA_XX.wav,fear_2056.png,fear,train
1026_MTI_NEU_XX.wav,neutral_2057.png,neutral,train
1061_IEO_ANG_LO.wav,angry_2058.png,angry,train
1067_IEO_FEA_HI.wav,fear_2059.png,fear,train
1056_IWW_HAP_XX.wav,happy_2060.png,happy,train
1067_IEO_DIS_HI.wav,disgust_2061.png,disgust,train
1015_IWW_DIS_XX.wav,disgust_2062.png,disgust,train
1081_ITS_DIS_XX.wav,disgust_2063.png,disgust,train
1085_IOM_DIS_XX.wav,disgust_2064.png,disgust,train
1080_IOM_ANG_XX.wav,angry_2065.png,angry,train
1033_TSI_ANG_XX.wav,angry_2066.png,angry,train
1071_DFA_SAD_XX.wav,sad_2067.png,sad,train
1061_IEO_ANG_HI.wav,angry_2068.png,angry,train
1012_WSI_FEA_XX.wav,fear_2069.png,fear,train
1012_ITH_SAD_XX.wav,sad_2070.png,sad,train
1070_TSI_SAD_XX.wav,sad_2071.png,sad,train
1041_IOM_ANG_XX.wav,angry_2072.png,angry,train
1040_DFA_SAD_XX.wav,sad_2073.png,sad,train
1032_IEO_FEA_HI.wav,fear_2074.png,fear,train
1044_IWW_ANG_XX.wav,angry_2075.png,angry,train
1023_IEO_DIS_LO.wav,disgust_2076.png,disgust,train
1043_ITS_ANG_XX.wav,angry_2077.png,angry,train
1002_IEO_HAP_MD.wav,happy_2078.png,happy,train
1027_IOM_ANG_XX.wav,angry_2079.png,angry,train
1031_IEO_ANG_MD.wav,angry_2080.png,angry,train
1042_TIE_NEU_XX.wav,neutral_2081.png,neutral,train
1078_MTI_HAP_XX.wav,happy_2082.png,happy,train
1019_IEO_HAP_LO.wav,happy_2083.png,happy,train
1016_DFA_HAP_XX.wav,happy_2084.png,happy,train
1079_WSI_FEA_XX.wav,fear_2085.png,fear,train
1002_DFA_HAP_XX.wav,happy_2086.png,happy,train
1086_ITS_NEU_XX.wav,neutral_2087.png,neutral,train
1087_WSI_ANG_XX.wav,angry_2088.png,angry,train
1017_IEO_NEU_XX.wav,neutral_2089.png,neutral,train
1081_IOM_HAP_XX.wav,happy_2090.png,happy,train
1044_IEO_ANG_MD.wav,angry_2091.png,angry,train
1006_IEO_ANG_MD.wav,angry_2092.png,angry,train
1062_DFA_DIS_XX.wav,disgust_2093.png,disgust,train
1054_WSI_FEA_XX.wav,fear_2094.png,fear,train
1006_TSI_DIS_XX.wav,disgust_2095.png,disgust,train
1043_DFA_NEU_XX.wav,neutral_2096.png,neutral,train
1011_TAI_NEU_XX.wav,neutral_2097.png,neutral,train
1051_IOM_ANG_XX.wav,angry_2098.png,angry,train
1055_IWL_HAP_XX.wav,happy_2099.png,happy,train
1019_IEO_SAD_MD.wav,sad_2100.png,sad,train
1042_ITS_NEU_XX.wav,neutral_2101.png,neutral,train
1083_IWL_FEA_XX.wav,fear_2102.png,fear,train
1072_TSI_HAP_XX.wav,happy_2103.png,happy,train
1089_TAI_DIS_XX.wav,disgust_2104.png,disgust,train
1038_IEO_NEU_XX.wav,neutral_2105.png,neutral,train
1025_IEO_HAP_LO.wav,happy_2106.png,happy,train
1070_IOM_HAP_XX.wav,happy_2107.png,happy,train
1024_IOM_NEU_XX.wav,neutral_2108.png,neutral,train
1054_IWL_ANG_XX.wav,angry_2109.png,angry,train
1019_IEO_HAP_HI.wav,happy_2110.png,happy,train
1085_ITS_HAP_XX.wav,happy_2111.png,happy,train
1065_ITS_ANG_XX.wav,angry_2112.png,angry,train
1058_TSI_HAP_XX.wav,happy_2113.png,happy,train
1007_ITH_HAP_XX.wav,happy_2114.png,happy,train
1037_IOM_SAD_XX.wav,sad_2115.png,sad,train
1011_DFA_ANG_XX.wav,angry_2116.png,angry,train
1076_ITH_NEU_XX.wav,neutral_2117.png,neutral,train
1053_IWL_ANG_XX.wav,angry_2118.png,angry,train
1075_IEO_HAP_HI.wav,happy_2119.png,happy,train
1010_ITH_NEU_XX.wav,neutral_2120.png,neutral,train
1064_ITH_NEU_XX.wav,neutral_2121.png,neutral,train
1046_TIE_ANG_XX.wav,angry_2122.png,angry,train
1014_TIE_SAD_XX.wav,sad_2123.png,sad,train
1006_ITH_FEA_XX.wav,fear_2124.png,fear,train
1051_IEO_SAD_LO.wav,sad_2125.png,sad,train
1066_IEO_HAP_MD.wav,happy_2126.png,happy,train
1048_TAI_SAD_XX.wav,sad_2127.png,sad,train
1080_TSI_DIS_XX.wav,disgust_2128.png,disgust,train
1038_TSI_SAD_XX.wav,sad_2129.png,sad,train
1052_MTI_ANG_XX.wav,angry_2130.png,angry,train
1046_IWL_SAD_XX.wav,sad_2131.png,sad,train
1027_IEO_NEU_XX.wav,neutral_2132.png,neutral,train
1075_IOM_SAD_XX.wav,sad_2133.png,sad,train
1023_IEO_SAD_HI.wav,sad_2134.png,sad,train
1032_IWW_NEU_XX.wav,neutral_2135.png,neutral,train
1049_WSI_SAD_XX.wav,sad_2136.png,sad,train
1059_IEO_HAP_MD.wav,happy_2137.png,happy,train
1005_WSI_HAP_XX.wav,happy_2138.png,happy,train
1084_TAI_DIS_XX.wav,disgust_2139.png,disgust,train
1083_TAI_DIS_XX.wav,disgust_2140.png,disgust,train
1023_ITH_SAD_XX.wav,sad_2141.png,sad,train
1007_ITH_ANG_XX.wav,angry_2142.png,angry,train
1071_IWW_FEA_XX.wav,fear_2143.png,fear,train
1035_IWL_SAD_XX.wav,sad_2144.png,sad,train
1027_MTI_DIS_XX.wav,disgust_2145.png,disgust,train
1031_IWW_FEA_XX.wav,fear_2146.png,fear,train
1086_TSI_HAP_XX.wav,happy_2147.png,happy,train
1038_IOM_SAD_XX.wav,sad_2148.png,sad,train
1079_DFA_SAD_XX.wav,sad_2149.png,sad,train
1060_DFA_SAD_XX.wav,sad_2150.png,sad,train
1069_DFA_DIS_XX.wav,disgust_2151.png,disgust,train
1061_ITH_DIS_XX.wav,disgust_2152.png,disgust,train
1046_ITH_HAP_XX.wav,happy_2153.png,happy,train
1054_DFA_ANG_XX.wav,angry_2154.png,angry,train
1031_ITH_ANG_XX.wav,angry_2155.png,angry,train
1002_ITS_DIS_XX.wav,disgust_2156.png,disgust,train
1026_DFA_ANG_XX.wav,angry_2157.png,angry,train
1034_IOM_DIS_XX.wav,disgust_2158.png,disgust,train
1063_ITS_DIS_XX.wav,disgust_2159.png,disgust,train
1076_TAI_SAD_XX.wav,sad_2160.png,sad,train
1013_IEO_FEA_HI.wav,fear_2161.png,fear,train
1009_IWL_DIS_XX.wav,disgust_2162.png,disgust,train
1071_IEO_HAP_HI.wav,happy_2163.png,happy,train
1084_DFA_SAD_XX.wav,sad_2164.png,sad,train
1023_IWW_DIS_XX.wav,disgust_2165.png,disgust,train
1079_ITH_DIS_XX.wav,disgust_2166.png,disgust,train
1010_IEO_SAD_MD.wav,sad_2167.png,sad,train
1016_IEO_HAP_LO.wav,happy_2168.png,happy,train
1031_MTI_ANG_XX.wav,angry_2169.png,angry,train
1023_TIE_ANG_XX.wav,angry_2170.png,angry,train
1059_WSI_ANG_XX.wav,angry_2171.png,angry,train
1022_ITS_DIS_XX.wav,disgust_2172.png,disgust,train
1077_TIE_SAD_XX.wav,sad_2173.png,sad,train
1054_IOM_NEU_XX.wav,neutral_2174.png,neutral,train
1028_IWL_DIS_XX.wav,disgust_2175.png,disgust,train
1035_IOM_FEA_XX.wav,fear_2176.png,fear,train
1005_ITS_DIS_XX.wav,disgust_2177.png,disgust,train
1077_WSI_FEA_XX.wav,fear_2178.png,fear,train
1033_TAI_NEU_XX.wav,neutral_2179.png,neutral,train
1042_IEO_DIS_HI.wav,disgust_2180.png,disgust,train
1061_ITH_FEA_XX.wav,fear_2181.png,fear,train
1013_ITH_FEA_XX.wav,fear_2182.png,fear,train
1068_DFA_HAP_XX.wav,happy_2183.png,happy,train
1027_TIE_SAD_XX.wav,sad_2184.png,sad,train
1079_WSI_ANG_XX.wav,angry_2185.png,angry,train
1046_IOM_HAP_XX.wav,happy_2186.png,happy,train
1011_DFA_HAP_XX.wav,happy_2187.png,happy,train
1004_WSI_FEA_XX.wav,fear_2188.png,fear,train
1067_DFA_ANG_XX.wav,angry_2189.png,angry,train
1053_WSI_ANG_XX.wav,angry_2190.png,angry,train
1026_TIE_FEA_XX.wav,fear_2191.png,fear,train
1031_IWL_DIS_XX.wav,disgust_2192.png,disgust,train
1039_IEO_DIS_MD.wav,disgust_2193.png,disgust,train
1047_IEO_SAD_HI.wav,sad_2194.png,sad,train
1077_IOM_SAD_XX.wav,sad_2195.png,sad,train
1060_WSI_ANG_XX.wav,angry_2196.png,angry,train
1005_ITH_HAP_XX.wav,happy_2197.png,happy,train
1020_WSI_SAD_XX.wav,sad_2198.png,sad,train
1011_IWW_NEU_XX.wav,neutral_2199.png,neutral,train
1075_TAI_ANG_XX.wav,angry_2200.png,angry,train
1053_IEO_NEU_XX.wav,neutral_2201.png,neutral,train
1006_TSI_ANG_XX.wav,angry_2202.png,angry,train
1039_TAI_FEA_XX.wav,fear_2203.png,fear,train
1085_ITH_NEU_XX.wav,neutral_2204.png,neutral,train
1081_IEO_ANG_HI.wav,angry_2205.png,angry,train
1003_TSI_DIS_XX.wav,disgust_2206.png,disgust,train
1007_WSI_SAD_XX.wav,sad_2207.png,sad,train
1065_IWL_DIS_XX.wav,disgust_2208.png,disgust,train
1003_ITS_SAD_XX.wav,sad_2209.png,sad,train
1025_TSI_DIS_XX.wav,disgust_2210.png,disgust,train
1057_IEO_FEA_MD.wav,fear_2211.png,fear,train
1071_IWL_DIS_XX.wav,disgust_2212.png,disgust,train
1053_TSI_ANG_XX.wav,angry_2213.png,angry,train
1047_TIE_NEU_XX.wav,neutral_2214.png,neutral,train
1021_TIE_NEU_XX.wav,neutral_2215.png,neutral,train
1061_IEO_NEU_XX.wav,neutral_2216.png,neutral,train
1086_IOM_FEA_XX.wav,fear_2217.png,fear,train
1082_ITH_HAP_XX.wav,happy_2218.png,happy,train
1020_IEO_SAD_LO.wav,sad_2219.png,sad,train
1050_DFA_SAD_XX.wav,sad_2220.png,sad,train
1008_ITH_DIS_XX.wav,disgust_2221.png,disgust,train
1002_IOM_ANG_XX.wav,angry_2222.png,angry,train
1042_IEO_HAP_HI.wav,happy_2223.png,happy,train
1080_DFA_NEU_XX.wav,neutral_2224.png,neutral,train
1061_DFA_DIS_XX.wav,disgust_2225.png,disgust,train
1066_ITS_FEA_XX.wav,fear_2226.png,fear,train
1087_IWL_NEU_XX.wav,neutral_2227.png,neutral,train
1048_IEO_DIS_LO.wav,disgust_2228.png,disgust,train
1074_IOM_ANG_XX.wav,angry_2229.png,angry,train
1008_TSI_FEA_XX.wav,fear_2230.png,fear,train
1082_WSI_FEA_XX.wav,fear_2231.png,fear,train
1063_IEO_DIS_MD.wav,disgust_2232.png,disgust,train
1015_ITH_SAD_XX.wav,sad_2233.png,sad,train
1033_WSI_DIS_XX.wav,disgust_2234.png,disgust,train
1038_TIE_NEU_XX.wav,neutral_2235.png,neutral,train
1019_TAI_SAD_XX.wav,sad_2236.png,sad,train
1039_TSI_HAP_XX.wav,happy_2237.png,happy,train
1017_DFA_HAP_XX.wav,happy_2238.png,happy,train
1013_WSI_FEA_XX.wav,fear_2239.png,fear,train
1056_TIE_SAD_XX.wav,sad_2240.png,sad,train
1033_IWW_HAP_XX.wav,happy_2241.png,happy,train
1050_IWW_NEU_XX.wav,neutral_2242.png,neutral,train
1087_TAI_ANG_XX.wav,angry_2243.png,angry,train
1079_ITH_HAP_XX.wav,happy_2244.png,happy,train
1020_ITH_NEU_XX.wav,neutral_2245.png,neutral,train
1024_ITH_NEU_XX.wav,neutral_2246.png,neutral,train
1053_DFA_SAD_XX.wav,sad_2247.png,sad,train
1017_IWW_FEA_XX.wav,fear_2248.png,fear,train
1060_IEO_NEU_XX.wav,neutral_2249.png,neutral,train
1042_TAI_NEU_XX.wav,neutral_2250.png,neutral,train
1033_IOM_SAD_XX.wav,sad_2251.png,sad,train
1001_DFA_HAP_XX.wav,happy_2252.png,happy,train
1032_ITH_SAD_XX.wav,sad_2253.png,sad,train
1033_DFA_ANG_XX.wav,angry_2254.png,angry,train
1076_IEO_HAP_HI.wav,happy_2255.png,happy,train
1079_IWL_HAP_XX.wav,happy_2256.png,happy,train
1048_ITS_ANG_XX.wav,angry_2257.png,angry,train
1089_ITS_DIS_XX.wav,disgust_2258.png,disgust,train
1064_TIE_ANG_XX.wav,angry_2259.png,angry,train
1083_IWW_ANG_XX.wav,angry_2260.png,angry,train
1052_WSI_ANG_XX.wav,angry_2261.png,angry,train
1057_TIE_FEA_XX.wav,fear_2262.png,fear,train
1078_WSI_HAP_XX.wav,happy_2263.png,happy,train
1045_IEO_ANG_LO.wav,angry_2264.png,angry,train
1010_IOM_DIS_XX.wav,disgust_2265.png,disgust,train
1045_TAI_HAP_XX.wav,happy_2266.png,happy,train
1049_IEO_FEA_HI.wav,fear_2267.png,fear,train
1042_ITH_NEU_XX.wav,neutral_2268.png,neutral,train
1040_DFA_HAP_XX.wav,happy_2269.png,happy,train
1020_TAI_FEA_XX.wav,fear_2270.png,fear,train
1075_IWW_ANG_XX.wav,angry_2271.png,angry,train
1068_IWL_FEA_XX.wav,fear_2272.png,fear,train
1006_IOM_HAP_XX.wav,happy_2273.png,happy,train
1078_IEO_FEA_HI.wav,fear_2274.png,fear,train
1056_IWL_NEU_XX.wav,neutral_2275.png,neutral,train
1061_TIE_DIS_XX.wav,disgust_2276.png,disgust,train
1080_TIE_DIS_XX.wav,disgust_2277.png,disgust,train
1065_TIE_HAP_XX.wav,happy_2278.png,happy,train
1006_MTI_HAP_XX.wav,happy_2279.png,happy,train
1032_TSI_DIS_XX.wav,disgust_2280.png,disgust,train
1017_IOM_ANG_XX.wav,angry_2281.png,angry,train
1071_IWL_NEU_XX.wav,neutral_2282.png,neutral,train
1068_TIE_FEA_XX.wav,fear_2283.png,fear,train
1077_IWL_SAD_XX.wav,sad_2284.png,sad,train
1007_IEO_HAP_MD.wav,happy_2285.png,happy,train
1073_IWW_HAP_XX.wav,happy_2286.png,happy,train
1062_IEO_DIS_HI.wav,disgust_2287.png,disgust,train
1055_IWW_ANG_XX.wav,angry_2288.png,angry,train
1003_ITH_DIS_XX.wav,disgust_2289.png,disgust,train
1009_ITH_FEA_XX.wav,fear_2290.png,fear,train
1029_IWL_NEU_XX.wav,neutral_2291.png,neutral,train
1086_IEO_FEA_LO.wav,fear_2292.png,fear,train
1011_ITS_SAD_XX.wav,sad_2293.png,sad,train
1016_ITS_DIS_XX.wav,disgust_2294.png,disgust,train
1071_WSI_HAP_XX.wav,happy_2295.png,happy,train
1036_IWL_NEU_XX.wav,neutral_2296.png,neutral,train
1016_IEO_FEA_HI.wav,fear_2297.png,fear,train
1078_TAI_HAP_XX.wav,happy_2298.png,happy,train
1043_WSI_FEA_XX.wav,fear_2299.png,fear,train
1043_TSI_HAP_XX.wav,happy_2300.png,happy,train
1019_IWL_NEU_XX.wav,neutral_2301.png,neutral,train
1004_ITS_NEU_XX.wav,neutral_2302.png,neutral,train
1008_TAI_DIS_XX.wav,disgust_2303.png,disgust,train
1059_IWW_DIS_XX.wav,disgust_2304.png,disgust,train
1050_TSI_ANG_XX.wav,angry_2305.png,angry,train
1061_IWL_ANG_XX.wav,angry_2306.png,angry,train
1002_MTI_FEA_XX.wav,fear_2307.png,fear,train
1032_TIE_NEU_XX.wav,neutral_2308.png,neutral,train
1027_IEO_HAP_HI.wav,happy_2309.png,happy,train
1063_TAI_ANG_XX.wav,angry_2310.png,angry,train
1069_IOM_SAD_XX.wav,sad_2311.png,sad,train
1009_TSI_FEA_XX.wav,fear_2312.png,fear,train
1084_ITS_ANG_XX.wav,angry_2313.png,angry,train
1069_IEO_DIS_HI.wav,disgust_2314.png,disgust,train
1062_IEO_FEA_MD.wav,fear_2315.png,fear,train
1002_ITH_SAD_XX.wav,sad_2316.png,sad,train
1058_IEO_SAD_LO.wav,sad_2317.png,sad,train
1089_DFA_FEA_XX.wav,fear_2318.png,fear,train
1090_IEO_FEA_MD.wav,fear_2319.png,fear,train
1002_IWW_DIS_XX.wav,disgust_2320.png,disgust,train
1037_TSI_ANG_XX.wav,angry_2321.png,angry,train
1074_IEO_SAD_LO.wav,sad_2322.png,sad,train
1018_IEO_SAD_LO.wav,sad_2323.png,sad,train
1082_WSI_HAP_XX.wav,happy_2324.png,happy,train
1005_TIE_NEU_XX.wav,neutral_2325.png,neutral,train
1065_WSI_HAP_XX.wav,happy_2326.png,happy,train
1014_WSI_SAD_XX.wav,sad_2327.png,sad,train
1090_IEO_FEA_HI.wav,fear_2328.png,fear,train
1052_TIE_ANG_XX.wav,angry_2329.png,angry,train
1055_TSI_ANG_XX.wav,angry_2330.png,angry,train
1007_IOM_DIS_XX.wav,disgust_2331.png,disgust,train
1060_IWW_HAP_XX.wav,happy_2332.png,happy,train
1079_IWW_ANG_XX.wav,angry_2333.png,angry,train
1010_IEO_FEA_LO.wav,fear_2334.png,fear,train
1018_TAI_HAP_XX.wav,happy_2335.png,happy,train
1010_IEO_HAP_LO.wav,happy_2336.png,happy,train
1009_TAI_ANG_XX.wav,angry_2337.png,angry,train
1031_IWW_HAP_XX.wav,happy_2338.png,happy,train
1063_IEO_SAD_HI.wav,sad_2339.png,sad,train
1037_IOM_ANG_XX.wav,angry_2340.png,angry,train
1054_TAI_SAD_XX.wav,sad_2341.png,sad,train
1059_IEO_DIS_LO.wav,disgust_2342.png,disgust,train
1036_ITS_HAP_XX.wav,happy_2343.png,happy,train
1064_IEO_SAD_HI.wav,sad_2344.png,sad,train
1079_IEO_SAD_LO.wav,sad_2345.png,sad,train
1019_IWW_SAD_XX.wav,sad_2346.png,sad,train
1064_TSI_NEU_XX.wav,neutral_2347.png,neutral,train
1036_IOM_DIS_XX.wav,disgust_2348.png,disgust,train
1002_TIE_ANG_XX.wav,angry_2349.png,angry,train
1056_IEO_HAP_LO.wav,happy_2350.png,happy,train
1036_IWL_FEA_XX.wav,fear_2351.png,fear,train
1020_ITH_DIS_XX.wav,disgust_2352.png,disgust,train
1051_IEO_SAD_MD.wav,sad_2353.png,sad,train
1063_IOM_FEA_XX.wav,fear_2354.png,fear,train
1056_IEO_ANG_HI.wav,angry_2355.png,angry,train
1047_TSI_FEA_XX.wav,fear_2356.png,fear,train
1038_TSI_FEA_XX.wav,fear_2357.png,fear,train
1062_IWW_FEA_XX.wav,fear_2358.png,fear,train
1075_ITH_HAP_XX.wav,happy_2359.png,happy,train
1031_IEO_ANG_LO.wav,angry_2360.png,angry,train
1031_MTI_HAP_XX.wav,happy_2361.png,happy,train
1049_TSI_DIS_XX.wav,disgust_2362.png,disgust,train
1078_IEO_NEU_XX.wav,neutral_2363.png,neutral,train
1004_IEO_FEA_MD.wav,fear_2364.png,fear,train
1028_IOM_FEA_XX.wav,fear_2365.png,fear,train
1075_WSI_SAD_XX.wav,sad_2366.png,sad,train
1049_TAI_DIS_XX.wav,disgust_2367.png,disgust,train
1082_TSI_HAP_XX.wav,happy_2368.png,happy,train
1019_TAI_ANG_XX.wav,angry_2369.png,angry,train
1062_TSI_FEA_XX.wav,fear_2370.png,fear,train
1008_TAI_FEA_XX.wav,fear_2371.png,fear,train
1018_DFA_HAP_XX.wav,happy_2372.png,happy,train
1025_ITH_SAD_XX.wav,sad_2373.png,sad,train
1041_ITS_NEU_XX.wav,neutral_2374.png,neutral,train
1021_WSI_ANG_XX.wav,angry_2375.png,angry,train
1056_IWW_SAD_XX.wav,sad_2376.png,sad,train
1061_TSI_HAP_XX.wav,happy_2377.png,happy,train
1082_TAI_NEU_XX.wav,neutral_2378.png,neutral,train
1028_ITH_FEA_XX.wav,fear_2379.png,fear,train
1082_TAI_HAP_XX.wav,happy_2380.png,happy,train
1007_IEO_DIS_LO.wav,disgust_2381.png,disgust,train
1065_IWL_ANG_XX.wav,angry_2382.png,angry,train
1022_IEO_HAP_HI.wav,happy_2383.png,happy,train
1033_IWL_HAP_XX.wav,happy_2384.png,happy,train
1045_TIE_HAP_XX.wav,happy_2385.png,happy,train
1054_ITS_ANG_XX.wav,angry_2386.png,angry,train
1055_IWW_HAP_XX.wav,happy_2387.png,happy,train
1088_TSI_FEA_XX.wav,fear_2388.png,fear,train
1012_TIE_NEU_XX.wav,neutral_2389.png,neutral,train
1073_ITH_HAP_XX.wav,happy_2390.png,happy,train
1061_TAI_DIS_XX.wav,disgust_2391.png,disgust,train
1048_MTI_NEU_XX.wav,neutral_2392.png,neutral,train
1084_TAI_HAP_XX.wav,happy_2393.png,happy,train
1060_MTI_ANG_XX.wav,angry_2394.png,angry,train
1021_TAI_HAP_XX.wav,happy_2395.png,happy,train
1062_ITS_DIS_XX.wav,disgust_2396.png,disgust,train
1001_IOM_NEU_XX.wav,neutral_2397.png,neutral,train
1006_IOM_NEU_XX.wav,neutral_2398.png,neutral,train
1061_ITH_ANG_XX.wav,angry_2399.png,angry,train
1024_IEO_DIS_LO.wav,disgust_2400.png,disgust,train
1067_IWW_DIS_XX.wav,disgust_2401.png,disgust,train
1014_IEO_HAP_MD.wav,happy_2402.png,happy,train
1049_WSI_ANG_XX.wav,angry_2403.png,angry,train
1070_ITH_HAP_XX.wav,happy_2404.png,happy,train
1051_TIE_DIS_XX.wav,disgust_2405.png,disgust,train
1039_IEO_HAP_HI.wav,happy_2406.png,happy,train
1006_IOM_SAD_XX.wav,sad_2407.png,sad,train
1055_IWL_FEA_XX.wav,fear_2408.png,fear,train
1044_IWL_NEU_XX.wav,neutral_2409.png,neutral,train
1017_IEO_FEA_MD.wav,fear_2410.png,fear,train
1006_IEO_SAD_MD.wav,sad_2411.png,sad,train
1081_TIE_NEU_XX.wav,neutral_2412.png,neutral,train
1088_TSI_ANG_XX.wav,angry_2413.png,angry,train
1053_ITS_HAP_XX.wav,happy_2414.png,happy,train
1069_IWW_FEA_XX.wav,fear_2415.png,fear,train
1042_WSI_NEU_XX.wav,neutral_2416.png,neutral,train
1040_IWW_SAD_XX.wav,sad_2417.png,sad,train
1044_IEO_DIS_LO.wav,disgust_2418.png,disgust,train
1037_DFA_ANG_XX.wav,angry_2419.png,angry,train
1009_TIE_DIS_XX.wav,disgust_2420.png,disgust,train
1027_DFA_NEU_XX.wav,neutral_2421.png,neutral,train
1072_ITH_ANG_XX.wav,angry_2422.png,angry,train
1088_WSI_FEA_XX.wav,fear_2423.png,fear,train
1042_TSI_HAP_XX.wav,happy_2424.png,happy,train
1043_WSI_ANG_XX.wav,angry_2425.png,angry,train
1011_IWW_FEA_XX.wav,fear_2426.png,fear,train
1063_DFA_ANG_XX.wav,angry_2427.png,angry,train
1075_IEO_DIS_MD.wav,disgust_2428.png,disgust,train
1073_TAI_SAD_XX.wav,sad_2429.png,sad,train
1069_TAI_DIS_XX.wav,disgust_2430.png,disgust,train
1057_MTI_ANG_XX.wav,angry_2431.png,angry,train
1088_TIE_HAP_XX.wav,happy_2432.png,happy,train
1067_IOM_HAP_XX.wav,happy_2433.png,happy,train
1055_IEO_SAD_HI.wav,sad_2434.png,sad,train
1082_IOM_ANG_XX.wav,angry_2435.png,angry,train
1054_IWL_HAP_XX.wav,happy_2436.png,happy,train
1020_WSI_DIS_XX.wav,disgust_2437.png,disgust,train
1011_IWL_FEA_XX.wav,fear_2438.png,fear,train
1063_ITS_SAD_XX.wav,sad_2439.png,sad,train
1047_IEO_DIS_LO.wav,disgust_2440.png,disgust,train
1073_WSI_FEA_XX.wav,fear_2441.png,fear,train
1009_IOM_NEU_XX.wav,neutral_2442.png,neutral,train
1041_IWL_FEA_XX.wav,fear_2443.png,fear,train
1064_WSI_NEU_XX.wav,neutral_2444.png,neutral,train
1042_MTI_DIS_XX.wav,disgust_2445.png,disgust,train
1028_ITS_SAD_XX.wav,sad_2446.png,sad,train
1035_IWL_HAP_XX.wav,happy_2447.png,happy,train
1061_TIE_FEA_XX.wav,fear_2448.png,fear,train
1001_ITS_HAP_XX.wav,happy_2449.png,happy,train
1089_TAI_HAP_XX.wav,happy_2450.png,happy,train
1046_ITS_HAP_XX.wav,happy_2451.png,happy,train
1072_IOM_HAP_XX.wav,happy_2452.png,happy,train
1004_ITH_HAP_XX.wav,happy_2453.png,happy,train
1061_IEO_DIS_MD.wav,disgust_2454.png,disgust,train
1014_DFA_DIS_XX.wav,disgust_2455.png,disgust,train
1076_ITH_ANG_XX.wav,angry_2456.png,angry,train
1061_IEO_SAD_HI.wav,sad_2457.png,sad,train
1044_ITH_NEU_XX.wav,neutral_2458.png,neutral,train
1085_ITS_DIS_XX.wav,disgust_2459.png,disgust,train
1028_DFA_ANG_XX.wav,angry_2460.png,angry,train
1026_TSI_ANG_XX.wav,angry_2461.png,angry,train
1082_DFA_ANG_XX.wav,angry_2462.png,angry,train
1035_TIE_SAD_XX.wav,sad_2463.png,sad,train
1055_TAI_NEU_XX.wav,neutral_2464.png,neutral,train
1042_TSI_ANG_XX.wav,angry_2465.png,angry,train
1080_TIE_NEU_XX.wav,neutral_2466.png,neutral,train
1013_TSI_ANG_XX.wav,angry_2467.png,angry,train
1056_IWL_DIS_XX.wav,disgust_2468.png,disgust,train
1057_IEO_HAP_HI.wav,happy_2469.png,happy,train
1067_IEO_FEA_LO.wav,fear_2470.png,fear,train
1068_IOM_SAD_XX.wav,sad_2471.png,sad,train
1086_IEO_DIS_MD.wav,disgust_2472.png,disgust,train
1049_IWW_DIS_XX.wav,disgust_2473.png,disgust,train
1039_IOM_SAD_XX.wav,sad_2474.png,sad,train
1081_IEO_FEA_MD.wav,fear_2475.png,fear,train
1012_IEO_ANG_HI.wav,angry_2476.png,angry,train
1036_ITS_FEA_XX.wav,fear_2477.png,fear,train
1069_IEO_FEA_LO.wav,fear_2478.png,fear,train
1084_IEO_ANG_LO.wav,angry_2479.png,angry,train
1079_IWL_ANG_XX.wav,angry_2480.png,angry,train
1048_ITS_NEU_XX.wav,neutral_2481.png,neutral,train
1084_ITH_DIS_XX.wav,disgust_2482.png,disgust,train
1055_TIE_FEA_XX.wav,fear_2483.png,fear,train
1010_TIE_NEU_XX.wav,neutral_2484.png,neutral,train
1075_IWW_HAP_XX.wav,happy_2485.png,happy,train
1035_MTI_SAD_XX.wav,sad_2486.png,sad,train
1027_ITS_FEA_XX.wav,fear_2487.png,fear,train
1074_IEO_SAD_HI.wav,sad_2488.png,sad,train
1038_DFA_SAD_XX.wav,sad_2489.png,sad,train
1031_ITS_ANG_XX.wav,angry_2490.png,angry,train
1030_WSI_HAP_XX.wav,happy_2491.png,happy,train
1054_ITS_SAD_XX.wav,sad_2492.png,sad,train
1076_IEO_NEU_XX.wav,neutral_2493.png,neutral,train
1043_ITS_NEU_XX.wav,neutral_2494.png,neutral,train
1077_IEO_ANG_LO.wav,angry_2495.png,angry,train
1087_IEO_FEA_LO.wav,fear_2496.png,fear,train
1047_IEO_FEA_MD.wav,fear_2497.png,fear,train
1026_IWL_FEA_XX.wav,fear_2498.png,fear,train
1055_TAI_SAD_XX.wav,sad_2499.png,sad,train
1040_MTI_DIS_XX.wav,disgust_2500.png,disgust,train
1090_ITS_DIS_XX.wav,disgust_2501.png,disgust,train
1058_IEO_FEA_HI.wav,fear_2502.png,fear,train
1040_IEO_HAP_MD.wav,happy_2503.png,happy,train
1053_TSI_SAD_XX.wav,sad_2504.png,sad,train
1021_ITS_FEA_XX.wav,fear_2505.png,fear,train
1037_TIE_DIS_XX.wav,disgust_2506.png,disgust,train
1020_IEO_ANG_HI.wav,angry_2507.png,angry,train
1007_IWW_NEU_XX.wav,neutral_2508.png,neutral,train
1052_TSI_NEU_XX.wav,neutral_2509.png,neutral,train
1043_ITS_FEA_XX.wav,fear_2510.png,fear,train
1067_TAI_NEU_XX.wav,neutral_2511.png,neutral,train
1056_IEO_SAD_HI.wav,sad_2512.png,sad,train
1025_WSI_HAP_XX.wav,happy_2513.png,happy,train
1068_ITS_NEU_XX.wav,neutral_2514.png,neutral,train
1025_MTI_FEA_XX.wav,fear_2515.png,fear,train
1079_WSI_DIS_XX.wav,disgust_2516.png,disgust,train
1073_IWL_HAP_XX.wav,happy_2517.png,happy,train
1082_IEO_NEU_XX.wav,neutral_2518.png,neutral,train
1080_IOM_NEU_XX.wav,neutral_2519.png,neutral,train
1067_IOM_ANG_XX.wav,angry_2520.png,angry,train
1057_ITS_HAP_XX.wav,happy_2521.png,happy,train
1025_IEO_HAP_MD.wav,happy_2522.png,happy,train
1039_TSI_SAD_XX.wav,sad_2523.png,sad,train
1057_ITS_ANG_XX.wav,angry_2524.png,angry,train
1047_TIE_FEA_XX.wav,fear_2525.png,fear,train
1066_IEO_ANG_HI.wav,angry_2526.png,angry,train
1058_DFA_FEA_XX.wav,fear_2527.png,fear,train
1029_ITH_ANG_XX.wav,angry_2528.png,angry,train
1085_IEO_HAP_LO.wav,happy_2529.png,happy,train
1038_IWW_HAP_XX.wav,happy_2530.png,happy,train
1022_IEO_ANG_MD.wav,angry_2531.png,angry,train
1082_IOM_FEA_XX.wav,fear_2532.png,fear,train
1062_MTI_ANG_XX.wav,angry_2533.png,angry,train
1091_TSI_NEU_XX.wav,neutral_2534.png,neutral,train
1060_TIE_SAD_XX.wav,sad_2535.png,sad,train
1007_IEO_SAD_HI.wav,sad_2536.png,sad,train
1063_IEO_ANG_MD.wav,angry_2537.png,angry,train
1054_TAI_DIS_XX.wav,disgust_2538.png,disgust,train
1023_IWL_DIS_XX.wav,disgust_2539.png,disgust,train
1016_ITH_HAP_XX.wav,happy_2540.png,happy,train
1018_IEO_DIS_LO.wav,disgust_2541.png,disgust,train
1013_WSI_SAD_XX.wav,sad_2542.png,sad,train
1005_IOM_ANG_XX.wav,angry_2543.png,angry,train
1076_TSI_SAD_XX.wav,sad_2544.png,sad,train
1032_IOM_ANG_XX.wav,angry_2545.png,angry,train
1015_TSI_DIS_XX.wav,disgust_2546.png,disgust,train
1082_IEO_FEA_MD.wav,fear_2547.png,fear,train
1081_MTI_NEU_XX.wav,neutral_2548.png,neutral,train
1032_IWW_FEA_XX.wav,fear_2549.png,fear,train
1009_DFA_FEA_XX.wav,fear_2550.png,fear,train
1073_TSI_FEA_XX.wav,fear_2551.png,fear,train
1015_IEO_FEA_LO.wav,fear_2552.png,fear,train
1029_IWW_HAP_XX.wav,happy_2553.png,happy,train
1078_MTI_ANG_XX.wav,angry_2554.png,angry,train
1039_IEO_FEA_MD.wav,fear_2555.png,fear,train
1067_IWL_SAD_XX.wav,sad_2556.png,sad,train
1041_IWW_FEA_XX.wav,fear_2557.png,fear,train
1044_DFA_ANG_XX.wav,angry_2558.png,angry,train
1016_IWL_ANG_XX.wav,angry_2559.png,angry,train
1077_IWW_HAP_XX.wav,happy_2560.png,happy,train
1071_MTI_HAP_XX.wav,happy_2561.png,happy,train
1089_IOM_DIS_XX.wav,disgust_2562.png,disgust,train
1014_IOM_HAP_XX.wav,happy_2563.png,happy,train
1001_TIE_HAP_XX.wav,happy_2564.png,happy,train
1091_IWL_HAP_XX.wav,happy_2565.png,happy,train
1079_ITS_HAP_XX.wav,happy_2566.png,happy,train
1011_MTI_DIS_XX.wav,disgust_2567.png,disgust,train
1085_WSI_NEU_XX.wav,neutral_2568.png,neutral,train
1070_TAI_ANG_XX.wav,angry_2569.png,angry,train
1088_IWL_HAP_XX.wav,happy_2570.png,happy,train
1032_ITS_DIS_XX.wav,disgust_2571.png,disgust,train
1042_ITS_SAD_XX.wav,sad_2572.png,sad,train
1042_TSI_NEU_XX.wav,neutral_2573.png,neutral,train
1047_IOM_SAD_XX.wav,sad_2574.png,sad,train
1066_ITH_HAP_XX.wav,happy_2575.png,happy,train
1017_MTI_HAP_XX.wav,happy_2576.png,happy,train
1002_ITS_HAP_XX.wav,happy_2577.png,happy,train
1074_IOM_NEU_XX.wav,neutral_2578.png,neutral,train
1039_TAI_HAP_XX.wav,happy_2579.png,happy,train
1078_MTI_DIS_XX.wav,disgust_2580.png,disgust,train
1003_ITH_NEU_XX.wav,neutral_2581.png,neutral,train
1026_IWW_NEU_XX.wav,neutral_2582.png,neutral,train
1010_TAI_SAD_XX.wav,sad_2583.png,sad,train
1009_TIE_FEA_XX.wav,fear_2584.png,fear,train
1063_DFA_FEA_XX.wav,fear_2585.png,fear,train
1044_IWL_DIS_XX.wav,disgust_2586.png,disgust,train
1080_TAI_ANG_XX.wav,angry_2587.png,angry,train
1082_TIE_ANG_XX.wav,angry_2588.png,angry,train
1088_IEO_SAD_LO.wav,sad_2589.png,sad,train
1089_IWL_DIS_XX.wav,disgust_2590.png,disgust,train
1085_TIE_NEU_XX.wav,neutral_2591.png,neutral,train
1034_IOM_FEA_XX.wav,fear_2592.png,fear,train
1065_IEO_HAP_LO.wav,happy_2593.png,happy,train
1065_IWL_HAP_XX.wav,happy_2594.png,happy,train
1039_TAI_SAD_XX.wav,sad_2595.png,sad,train
1013_IOM_ANG_XX.wav,angry_2596.png,angry,train
1059_ITH_HAP_XX.wav,happy_2597.png,happy,train
1040_MTI_ANG_XX.wav,angry_2598.png,angry,train
1032_MTI_FEA_XX.wav,fear_2599.png,fear,train
1080_DFA_FEA_XX.wav,fear_2600.png,fear,train
1017_MTI_DIS_XX.wav,disgust_2601.png,disgust,train
1086_IEO_HAP_LO.wav,happy_2602.png,happy,train
1036_MTI_SAD_XX.wav,sad_2603.png,sad,train
1064_TAI_FEA_XX.wav,fear_2604.png,fear,train
1034_IEO_HAP_MD.wav,happy_2605.png,happy,train
1018_DFA_FEA_XX.wav,fear_2606.png,fear,train
1090_TSI_HAP_XX.wav,happy_2607.png,happy,train
1041_IEO_ANG_HI.wav,angry_2608.png,angry,train
1088_ITH_HAP_XX.wav,happy_2609.png,happy,train
1057_TIE_DIS_XX.wav,disgust_2610.png,disgust,train
1055_MTI_DIS_XX.wav,disgust_2611.png,disgust,train
1076_WSI_HAP_XX.wav,happy_2612.png,happy,train
1050_DFA_DIS_XX.wav,disgust_2613.png,disgust,train
1066_WSI_FEA_XX.wav,fear_2614.png,fear,train
1077_WSI_HAP_XX.wav,happy_2615.png,happy,train
1069_ITH_SAD_XX.wav,sad_2616.png,sad,train
1033_ITS_SAD_XX.wav,sad_2617.png,sad,train
1063_IOM_ANG_XX.wav,angry_2618.png,angry,train
1018_WSI_HAP_XX.wav,happy_2619.png,happy,train
1038_ITS_ANG_XX.wav,angry_2620.png,angry,train
1065_MTI_NEU_XX.wav,neutral_2621.png,neutral,train
1058_ITS_FEA_XX.wav,fear_2622.png,fear,train
1053_TIE_FEA_XX.wav,fear_2623.png,fear,train
1075_TSI_FEA_XX.wav,fear_2624.png,fear,train
1016_WSI_HAP_XX.wav,happy_2625.png,happy,train
1067_TIE_ANG_XX.wav,angry_2626.png,angry,train
1046_IWW_SAD_XX.wav,sad_2627.png,sad,train
1060_IOM_SAD_XX.wav,sad_2628.png,sad,train
1004_ITS_DIS_XX.wav,disgust_2629.png,disgust,train
1084_WSI_SAD_XX.wav,sad_2630.png,sad,train
1019_IOM_HAP_XX.wav,happy_2631.png,happy,train
1089_IEO_HAP_HI.wav,happy_2632.png,happy,train
1085_IEO_HAP_MD.wav,happy_2633.png,happy,train
1019_IEO_DIS_MD.wav,disgust_2634.png,disgust,train
1074_IWW_FEA_XX.wav,fear_2635.png,fear,train
1031_ITH_DIS_XX.wav,disgust_2636.png,disgust,train
1064_TIE_NEU_XX.wav,neutral_2637.png,neutral,train
1068_IEO_NEU_XX.wav,neutral_2638.png,neutral,train
1084_IEO_ANG_HI.wav,angry_2639.png,angry,train
1050_IWW_HAP_XX.wav,happy_2640.png,happy,train
1061_TSI_FEA_XX.wav,fear_2641.png,fear,train
1001_IEO_SAD_MD.wav,sad_2642.png,sad,train
1086_MTI_SAD_XX.wav,sad_2643.png,sad,train
1040_TAI_ANG_XX.wav,angry_2644.png,angry,train
1085_ITS_ANG_XX.wav,angry_2645.png,angry,train
1072_TAI_FEA_XX.wav,fear_2646.png,fear,train
1065_IEO_ANG_HI.wav,angry_2647.png,angry,train
1051_TAI_HAP_XX.wav,happy_2648.png,happy,train
1042_ITH_ANG_XX.wav,angry_2649.png,angry,train
1052_ITS_ANG_XX.wav,angry_2650.png,angry,train
1084_IWL_ANG_XX.wav,angry_2651.png,angry,train
1017_IWW_DIS_XX.wav,disgust_2652.png,disgust,train
1037_ITS_NEU_XX.wav,neutral_2653.png,neutral,train
1042_TSI_FEA_XX.wav,fear_2654.png,fear,train
1015_TSI_NEU_XX.wav,neutral_2655.png,neutral,train
1076_ITH_FEA_XX.wav,fear_2656.png,fear,train
1043_ITH_FEA_XX.wav,fear_2657.png,fear,train
1065_TSI_SAD_XX.wav,sad_2658.png,sad,train
1053_MTI_DIS_XX.wav,disgust_2659.png,disgust,train
1007_IWL_SAD_XX.wav,sad_2660.png,sad,train
1067_MTI_NEU_XX.wav,neutral_2661.png,neutral,train
1053_IWL_NEU_XX.wav,neutral_2662.png,neutral,train
1085_IEO_DIS_LO.wav,disgust_2663.png,disgust,train
1008_IEO_FEA_HI.wav,fear_2664.png,fear,train
1042_TSI_DIS_XX.wav,disgust_2665.png,disgust,train
1081_ITH_NEU_XX.wav,neutral_2666.png,neutral,train
1036_IWW_FEA_XX.wav,fear_2667.png,fear,train
1018_IWW_NEU_XX.wav,neutral_2668.png,neutral,train
1055_ITS_ANG_XX.wav,angry_2669.png,angry,train
1083_MTI_HAP_XX.wav,happy_2670.png,happy,train
1087_ITH_NEU_XX.wav,neutral_2671.png,neutral,train
1035_WSI_HAP_XX.wav,happy_2672.png,happy,train
1030_IOM_NEU_XX.wav,neutral_2673.png,neutral,train
1086_ITH_DIS_XX.wav,disgust_2674.png,disgust,train
1054_IEO_DIS_LO.wav,disgust_2675.png,disgust,train
1030_TSI_DIS_XX.wav,disgust_2676.png,disgust,train
1053_WSI_FEA_XX.wav,fear_2677.png,fear,train
1023_TIE_HAP_XX.wav,happy_2678.png,happy,train
1051_TAI_DIS_XX.wav,disgust_2679.png,disgust,train
1059_ITS_SAD_XX.wav,sad_2680.png,sad,train
1058_IEO_SAD_HI.wav,sad_2681.png,sad,train
1023_IOM_ANG_XX.wav,angry_2682.png,angry,train
1043_IEO_ANG_LO.wav,angry_2683.png,angry,train
1049_IWW_HAP_XX.wav,happy_2684.png,happy,train
1005_IWL_FEA_XX.wav,fear_2685.png,fear,train
1029_IWW_NEU_XX.wav,neutral_2686.png,neutral,train
1026_DFA_HAP_XX.wav,happy_2687.png,happy,train
1041_IEO_FEA_LO.wav,fear_2688.png,fear,train
1013_IEO_ANG_LO.wav,angry_2689.png,angry,train
1058_IEO_ANG_MD.wav,angry_2690.png,angry,train
1037_IWW_NEU_XX.wav,neutral_2691.png,neutral,train
1033_IWW_FEA_XX.wav,fear_2692.png,fear,train
1080_IEO_FEA_MD.wav,fear_2693.png,fear,train
1021_IOM_SAD_XX.wav,sad_2694.png,sad,train
1067_TIE_FEA_XX.wav,fear_2695.png,fear,train
1088_IEO_NEU_XX.wav,neutral_2696.png,neutral,train
1035_TAI_DIS_XX.wav,disgust_2697.png,disgust,train
1083_TIE_HAP_XX.wav,happy_2698.png,happy,train
1083_ITH_HAP_XX.wav,happy_2699.png,happy,train
1052_MTI_NEU_XX.wav,neutral_2700.png,neutral,train
1014_IEO_SAD_HI.wav,sad_2701.png,sad,train
1051_IWW_HAP_XX.wav,happy_2702.png,happy,train
1066_TIE_NEU_XX.wav,neutral_2703.png,neutral,train
1052_IEO_HAP_MD.wav,happy_2704.png,happy,train
1048_IEO_HAP_HI.wav,happy_2705.png,happy,train
1046_IWW_DIS_XX.wav,disgust_2706.png,disgust,train
1004_MTI_DIS_XX.wav,disgust_2707.png,disgust,train
1049_TAI_SAD_XX.wav,sad_2708.png,sad,train
1003_ITH_HAP_XX.wav,happy_2709.png,happy,train
1050_TAI_NEU_XX.wav,neutral_2710.png,neutral,train
1031_IEO_SAD_HI.wav,sad_2711.png,sad,train
1086_IWL_NEU_XX.wav,neutral_2712.png,neutral,train
1044_DFA_SAD_XX.wav,sad_2713.png,sad,train
1037_WSI_ANG_XX.wav,angry_2714.png,angry,train
1077_IOM_NEU_XX.wav,neutral_2715.png,neutral,train
1041_TIE_NEU_XX.wav,neutral_2716.png,neutral,train
1077_IWL_HAP_XX.wav,happy_2717.png,happy,train
1049_ITH_HAP_XX.wav,happy_2718.png,happy,train
1041_IEO_ANG_LO.wav,angry_2719.png,angry,train
1035_MTI_ANG_XX.wav,angry_2720.png,angry,train
1087_IWW_ANG_XX.wav,angry_2721.png,angry,train
1084_DFA_ANG_XX.wav,angry_2722.png,angry,train
1027_ITS_HAP_XX.wav,happy_2723.png,happy,train
1026_DFA_DIS_XX.wav,disgust_2724.png,disgust,train
1020_TAI_DIS_XX.wav,disgust_2725.png,disgust,train
1059_TSI_SAD_XX.wav,sad_2726.png,sad,train
1028_TAI_DIS_XX.wav,disgust_2727.png,disgust,train
1019_WSI_SAD_XX.wav,sad_2728.png,sad,train
1008_ITS_DIS_XX.wav,disgust_2729.png,disgust,train
1003_WSI_FEA_XX.wav,fear_2730.png,fear,train
1083_DFA_DIS_XX.wav,disgust_2731.png,disgust,train
1007_TAI_HAP_XX.wav,happy_2732.png,happy,train
1072_TIE_HAP_XX.wav,happy_2733.png,happy,train
1006_IWL_DIS_XX.wav,disgust_2734.png,disgust,train
1025_MTI_SAD_XX.wav,sad_2735.png,sad,train
1070_IEO_HAP_HI.wav,happy_2736.png,happy,train
1080_DFA_DIS_XX.wav,disgust_2737.png,disgust,train
1021_TIE_SAD_XX.wav,sad_2738.png,sad,train
1056_ITH_ANG_XX.wav,angry_2739.png,angry,train
1034_IEO_ANG_LO.wav,angry_2740.png,angry,train
1091_MTI_DIS_XX.wav,disgust_2741.png,disgust,train
1010_TSI_SAD_XX.wav,sad_2742.png,sad,train
1061_IEO_FEA_LO.wav,fear_2743.png,fear,train
1023_IEO_ANG_LO.wav,angry_2744.png,angry,train
1050_IWW_DIS_XX.wav,disgust_2745.png,disgust,train
1029_ITH_NEU_XX.wav,neutral_2746.png,neutral,train
1024_ITS_SAD_XX.wav,sad_2747.png,sad,train
1029_ITS_DIS_XX.wav,disgust_2748.png,disgust,train
1012_TSI_DIS_XX.wav,disgust_2749.png,disgust,train
1031_ITS_DIS_XX.wav,disgust_2750.png,disgust,train
1024_IWL_DIS_XX.wav,disgust_2751.png,disgust,train
1001_ITS_ANG_XX.wav,angry_2752.png,angry,train
1019_TIE_SAD_XX.wav,sad_2753.png,sad,train
1041_MTI_SAD_XX.wav,sad_2754.png,sad,train
1025_IEO_FEA_HI.wav,fear_2755.png,fear,train
1047_IOM_NEU_XX.wav,neutral_2756.png,neutral,train
1047_DFA_HAP_XX.wav,happy_2757.png,happy,train
1080_IWL_ANG_XX.wav,angry_2758.png,angry,train
1089_IOM_ANG_XX.wav,angry_2759.png,angry,train
1062_WSI_SAD_XX.wav,sad_2760.png,sad,train
1025_ITH_ANG_XX.wav,angry_2761.png,angry,train
1041_IWW_NEU_XX.wav,neutral_2762.png,neutral,train
1077_ITH_NEU_XX.wav,neutral_2763.png,neutral,train
1050_IOM_HAP_XX.wav,happy_2764.png,happy,train
1072_IEO_DIS_HI.wav,disgust_2765.png,disgust,train
1050_ITH_ANG_XX.wav,angry_2766.png,angry,train
1066_WSI_HAP_XX.wav,happy_2767.png,happy,train
1004_DFA_ANG_XX.wav,angry_2768.png,angry,train
1039_IWW_HAP_XX.wav,happy_2769.png,happy,train
1050_TIE_FEA_XX.wav,fear_2770.png,fear,train
1058_IEO_FEA_LO.wav,fear_2771.png,fear,train
1038_TIE_SAD_XX.wav,sad_2772.png,sad,train
1061_MTI_SAD_XX.wav,sad_2773.png,sad,train
1029_IEO_ANG_HI.wav,angry_2774.png,angry,train
1074_IWL_DIS_XX.wav,disgust_2775.png,disgust,train
1020_IEO_FEA_MD.wav,fear_2776.png,fear,train
1019_IWL_DIS_XX.wav,disgust_2777.png,disgust,train
1091_TAI_HAP_XX.wav,happy_2778.png,happy,train
1025_TIE_HAP_XX.wav,happy_2779.png,happy,train
1039_ITS_ANG_XX.wav,angry_2780.png,angry,train
1064_WSI_SAD_XX.wav,sad_2781.png,sad,train
1036_MTI_HAP_XX.wav,happy_2782.png,happy,train
1073_IEO_ANG_MD.wav,angry_2783.png,angry,train
1067_IEO_SAD_MD.wav,sad_2784.png,sad,train
1064_ITH_HAP_XX.wav,happy_2785.png,happy,train
1003_IEO_DIS_LO.wav,disgust_2786.png,disgust,train
1017_IEO_HAP_LO.wav,happy_2787.png,happy,train
1006_TAI_ANG_XX.wav,angry_2788.png,angry,train
1009_IWL_ANG_XX.wav,angry_2789.png,angry,train
1015_IWW_HAP_XX.wav,happy_2790.png,happy,train
1063_IEO_HAP_HI.wav,happy_2791.png,happy,train
1037_TSI_FEA_XX.wav,fear_2792.png,fear,train
1019_TAI_DIS_XX.wav,disgust_2793.png,disgust,train
1040_IWL_NEU_XX.wav,neutral_2794.png,neutral,train
1011_ITH_NEU_XX.wav,neutral_2795.png,neutral,train
1052_DFA_FEA_XX.wav,fear_2796.png,fear,train
1069_TIE_FEA_XX.wav,fear_2797.png,fear,train
1019_TSI_DIS_XX.wav,disgust_2798.png,disgust,train
1051_MTI_FEA_XX.wav,fear_2799.png,fear,train
1087_IEO_HAP_HI.wav,happy_2800.png,happy,train
1015_WSI_SAD_XX.wav,sad_2801.png,sad,train
1004_WSI_DIS_XX.wav,disgust_2802.png,disgust,train
1044_IWW_HAP_XX.wav,happy_2803.png,happy,train
1090_TAI_FEA_XX.wav,fear_2804.png,fear,train
1058_IEO_HAP_LO.wav,happy_2805.png,happy,train
1003_TAI_ANG_XX.wav,angry_2806.png,angry,train
1088_IWW_HAP_XX.wav,happy_2807.png,happy,train
1066_IOM_SAD_XX.wav,sad_2808.png,sad,train
1088_IEO_HAP_LO.wav,happy_2809.png,happy,train
1083_ITH_SAD_XX.wav,sad_2810.png,sad,train
1078_DFA_ANG_XX.wav,angry_2811.png,angry,train
1033_IWW_NEU_XX.wav,neutral_2812.png,neutral,train
1082_WSI_DIS_XX.wav,disgust_2813.png,disgust,train
1006_WSI_DIS_XX.wav,disgust_2814.png,disgust,train
1023_WSI_HAP_XX.wav,happy_2815.png,happy,train
1059_TIE_ANG_XX.wav,angry_2816.png,angry,train
1083_TIE_FEA_XX.wav,fear_2817.png,fear,train
1057_TIE_ANG_XX.wav,angry_2818.png,angry,train
1070_TAI_NEU_XX.wav,neutral_2819.png,neutral,train
1047_TIE_HAP_XX.wav,happy_2820.png,happy,train
1041_WSI_SAD_XX.wav,sad_2821.png,sad,train
1084_MTI_NEU_XX.wav,neutral_2822.png,neutral,train
1089_IWW_HAP_XX.wav,happy_2823.png,happy,train
1084_IEO_SAD_HI.wav,sad_2824.png,sad,train
1039_ITH_NEU_XX.wav,neutral_2825.png,neutral,train
1052_IEO_FEA_MD.wav,fear_2826.png,fear,train
1037_TIE_NEU_XX.wav,neutral_2827.png,neutral,train
1002_IEO_SAD_MD.wav,sad_2828.png,sad,train
1043_TAI_NEU_XX.wav,neutral_2829.png,neutral,train
1082_DFA_FEA_XX.wav,fear_2830.png,fear,train
1068_WSI_FEA_XX.wav,fear_2831.png,fear,train
1090_WSI_HAP_XX.wav,happy_2832.png,happy,train
1087_IOM_DIS_XX.wav,disgust_2833.png,disgust,train
1037_WSI_NEU_XX.wav,neutral_2834.png,neutral,train
1034_IEO_DIS_MD.wav,disgust_2835.png,disgust,train
1071_DFA_ANG_XX.wav,angry_2836.png,angry,train
1042_TIE_SAD_XX.wav,sad_2837.png,sad,train
1025_ITS_FEA_XX.wav,fear_2838.png,fear,train
1074_IWW_NEU_XX.wav,neutral_2839.png,neutral,train
1022_IEO_HAP_MD.wav,happy_2840.png,happy,train
1021_IWL_NEU_XX.wav,neutral_2841.png,neutral,train
1014_TSI_FEA_XX.wav,fear_2842.png,fear,train
1029_IWL_FEA_XX.wav,fear_2843.png,fear,train
1002_WSI_HAP_XX.wav,happy_2844.png,happy,train
1045_IWW_NEU_XX.wav,neutral_2845.png,neutral,train
1049_IWL_FEA_XX.wav,fear_2846.png,fear,train
1006_TIE_FEA_XX.wav,fear_2847.png,fear,train
1049_IWL_NEU_XX.wav,neutral_2848.png,neutral,train
1004_IEO_DIS_LO.wav,disgust_2849.png,disgust,train
1008_TAI_SAD_XX.wav,sad_2850.png,sad,train
1059_IOM_NEU_XX.wav,neutral_2851.png,neutral,train
1006_TAI_DIS_XX.wav,disgust_2852.png,disgust,train
1028_IOM_DIS_XX.wav,disgust_2853.png,disgust,train
1083_IWW_HAP_XX.wav,happy_2854.png,happy,train
1063_WSI_DIS_XX.wav,disgust_2855.png,disgust,train
1024_IEO_SAD_HI.wav,sad_2856.png,sad,train
1015_IEO_DIS_LO.wav,disgust_2857.png,disgust,train
1003_DFA_FEA_XX.wav,fear_2858.png,fear,train
1052_MTI_DIS_XX.wav,disgust_2859.png,disgust,train
1073_ITS_ANG_XX.wav,angry_2860.png,angry,train
1033_ITH_DIS_XX.wav,disgust_2861.png,disgust,train
1038_IWW_ANG_XX.wav,angry_2862.png,angry,train
1015_MTI_HAP_XX.wav,happy_2863.png,happy,train
1074_IEO_FEA_LO.wav,fear_2864.png,fear,train
1054_ITS_HAP_XX.wav,happy_2865.png,happy,train
1005_IEO_NEU_XX.wav,neutral_2866.png,neutral,train
1025_DFA_HAP_XX.wav,happy_2867.png,happy,train
1078_IEO_DIS_HI.wav,disgust_2868.png,disgust,train
1088_IWL_ANG_XX.wav,angry_2869.png,angry,train
1064_WSI_FEA_XX.wav,fear_2870.png,fear,train
1065_ITH_NEU_XX.wav,neutral_2871.png,neutral,train
1028_ITS_FEA_XX.wav,fear_2872.png,fear,train
1049_IEO_HAP_MD.wav,happy_2873.png,happy,train
1065_IEO_FEA_MD.wav,fear_2874.png,fear,train
1044_IEO_ANG_LO.wav,angry_2875.png,angry,train
1082_TIE_NEU_XX.wav,neutral_2876.png,neutral,train
1002_ITH_FEA_XX.wav,fear_2877.png,fear,train
1015_TAI_ANG_XX.wav,angry_2878.png,angry,train
1022_IWL_SAD_XX.wav,sad_2879.png,sad,train
1004_IEO_DIS_HI.wav,disgust_2880.png,disgust,train
1053_TAI_FEA_XX.wav,fear_2881.png,fear,train
1049_TAI_NEU_XX.wav,neutral_2882.png,neutral,train
1007_DFA_SAD_XX.wav,sad_2883.png,sad,train
1031_TSI_NEU_XX.wav,neutral_2884.png,neutral,train
1062_IWW_HAP_XX.wav,happy_2885.png,happy,train
1068_IEO_ANG_HI.wav,angry_2886.png,angry,train
1014_IEO_HAP_HI.wav,happy_2887.png,happy,train
1081_IWW_DIS_XX.wav,disgust_2888.png,disgust,train
1072_TAI_ANG_XX.wav,angry_2889.png,angry,train
1066_TSI_SAD_XX.wav,sad_2890.png,sad,train
1045_WSI_SAD_XX.wav,sad_2891.png,sad,train
1051_IWW_DIS_XX.wav,disgust_2892.png,disgust,train
1026_TAI_NEU_XX.wav,neutral_2893.png,neutral,train
1026_DFA_SAD_XX.wav,sad_2894.png,sad,train
1025_TSI_SAD_XX.wav,sad_2895.png,sad,train
1044_WSI_DIS_XX.wav,disgust_2896.png,disgust,train
1026_IEO_NEU_XX.wav,neutral_2897.png,neutral,train
1073_ITS_SAD_XX.wav,sad_2898.png,sad,train
1049_ITS_FEA_XX.wav,fear_2899.png,fear,train
1036_IWL_SAD_XX.wav,sad_2900.png,sad,train
1032_TIE_FEA_XX.wav,fear_2901.png,fear,train
1021_IWL_ANG_XX.wav,angry_2902.png,angry,train
1064_ITS_HAP_XX.wav,happy_2903.png,happy,train
1047_IOM_FEA_XX.wav,fear_2904.png,fear,train
1056_MTI_HAP_XX.wav,happy_2905.png,happy,train
1091_IWW_HAP_XX.wav,happy_2906.png,happy,train
1089_ITS_FEA_XX.wav,fear_2907.png,fear,train
1089_WSI_HAP_XX.wav,happy_2908.png,happy,train
1049_IWW_ANG_XX.wav,angry_2909.png,angry,train
1043_TAI_DIS_XX.wav,disgust_2910.png,disgust,train
1041_TSI_ANG_XX.wav,angry_2911.png,angry,train
1090_TIE_ANG_XX.wav,angry_2912.png,angry,train
1071_IWL_HAP_XX.wav,happy_2913.png,happy,train
1020_DFA_HAP_XX.wav,happy_2914.png,happy,train
1070_IEO_ANG_LO.wav,angry_2915.png,angry,train
1044_TIE_ANG_XX.wav,angry_2916.png,angry,train
1084_MTI_DIS_XX.wav,disgust_2917.png,disgust,train
1052_IOM_SAD_XX.wav,sad_2918.png,sad,train
1045_IWW_SAD_XX.wav,sad_2919.png,sad,train
1018_IEO_ANG_HI.wav,angry_2920.png,angry,train
1019_MTI_ANG_XX.wav,angry_2921.png,angry,train
1043_IOM_FEA_XX.wav,fear_2922.png,fear,train
1029_IOM_NEU_XX.wav,neutral_2923.png,neutral,train
1044_MTI_FEA_XX.wav,fear_2924.png,fear,train
1016_DFA_NEU_XX.wav,neutral_2925.png,neutral,train
1048_IEO_FEA_HI.wav,fear_2926.png,fear,train
1046_IOM_ANG_XX.wav,angry_2927.png,angry,train
1006_IEO_SAD_LO.wav,sad_2928.png,sad,train
1076_IWL_SAD_XX.wav,sad_2929.png,sad,train
1038_TIE_DIS_XX.wav,disgust_2930.png,disgust,train
1042_ITH_HAP_XX.wav,happy_2931.png,happy,train
1043_ITH_SAD_XX.wav,sad_2932.png,sad,train
1020_IOM_HAP_XX.wav,happy_2933.png,happy,train
1004_ITH_SAD_XX.wav,sad_2934.png,sad,train
1060_IEO_HAP_MD.wav,happy_2935.png,happy,train
1028_DFA_NEU_XX.wav,neutral_2936.png,neutral,train
1067_ITH_DIS_XX.wav,disgust_2937.png,disgust,train
1025_IWW_FEA_XX.wav,fear_2938.png,fear,train
1091_TIE_DIS_XX.wav,disgust_2939.png,disgust,train
1007_TAI_FEA_XX.wav,fear_2940.png,fear,train
1028_IOM_NEU_XX.wav,neutral_2941.png,neutral,train
1054_ITS_FEA_XX.wav,fear_2942.png,fear,train
1002_IEO_SAD_LO.wav,sad_2943.png,sad,train
1070_IEO_DIS_MD.wav,disgust_2944.png,disgust,train
1001_DFA_DIS_XX.wav,disgust_2945.png,disgust,train
1035_MTI_FEA_XX.wav,fear_2946.png,fear,train
1088_MTI_NEU_XX.wav,neutral_2947.png,neutral,train
1002_TSI_SAD_XX.wav,sad_2948.png,sad,train
1016_IWW_NEU_XX.wav,neutral_2949.png,neutral,train
1030_IWW_HAP_XX.wav,happy_2950.png,happy,train
1024_TAI_FEA_XX.wav,fear_2951.png,fear,train
1086_IWL_DIS_XX.wav,disgust_2952.png,disgust,train
1031_TSI_FEA_XX.wav,fear_2953.png,fear,train
1063_IEO_HAP_LO.wav,happy_2954.png,happy,train
1025_IWL_NEU_XX.wav,neutral_2955.png,neutral,train
1026_TSI_FEA_XX.wav,fear_2956.png,fear,train
1049_IWL_HAP_XX.wav,happy_2957.png,happy,train
1047_TIE_ANG_XX.wav,angry_2958.png,angry,train
1075_ITS_SAD_XX.wav,sad_2959.png,sad,train
1075_DFA_ANG_XX.wav,angry_2960.png,angry,train
1056_TIE_DIS_XX.wav,disgust_2961.png,disgust,train
1085_IOM_HAP_XX.wav,happy_2962.png,happy,train
1020_ITS_NEU_XX.wav,neutral_2963.png,neutral,train
1006_ITH_DIS_XX.wav,disgust_2964.png,disgust,train
1082_IWL_NEU_XX.wav,neutral_2965.png,neutral,train
1079_IEO_FEA_HI.wav,fear_2966.png,fear,train
1019_TIE_HAP_XX.wav,happy_2967.png,happy,train
1023_MTI_SAD_XX.wav,sad_2968.png,sad,train
1046_ITH_FEA_XX.wav,fear_2969.png,fear,train
1055_ITS_DIS_XX.wav,disgust_2970.png,disgust,train
1007_ITS_SAD_XX.wav,sad_2971.png,sad,train
1075_TIE_SAD_XX.wav,sad_2972.png,sad,train
1087_IEO_SAD_MD.wav,sad_2973.png,sad,train
1038_IEO_DIS_HI.wav,disgust_2974.png,disgust,train
1076_WSI_FEA_XX.wav,fear_2975.png,fear,train
1053_IEO_SAD_HI.wav,sad_2976.png,sad,train
1034_MTI_ANG_XX.wav,angry_2977.png,angry,train
1085_MTI_ANG_XX.wav,angry_2978.png,angry,train
1006_ITH_HAP_XX.wav,happy_2979.png,happy,train
1010_WSI_DIS_XX.wav,disgust_2980.png,disgust,train
1079_TAI_SAD_XX.wav,sad_2981.png,sad,train
1067_IEO_ANG_LO.wav,angry_2982.png,angry,train
1011_TIE_FEA_XX.wav,fear_2983.png,fear,train
1084_IEO_DIS_HI.wav,disgust_2984.png,disgust,train
1023_ITS_FEA_XX.wav,fear_2985.png,fear,train
1011_TSI_HAP_XX.wav,happy_2986.png,happy,train
1059_TSI_DIS_XX.wav,disgust_2987.png,disgust,train
1089_IWW_FEA_XX.wav,fear_2988.png,fear,train
1013_WSI_NEU_XX.wav,neutral_2989.png,neutral,train
1024_DFA_DIS_XX.wav,disgust_2990.png,disgust,train
1034_MTI_HAP_XX.wav,happy_2991.png,happy,train
1041_TAI_FEA_XX.wav,fear_2992.png,fear,train
1029_TIE_NEU_XX.wav,neutral_2993.png,neutral,train
1043_WSI_HAP_XX.wav,happy_2994.png,happy,train
1073_IEO_HAP_LO.wav,happy_2995.png,happy,train
1042_IOM_HAP_XX.wav,happy_2996.png,happy,train
1074_TSI_FEA_XX.wav,fear_2997.png,fear,train
1021_MTI_NEU_XX.wav,neutral_2998.png,neutral,train
1045_TIE_FEA_XX.wav,fear_2999.png,fear,train
1005_ITH_ANG_XX.wav,angry_3000.png,angry,train
1032_IEO_ANG_LO.wav,angry_3001.png,angry,train
1087_TSI_DIS_XX.wav,disgust_3002.png,disgust,train
1033_TSI_FEA_XX.wav,fear_3003.png,fear,train
1012_ITS_NEU_XX.wav,neutral_3004.png,neutral,train
1076_IEO_DIS_LO.wav,disgust_3005.png,disgust,train
1030_IOM_ANG_XX.wav,angry_3006.png,angry,train
1026_TSI_HAP_XX.wav,happy_3007.png,happy,train
1013_TAI_DIS_XX.wav,disgust_3008.png,disgust,train
1045_IEO_SAD_MD.wav,sad_3009.png,sad,train
1068_IWW_NEU_XX.wav,neutral_3010.png,neutral,train
1029_IEO_FEA_MD.wav,fear_3011.png,fear,train
1014_WSI_ANG_XX.wav,angry_3012.png,angry,train
1036_TSI_ANG_XX.wav,angry_3013.png,angry,train
1077_IEO_DIS_MD.wav,disgust_3014.png,disgust,train
1058_IEO_DIS_MD.wav,disgust_3015.png,disgust,train
1025_WSI_SAD_XX.wav,sad_3016.png,sad,train
1003_TAI_FEA_XX.wav,fear_3017.png,fear,train
1077_IWW_NEU_XX.wav,neutral_3018.png,neutral,train
1067_IWL_NEU_XX.wav,neutral_3019.png,neutral,train
1006_ITS_DIS_XX.wav,disgust_3020.png,disgust,train
1004_WSI_NEU_XX.wav,neutral_3021.png,neutral,train
1035_IEO_HAP_LO.wav,happy_3022.png,happy,train
1086_IEO_SAD_MD.wav,sad_3023.png,sad,train
1060_ITS_HAP_XX.wav,happy_3024.png,happy,train
1066_ITS_NEU_XX.wav,neutral_3025.png,neutral,train
1028_MTI_FEA_XX.wav,fear_3026.png,fear,train
1045_WSI_HAP_XX.wav,happy_3027.png,happy,train
1036_TIE_FEA_XX.wav,fear_3028.png,fear,train
1023_ITS_HAP_XX.wav,happy_3029.png,happy,train
1079_ITS_DIS_XX.wav,disgust_3030.png,disgust,train
1073_TAI_DIS_XX.wav,disgust_3031.png,disgust,train
1032_TAI_DIS_XX.wav,disgust_3032.png,disgust,train
1062_ITS_SAD_XX.wav,sad_3033.png,sad,train
1012_MTI_DIS_XX.wav,disgust_3034.png,disgust,train
1004_WSI_SAD_XX.wav,sad_3035.png,sad,train
1022_IWL_DIS_XX.wav,disgust_3036.png,disgust,train
1056_IOM_NEU_XX.wav,neutral_3037.png,neutral,train
1056_TIE_ANG_XX.wav,angry_3038.png,angry,train
1053_IOM_HAP_XX.wav,happy_3039.png,happy,train
1049_TIE_NEU_XX.wav,neutral_3040.png,neutral,train
1065_IEO_HAP_MD.wav,happy_3041.png,happy,train
1026_ITH_SAD_XX.wav,sad_3042.png,sad,train
1031_IEO_FEA_LO.wav,fear_3043.png,fear,train
1067_IEO_FEA_MD.wav,fear_3044.png,fear,train
1025_TIE_ANG_XX.wav,angry_3045.png,angry,train
1024_IEO_FEA_MD.wav,fear_3046.png,fear,train
1059_WSI_FEA_XX.wav,fear_3047.png,fear,train
1008_MTI_FEA_XX.wav,fear_3048.png,fear,train
1032_WSI_HAP_XX.wav,happy_3049.png,happy,train
1066_WSI_NEU_XX.wav,neutral_3050.png,neutral,train
1026_IEO_FEA_MD.wav,fear_3051.png,fear,train
1022_ITH_NEU_XX.wav,neutral_3052.png,neutral,train
1084_ITS_DIS_XX.wav,disgust_3053.png,disgust,train
1026_ITH_FEA_XX.wav,fear_3054.png,fear,train
1045_ITH_NEU_XX.wav,neutral_3055.png,neutral,train
1013_TSI_DIS_XX.wav,disgust_3056.png,disgust,train
1032_IWL_FEA_XX.wav,fear_3057.png,fear,train
1049_IEO_SAD_LO.wav,sad_3058.png,sad,train
1004_TSI_ANG_XX.wav,angry_3059.png,angry,train
1063_MTI_DIS_XX.wav,disgust_3060.png,disgust,train
1027_TIE_FEA_XX.wav,fear_3061.png,fear,train
1070_IWW_DIS_XX.wav,disgust_3062.png,disgust,train
1090_IEO_SAD_HI.wav,sad_3063.png,sad,train
1058_IWL_NEU_XX.wav,neutral_3064.png,neutral,train
1032_TSI_FEA_XX.wav,fear_3065.png,fear,train
1074_MTI_DIS_XX.wav,disgust_3066.png,disgust,train
1026_MTI_HAP_XX.wav,happy_3067.png,happy,train
1038_WSI_HAP_XX.wav,happy_3068.png,happy,train
1050_TSI_HAP_XX.wav,happy_3069.png,happy,train
1066_IWL_DIS_XX.wav,disgust_3070.png,disgust,train
1083_MTI_FEA_XX.wav,fear_3071.png,fear,train
1051_IWW_ANG_XX.wav,angry_3072.png,angry,train
1075_MTI_ANG_XX.wav,angry_3073.png,angry,train
1089_TSI_HAP_XX.wav,happy_3074.png,happy,train
1018_IWL_HAP_XX.wav,happy_3075.png,happy,train
1032_MTI_ANG_XX.wav,angry_3076.png,angry,train
1063_TIE_NEU_XX.wav,neutral_3077.png,neutral,train
1015_WSI_FEA_XX.wav,fear_3078.png,fear,train
1089_TIE_HAP_XX.wav,happy_3079.png,happy,train
1005_IWL_HAP_XX.wav,happy_3080.png,happy,train
1075_WSI_NEU_XX.wav,neutral_3081.png,neutral,train
1019_TSI_FEA_XX.wav,fear_3082.png,fear,train
1078_IOM_ANG_XX.wav,angry_3083.png,angry,train
1034_IEO_DIS_LO.wav,disgust_3084.png,disgust,train
1065_ITS_NEU_XX.wav,neutral_3085.png,neutral,train
1013_TIE_FEA_XX.wav,fear_3086.png,fear,train
1088_TSI_NEU_XX.wav,neutral_3087.png,neutral,train
1080_IEO_HAP_MD.wav,happy_3088.png,happy,train
1043_IOM_SAD_XX.wav,sad_3089.png,sad,train
1019_MTI_NEU_XX.wav,neutral_3090.png,neutral,train
1014_IEO_FEA_MD.wav,fear_3091.png,fear,train
1031_WSI_ANG_XX.wav,angry_3092.png,angry,train
1049_DFA_ANG_XX.wav,angry_3093.png,angry,train
1049_TSI_FEA_XX.wav,fear_3094.png,fear,train
1062_IEO_SAD_HI.wav,sad_3095.png,sad,train
1044_IWW_DIS_XX.wav,disgust_3096.png,disgust,train
1035_WSI_FEA_XX.wav,fear_3097.png,fear,train
1069_TAI_NEU_XX.wav,neutral_3098.png,neutral,train
1044_TAI_NEU_XX.wav,neutral_3099.png,neutral,train
1045_WSI_ANG_XX.wav,angry_3100.png,angry,train
1079_IEO_DIS_HI.wav,disgust_3101.png,disgust,train
1002_IWL_SAD_XX.wav,sad_3102.png,sad,train
1023_IEO_FEA_LO.wav,fear_3103.png,fear,train
1035_ITS_HAP_XX.wav,happy_3104.png,happy,train
1029_ITS_SAD_XX.wav,sad_3105.png,sad,train
1073_TAI_FEA_XX.wav,fear_3106.png,fear,train
1082_TSI_NEU_XX.wav,neutral_3107.png,neutral,train
1002_TIE_SAD_XX.wav,sad_3108.png,sad,train
1017_IWW_SAD_XX.wav,sad_3109.png,sad,train
1045_TSI_HAP_XX.wav,happy_3110.png,happy,train
1020_TSI_ANG_XX.wav,angry_3111.png,angry,train
1020_IEO_ANG_LO.wav,angry_3112.png,angry,train
1072_TSI_NEU_XX.wav,neutral_3113.png,neutral,train
1087_TIE_SAD_XX.wav,sad_3114.png,sad,train
1087_IWL_ANG_XX.wav,angry_3115.png,angry,train
1028_IWL_HAP_XX.wav,happy_3116.png,happy,train
1063_IWL_FEA_XX.wav,fear_3117.png,fear,train
1069_MTI_ANG_XX.wav,angry_3118.png,angry,train
1061_IEO_SAD_MD.wav,sad_3119.png,sad,train
1059_DFA_HAP_XX.wav,happy_3120.png,happy,train
1087_IEO_HAP_MD.wav,happy_3121.png,happy,train
1005_TSI_NEU_XX.wav,neutral_3122.png,neutral,train
1075_TSI_ANG_XX.wav,angry_3123.png,angry,train
1019_ITS_SAD_XX.wav,sad_3124.png,sad,train
1047_DFA_DIS_XX.wav,disgust_3125.png,disgust,train
1052_ITH_ANG_XX.wav,angry_3126.png,angry,train
1080_TSI_HAP_XX.wav,happy_3127.png,happy,train
1005_WSI_FEA_XX.wav,fear_3128.png,fear,train
1030_TIE_DIS_XX.wav,disgust_3129.png,disgust,train
1022_IEO_SAD_HI.wav,sad_3130.png,sad,train
1035_IEO_SAD_LO.wav,sad_3131.png,sad,train
1020_TIE_FEA_XX.wav,fear_3132.png,fear,train
1025_WSI_DIS_XX.wav,disgust_3133.png,disgust,train
1012_IOM_HAP_XX.wav,happy_3134.png,happy,train
1051_TIE_ANG_XX.wav,angry_3135.png,angry,train
1072_ITS_SAD_XX.wav,sad_3136.png,sad,train
1016_IWL_HAP_XX.wav,happy_3137.png,happy,train
1005_DFA_SAD_XX.wav,sad_3138.png,sad,train
1032_IWL_HAP_XX.wav,happy_3139.png,happy,train
1052_ITS_FEA_XX.wav,fear_3140.png,fear,train
1065_IWL_NEU_XX.wav,neutral_3141.png,neutral,train
1036_IWL_ANG_XX.wav,angry_3142.png,angry,train
1013_ITS_HAP_XX.wav,happy_3143.png,happy,train
1087_WSI_DIS_XX.wav,disgust_3144.png,disgust,train
1031_IEO_NEU_XX.wav,neutral_3145.png,neutral,train
1001_TIE_NEU_XX.wav,neutral_3146.png,neutral,train
1040_IOM_DIS_XX.wav,disgust_3147.png,disgust,train
1036_IWW_DIS_XX.wav,disgust_3148.png,disgust,train
1005_IEO_DIS_HI.wav,disgust_3149.png,disgust,train
1077_TAI_DIS_XX.wav,disgust_3150.png,disgust,train
1061_IWL_NEU_XX.wav,neutral_3151.png,neutral,train
1057_IEO_SAD_HI.wav,sad_3152.png,sad,train
1066_IOM_DIS_XX.wav,disgust_3153.png,disgust,train
1014_IEO_FEA_HI.wav,fear_3154.png,fear,train
1023_IEO_SAD_MD.wav,sad_3155.png,sad,train
1051_IEO_DIS_HI.wav,disgust_3156.png,disgust,train
1091_DFA_FEA_XX.wav,fear_3157.png,fear,train
1084_TIE_NEU_XX.wav,neutral_3158.png,neutral,train
1074_IEO_DIS_LO.wav,disgust_3159.png,disgust,train
1031_WSI_FEA_XX.wav,fear_3160.png,fear,train
1043_WSI_SAD_XX.wav,sad_3161.png,sad,train
1039_IEO_ANG_LO.wav,angry_3162.png,angry,train
1042_TIE_HAP_XX.wav,happy_3163.png,happy,train
1046_TSI_SAD_XX.wav,sad_3164.png,sad,train
1010_IWW_FEA_XX.wav,fear_3165.png,fear,train
1051_ITH_SAD_XX.wav,sad_3166.png,sad,train
1068_WSI_NEU_XX.wav,neutral_3167.png,neutral,train
1004_IWW_ANG_XX.wav,angry_3168.png,angry,train
1030_TSI_ANG_XX.wav,angry_3169.png,angry,train
1015_IWL_DIS_XX.wav,disgust_3170.png,disgust,train
1060_WSI_NEU_XX.wav,neutral_3171.png,neutral,train
1066_IEO_SAD_MD.wav,sad_3172.png,sad,train
1014_IEO_DIS_HI.wav,disgust_3173.png,disgust,train
1045_MTI_SAD_XX.wav,sad_3174.png,sad,train
1056_ITH_HAP_XX.wav,happy_3175.png,happy,train
1086_ITH_ANG_XX.wav,angry_3176.png,angry,train
1012_IWL_FEA_XX.wav,fear_3177.png,fear,train
1031_TAI_FEA_XX.wav,fear_3178.png,fear,train
1014_TSI_DIS_XX.wav,disgust_3179.png,disgust,train
1007_TIE_FEA_XX.wav,fear_3180.png,fear,train
1074_IEO_HAP_HI.wav,happy_3181.png,happy,train
1057_TAI_SAD_XX.wav,sad_3182.png,sad,train
1011_TAI_FEA_XX.wav,fear_3183.png,fear,train
1030_IWL_ANG_XX.wav,angry_3184.png,angry,train
1082_IWW_SAD_XX.wav,sad_3185.png,sad,train
1064_IWL_HAP_XX.wav,happy_3186.png,happy,train
1067_IEO_SAD_LO.wav,sad_3187.png,sad,train
1077_TSI_DIS_XX.wav,disgust_3188.png,disgust,train
1070_WSI_FEA_XX.wav,fear_3189.png,fear,train
1020_ITH_FEA_XX.wav,fear_3190.png,fear,train
1082_MTI_NEU_XX.wav,neutral_3191.png,neutral,train
1002_IEO_SAD_HI.wav,sad_3192.png,sad,train
1071_ITH_ANG_XX.wav,angry_3193.png,angry,train
1028_IWW_DIS_XX.wav,disgust_3194.png,disgust,train
1043_IWW_ANG_XX.wav,angry_3195.png,angry,train
1058_IWW_ANG_XX.wav,angry_3196.png,angry,train
1084_TIE_ANG_XX.wav,angry_3197.png,angry,train
1053_IWW_DIS_XX.wav,disgust_3198.png,disgust,train
1035_IEO_DIS_LO.wav,disgust_3199.png,disgust,train
1060_IEO_SAD_HI.wav,sad_3200.png,sad,train
1010_DFA_DIS_XX.wav,disgust_3201.png,disgust,train
1042_TAI_DIS_XX.wav,disgust_3202.png,disgust,train
1001_TSI_HAP_XX.wav,happy_3203.png,happy,train
1061_IOM_ANG_XX.wav,angry_3204.png,angry,train
1055_IOM_NEU_XX.wav,neutral_3205.png,neutral,train
1085_ITS_FEA_XX.wav,fear_3206.png,fear,train
1032_WSI_NEU_XX.wav,neutral_3207.png,neutral,train
1074_IEO_HAP_MD.wav,happy_3208.png,happy,train
1015_ITS_NEU_XX.wav,neutral_3209.png,neutral,train
1001_IEO_NEU_XX.wav,neutral_3210.png,neutral,train
1047_WSI_NEU_XX.wav,neutral_3211.png,neutral,train
1091_IEO_ANG_LO.wav,angry_3212.png,angry,train
1020_TSI_DIS_XX.wav,disgust_3213.png,disgust,train
1019_DFA_HAP_XX.wav,happy_3214.png,happy,train
1073_IEO_FEA_LO.wav,fear_3215.png,fear,train
1073_IEO_FEA_MD.wav,fear_3216.png,fear,train
1070_IWW_HAP_XX.wav,happy_3217.png,happy,train
1018_IWL_NEU_XX.wav,neutral_3218.png,neutral,train
1018_TAI_NEU_XX.wav,neutral_3219.png,neutral,train
1056_TAI_NEU_XX.wav,neutral_3220.png,neutral,train
1086_IEO_ANG_MD.wav,angry_3221.png,angry,train
1008_IOM_NEU_XX.wav,neutral_3222.png,neutral,train
1009_IWW_HAP_XX.wav,happy_3223.png,happy,train
1089_ITS_SAD_XX.wav,sad_3224.png,sad,train
1091_IWL_ANG_XX.wav,angry_3225.png,angry,train
1058_IWL_FEA_XX.wav,fear_3226.png,fear,train
1084_IWL_HAP_XX.wav,happy_3227.png,happy,train
1081_ITS_FEA_XX.wav,fear_3228.png,fear,train
1015_TIE_DIS_XX.wav,disgust_3229.png,disgust,train
1002_TSI_FEA_XX.wav,fear_3230.png,fear,train
1034_MTI_FEA_XX.wav,fear_3231.png,fear,train
1033_TAI_HAP_XX.wav,happy_3232.png,happy,train
1079_IEO_HAP_HI.wav,happy_3233.png,happy,train
1060_TSI_SAD_XX.wav,sad_3234.png,sad,train
1064_MTI_FEA_XX.wav,fear_3235.png,fear,train
1072_MTI_DIS_XX.wav,disgust_3236.png,disgust,train
1031_IEO_SAD_MD.wav,sad_3237.png,sad,train
1072_IEO_DIS_LO.wav,disgust_3238.png,disgust,train
1005_IEO_FEA_LO.wav,fear_3239.png,fear,train
1008_MTI_NEU_XX.wav,neutral_3240.png,neutral,train
1048_IEO_NEU_XX.wav,neutral_3241.png,neutral,train
1065_ITH_FEA_XX.wav,fear_3242.png,fear,train
1041_TIE_DIS_XX.wav,disgust_3243.png,disgust,train
1033_IEO_HAP_MD.wav,happy_3244.png,happy,train
1060_TIE_NEU_XX.wav,neutral_3245.png,neutral,train
1054_IOM_HAP_XX.wav,happy_3246.png,happy,train
1018_ITS_SAD_XX.wav,sad_3247.png,sad,train
1009_TAI_FEA_XX.wav,fear_3248.png,fear,train
1037_ITH_ANG_XX.wav,angry_3249.png,angry,train
1070_TIE_FEA_XX.wav,fear_3250.png,fear,train
1032_IEO_ANG_MD.wav,angry_3251.png,angry,train
1040_TAI_DIS_XX.wav,disgust_3252.png,disgust,train
1003_TIE_NEU_XX.wav,neutral_3253.png,neutral,train
1023_MTI_FEA_XX.wav,fear_3254.png,fear,train
1038_ITH_FEA_XX.wav,fear_3255.png,fear,train
1084_TSI_HAP_XX.wav,happy_3256.png,happy,train
1056_ITS_SAD_XX.wav,sad_3257.png,sad,train
1010_IEO_DIS_LO.wav,disgust_3258.png,disgust,train
1015_TIE_FEA_XX.wav,fear_3259.png,fear,train
1008_IEO_ANG_LO.wav,angry_3260.png,angry,train
1025_IOM_DIS_XX.wav,disgust_3261.png,disgust,train
1022_TAI_FEA_XX.wav,fear_3262.png,fear,train
1024_IEO_ANG_MD.wav,angry_3263.png,angry,train
1082_IEO_ANG_MD.wav,angry_3264.png,angry,train
1044_DFA_DIS_XX.wav,disgust_3265.png,disgust,train
1041_DFA_NEU_XX.wav,neutral_3266.png,neutral,train
1040_TAI_HAP_XX.wav,happy_3267.png,happy,train
1051_IWL_FEA_XX.wav,fear_3268.png,fear,train
1054_MTI_NEU_XX.wav,neutral_3269.png,neutral,train
1071_TIE_HAP_XX.wav,happy_3270.png,happy,train
1014_IEO_ANG_LO.wav,angry_3271.png,angry,train
1075_IWW_FEA_XX.wav,fear_3272.png,fear,train
1074_IOM_DIS_XX.wav,disgust_3273.png,disgust,train
1046_IEO_ANG_LO.wav,angry_3274.png,angry,train
1004_IWW_SAD_XX.wav,sad_3275.png,sad,train
1015_DFA_ANG_XX.wav,angry_3276.png,angry,train
1011_IWW_HAP_XX.wav,happy_3277.png,happy,train
1089_TSI_NEU_XX.wav,neutral_3278.png,neutral,train
1079_MTI_FEA_XX.wav,fear_3279.png,fear,train
1061_ITS_SAD_XX.wav,sad_3280.png,sad,train
1072_IWW_FEA_XX.wav,fear_3281.png,fear,train
1014_DFA_ANG_XX.wav,angry_3282.png,angry,train
1056_TSI_FEA_XX.wav,fear_3283.png,fear,train
1052_IWW_SAD_XX.wav,sad_3284.png,sad,train
1068_MTI_FEA_XX.wav,fear_3285.png,fear,train
1020_TSI_FEA_XX.wav,fear_3286.png,fear,train
1027_TSI_ANG_XX.wav,angry_3287.png,angry,train
1044_IEO_SAD_MD.wav,sad_3288.png,sad,train
1011_ITS_DIS_XX.wav,disgust_3289.png,disgust,train
1076_IOM_SAD_XX.wav,sad_3290.png,sad,train
1008_IWL_HAP_XX.wav,happy_3291.png,happy,train
1003_ITH_FEA_XX.wav,fear_3292.png,fear,train
1080_IEO_NEU_XX.wav,neutral_3293.png,neutral,train
1034_TIE_NEU_XX.wav,neutral_3294.png,neutral,train
1075_IEO_DIS_LO.wav,disgust_3295.png,disgust,train
1046_MTI_SAD_XX.wav,sad_3296.png,sad,train
1047_IEO_NEU_XX.wav,neutral_3297.png,neutral,train
1051_IEO_SAD_HI.wav,sad_3298.png,sad,train
1065_TSI_ANG_XX.wav,angry_3299.png,angry,train
1032_IWL_NEU_XX.wav,neutral_3300.png,neutral,train
1062_WSI_FEA_XX.wav,fear_3301.png,fear,train
1013_TSI_NEU_XX.wav,neutral_3302.png,neutral,train
1001_ITH_HAP_XX.wav,happy_3303.png,happy,train
1013_IEO_DIS_LO.wav,disgust_3304.png,disgust,train
1049_IWL_DIS_XX.wav,disgust_3305.png,disgust,train
1024_WSI_ANG_XX.wav,angry_3306.png,angry,train
1004_IWW_DIS_XX.wav,disgust_3307.png,disgust,train
1084_IEO_HAP_HI.wav,happy_3308.png,happy,train
1088_MTI_FEA_XX.wav,fear_3309.png,fear,train
1077_IOM_FEA_XX.wav,fear_3310.png,fear,train
1073_IWW_NEU_XX.wav,neutral_3311.png,neutral,train
1064_ITS_NEU_XX.wav,neutral_3312.png,neutral,train
1003_IOM_DIS_XX.wav,disgust_3313.png,disgust,train
1070_ITH_DIS_XX.wav,disgust_3314.png,disgust,train
1087_IOM_FEA_XX.wav,fear_3315.png,fear,train
1035_IEO_ANG_LO.wav,angry_3316.png,angry,train
1079_TSI_HAP_XX.wav,happy_3317.png,happy,train
1074_WSI_ANG_XX.wav,angry_3318.png,angry,train
1012_IEO_SAD_LO.wav,sad_3319.png,sad,train
1076_MTI_SAD_XX.wav,sad_3320.png,sad,train
1070_ITS_DIS_XX.wav,disgust_3321.png,disgust,train
1013_WSI_HAP_XX.wav,happy_3322.png,happy,train
1014_TAI_ANG_XX.wav,angry_3323.png,angry,train
1039_IWW_FEA_XX.wav,fear_3324.png,fear,train
1059_IEO_SAD_MD.wav,sad_3325.png,sad,train
1076_IEO_FEA_HI.wav,fear_3326.png,fear,train
1060_ITS_NEU_XX.wav,neutral_3327.png,neutral,train
1055_TIE_ANG_XX.wav,angry_3328.png,angry,train
1086_IWW_NEU_XX.wav,neutral_3329.png,neutral,train
1001_WSI_DIS_XX.wav,disgust_3330.png,disgust,train
1084_ITH_FEA_XX.wav,fear_3331.png,fear,train
1090_MTI_NEU_XX.wav,neutral_3332.png,neutral,train
1046_IOM_NEU_XX.wav,neutral_3333.png,neutral,train
1064_IEO_ANG_LO.wav,angry_3334.png,angry,train
1076_IWL_DIS_XX.wav,disgust_3335.png,disgust,train
1034_TIE_FEA_XX.wav,fear_3336.png,fear,train
1051_IEO_HAP_HI.wav,happy_3337.png,happy,train
1012_DFA_SAD_XX.wav,sad_3338.png,sad,train
1066_IWW_SAD_XX.wav,sad_3339.png,sad,train
1030_IOM_FEA_XX.wav,fear_3340.png,fear,train
1029_IWL_DIS_XX.wav,disgust_3341.png,disgust,train
1005_IWL_ANG_XX.wav,angry_3342.png,angry,train
1066_TIE_DIS_XX.wav,disgust_3343.png,disgust,train
1003_DFA_ANG_XX.wav,angry_3344.png,angry,train
1011_IOM_FEA_XX.wav,fear_3345.png,fear,train
1087_MTI_FEA_XX.wav,fear_3346.png,fear,train
1024_DFA_ANG_XX.wav,angry_3347.png,angry,train
1029_IOM_ANG_XX.wav,angry_3348.png,angry,train
1044_TIE_HAP_XX.wav,happy_3349.png,happy,train
1031_TSI_HAP_XX.wav,happy_3350.png,happy,train
1087_IEO_SAD_LO.wav,sad_3351.png,sad,train
1074_IEO_DIS_HI.wav,disgust_3352.png,disgust,train
1018_IEO_HAP_MD.wav,happy_3353.png,happy,train
1017_WSI_SAD_XX.wav,sad_3354.png,sad,train
1074_TSI_HAP_XX.wav,happy_3355.png,happy,train
1028_MTI_SAD_XX.wav,sad_3356.png,sad,train
1002_IWW_FEA_XX.wav,fear_3357.png,fear,train
1044_ITS_FEA_XX.wav,fear_3358.png,fear,train
1053_IEO_DIS_MD.wav,disgust_3359.png,disgust,train
1016_MTI_SAD_XX.wav,sad_3360.png,sad,train
1052_ITH_FEA_XX.wav,fear_3361.png,fear,train
1030_IWW_DIS_XX.wav,disgust_3362.png,disgust,train
1083_DFA_FEA_XX.wav,fear_3363.png,fear,train
1001_TAI_HAP_XX.wav,happy_3364.png,happy,train
1034_ITH_ANG_XX.wav,angry_3365.png,angry,train
1062_IEO_SAD_LO.wav,sad_3366.png,sad,train
1057_WSI_HAP_XX.wav,happy_3367.png,happy,train
1027_TIE_ANG_XX.wav,angry_3368.png,angry,train
1018_IWL_SAD_XX.wav,sad_3369.png,sad,train
1021_DFA_DIS_XX.wav,disgust_3370.png,disgust,train
1072_IEO_SAD_HI.wav,sad_3371.png,sad,train
1074_ITH_DIS_XX.wav,disgust_3372.png,disgust,train
1089_IEO_HAP_MD.wav,happy_3373.png,happy,train
1066_TSI_HAP_XX.wav,happy_3374.png,happy,train
1077_TAI_FEA_XX.wav,fear_3375.png,fear,train
1088_IOM_DIS_XX.wav,disgust_3376.png,disgust,train
1058_DFA_HAP_XX.wav,happy_3377.png,happy,train
1045_TSI_SAD_XX.wav,sad_3378.png,sad,train
1004_TSI_HAP_XX.wav,happy_3379.png,happy,train
1015_IWW_SAD_XX.wav,sad_3380.png,sad,train
1020_DFA_ANG_XX.wav,angry_3381.png,angry,train
1067_WSI_HAP_XX.wav,happy_3382.png,happy,train
1072_MTI_HAP_XX.wav,happy_3383.png,happy,train
1023_WSI_ANG_XX.wav,angry_3384.png,angry,train
1086_TAI_FEA_XX.wav,fear_3385.png,fear,train
1063_TIE_SAD_XX.wav,sad_3386.png,sad,train
1041_TSI_DIS_XX.wav,disgust_3387.png,disgust,train
1038_IWW_SAD_XX.wav,sad_3388.png,sad,train
1086_IWL_SAD_XX.wav,sad_3389.png,sad,train
1077_ITH_FEA_XX.wav,fear_3390.png,fear,train
1013_WSI_DIS_XX.wav,disgust_3391.png,disgust,train
1021_IEO_DIS_LO.wav,disgust_3392.png,disgust,train
1087_IWW_FEA_XX.wav,fear_3393.png,fear,train
1052_DFA_SAD_XX.wav,sad_3394.png,sad,train
1039_TAI_NEU_XX.wav,neutral_3395.png,neutral,train
1073_IEO_ANG_LO.wav,angry_3396.png,angry,train
1055_IWL_NEU_XX.wav,neutral_3397.png,neutral,train
1061_WSI_FEA_XX.wav,fear_3398.png,fear,train
1066_TAI_HAP_XX.wav,happy_3399.png,happy,train
1068_IEO_FEA_MD.wav,fear_3400.png,fear,train
1041_TAI_ANG_XX.wav,angry_3401.png,angry,train
1067_MTI_ANG_XX.wav,angry_3402.png,angry,train
1040_ITS_HAP_XX.wav,happy_3403.png,happy,train
1022_MTI_HAP_XX.wav,happy_3404.png,happy,train
1020_TIE_ANG_XX.wav,angry_3405.png,angry,train
1022_IOM_NEU_XX.wav,neutral_3406.png,neutral,train
1010_MTI_ANG_XX.wav,angry_3407.png,angry,train
1022_TAI_SAD_XX.wav,sad_3408.png,sad,train
1087_TAI_NEU_XX.wav,neutral_3409.png,neutral,train
1049_MTI_DIS_XX.wav,disgust_3410.png,disgust,train
1058_IWW_DIS_XX.wav,disgust_3411.png,disgust,train
1023_WSI_FEA_XX.wav,fear_3412.png,fear,train
1060_ITS_ANG_XX.wav,angry_3413.png,angry,train
1030_IEO_HAP_LO.wav,happy_3414.png,happy,train
1051_IWL_ANG_XX.wav,angry_3415.png,angry,train
1002_TIE_DIS_XX.wav,disgust_3416.png,disgust,train
1073_IWL_DIS_XX.wav,disgust_3417.png,disgust,train
1040_TSI_HAP_XX.wav,happy_3418.png,happy,train
1052_ITH_HAP_XX.wav,happy_3419.png,happy,train
1045_DFA_ANG_XX.wav,angry_3420.png,angry,train
1070_IWW_ANG_XX.wav,angry_3421.png,angry,train
1025_MTI_HAP_XX.wav,happy_3422.png,happy,train
1014_IOM_DIS_XX.wav,disgust_3423.png,disgust,train
1009_IOM_DIS_XX.wav,disgust_3424.png,disgust,train
1030_ITS_SAD_XX.wav,sad_3425.png,sad,train
1088_IEO_ANG_MD.wav,angry_3426.png,angry,train
1041_MTI_ANG_XX.wav,angry_3427.png,angry,train
1007_IOM_FEA_XX.wav,fear_3428.png,fear,train
1011_TSI_SAD_XX.wav,sad_3429.png,sad,train
1054_WSI_ANG_XX.wav,angry_3430.png,angry,train
1059_WSI_NEU_XX.wav,neutral_3431.png,neutral,train
1033_TSI_DIS_XX.wav,disgust_3432.png,disgust,train
1003_WSI_NEU_XX.wav,neutral_3433.png,neutral,train
1001_IEO_SAD_HI.wav,sad_3434.png,sad,train
1065_IEO_DIS_HI.wav,disgust_3435.png,disgust,train
1052_TAI_SAD_XX.wav,sad_3436.png,sad,train
1044_IWL_ANG_XX.wav,angry_3437.png,angry,train
1086_IOM_DIS_XX.wav,disgust_3438.png,disgust,train
1073_IWL_SAD_XX.wav,sad_3439.png,sad,train
1016_WSI_FEA_XX.wav,fear_3440.png,fear,train
1046_IWL_NEU_XX.wav,neutral_3441.png,neutral,train
1044_ITS_SAD_XX.wav,sad_3442.png,sad,train
1071_DFA_NEU_XX.wav,neutral_3443.png,neutral,train
1015_ITH_FEA_XX.wav,fear_3444.png,fear,train
1005_ITS_NEU_XX.wav,neutral_3445.png,neutral,train
1006_IEO_SAD_HI.wav,sad_3446.png,sad,train
1085_TSI_HAP_XX.wav,happy_3447.png,happy,train
1054_IEO_DIS_MD.wav,disgust_3448.png,disgust,train
1008_ITH_SAD_XX.wav,sad_3449.png,sad,train
1052_IWL_NEU_XX.wav,neutral_3450.png,neutral,train
1056_IWL_SAD_XX.wav,sad_3451.png,sad,train
1041_IEO_DIS_MD.wav,disgust_3452.png,disgust,train
1030_TIE_HAP_XX.wav,happy_3453.png,happy,train
1079_TIE_SAD_XX.wav,sad_3454.png,sad,train
1033_IOM_NEU_XX.wav,neutral_3455.png,neutral,train
1079_ITH_ANG_XX.wav,angry_3456.png,angry,train
1004_IWW_NEU_XX.wav,neutral_3457.png,neutral,train
1027_IWL_NEU_XX.wav,neutral_3458.png,neutral,train
1062_IEO_HAP_LO.wav,happy_3459.png,happy,train
1019_IWL_FEA_XX.wav,fear_3460.png,fear,train
1008_IWW_SAD_XX.wav,sad_3461.png,sad,train
1072_MTI_ANG_XX.wav,angry_3462.png,angry,train
1037_WSI_SAD_XX.wav,sad_3463.png,sad,train
1013_ITH_HAP_XX.wav,happy_3464.png,happy,train
1028_IEO_ANG_LO.wav,angry_3465.png,angry,train
1068_IEO_FEA_LO.wav,fear_3466.png,fear,train
1053_IEO_SAD_LO.wav,sad_3467.png,sad,train
1087_IWL_HAP_XX.wav,happy_3468.png,happy,train
1031_MTI_SAD_XX.wav,sad_3469.png,sad,train
1045_IWW_DIS_XX.wav,disgust_3470.png,disgust,train
1035_IOM_ANG_XX.wav,angry_3471.png,angry,train
1075_ITS_NEU_XX.wav,neutral_3472.png,neutral,train
1006_TAI_HAP_XX.wav,happy_3473.png,happy,train
1021_TAI_ANG_XX.wav,angry_3474.png,angry,train
1059_IEO_ANG_HI.wav,angry_3475.png,angry,train
1020_TSI_NEU_XX.wav,neutral_3476.png,neutral,train
1077_IWW_DIS_XX.wav,disgust_3477.png,disgust,train
1070_TAI_FEA_XX.wav,fear_3478.png,fear,train
1087_IOM_HAP_XX.wav,happy_3479.png,happy,train
1020_IWW_FEA_XX.wav,fear_3480.png,fear,train
1073_ITH_DIS_XX.wav,disgust_3481.png,disgust,train
1035_ITH_SAD_XX.wav,sad_3482.png,sad,train
1048_TSI_DIS_XX.wav,disgust_3483.png,disgust,train
1085_ITH_HAP_XX.wav,happy_3484.png,happy,train
1086_IEO_ANG_LO.wav,angry_3485.png,angry,train
1067_IEO_DIS_LO.wav,disgust_3486.png,disgust,train
1050_IOM_NEU_XX.wav,neutral_3487.png,neutral,train
1032_IWW_HAP_XX.wav,happy_3488.png,happy,train
1083_TSI_DIS_XX.wav,disgust_3489.png,disgust,train
1090_IOM_SAD_XX.wav,sad_3490.png,sad,train
1008_ITH_NEU_XX.wav,neutral_3491.png,neutral,train
1040_IWL_SAD_XX.wav,sad_3492.png,sad,train
1077_TSI_ANG_XX.wav,angry_3493.png,angry,train
1040_TSI_DIS_XX.wav,disgust_3494.png,disgust,train
1009_TAI_SAD_XX.wav,sad_3495.png,sad,train
1014_WSI_FEA_XX.wav,fear_3496.png,fear,train
1088_MTI_ANG_XX.wav,angry_3497.png,angry,train
1019_IEO_ANG_HI.wav,angry_3498.png,angry,train
1051_TSI_HAP_XX.wav,happy_3499.png,happy,train
1042_IOM_FEA_XX.wav,fear_3500.png,fear,train
1057_ITS_DIS_XX.wav,disgust_3501.png,disgust,train
1026_IEO_ANG_LO.wav,angry_3502.png,angry,train
1038_MTI_SAD_XX.wav,sad_3503.png,sad,train
1037_TAI_DIS_XX.wav,disgust_3504.png,disgust,train
1031_ITH_SAD_XX.wav,sad_3505.png,sad,train
1080_ITS_FEA_XX.wav,fear_3506.png,fear,train
1047_IEO_HAP_MD.wav,happy_3507.png,happy,train
1037_IWL_NEU_XX.wav,neutral_3508.png,neutral,train
1066_IEO_HAP_LO.wav,happy_3509.png,happy,train
1029_WSI_SAD_XX.wav,sad_3510.png,sad,train
1014_ITS_HAP_XX.wav,happy_3511.png,happy,train
1032_IEO_DIS_HI.wav,disgust_3512.png,disgust,train
1077_IEO_HAP_HI.wav,happy_3513.png,happy,train
1043_TIE_HAP_XX.wav,happy_3514.png,happy,train
1029_TSI_NEU_XX.wav,neutral_3515.png,neutral,train
1078_ITH_DIS_XX.wav,disgust_3516.png,disgust,train
1074_TSI_ANG_XX.wav,angry_3517.png,angry,train
1044_IWW_FEA_XX.wav,fear_3518.png,fear,train
1082_MTI_DIS_XX.wav,disgust_3519.png,disgust,train
1053_MTI_FEA_XX.wav,fear_3520.png,fear,train
1032_MTI_SAD_XX.wav,sad_3521.png,sad,train
1022_IWW_ANG_XX.wav,angry_3522.png,angry,train
1017_IEO_SAD_LO.wav,sad_3523.png,sad,train
1006_ITS_ANG_XX.wav,angry_3524.png,angry,train
1036_DFA_FEA_XX.wav,fear_3525.png,fear,train
1030_IEO_ANG_HI.wav,angry_3526.png,angry,train
1049_TSI_HAP_XX.wav,happy_3527.png,happy,train
1034_TSI_HAP_XX.wav,happy_3528.png,happy,train
1043_TAI_SAD_XX.wav,sad_3529.png,sad,train
1072_ITH_FEA_XX.wav,fear_3530.png,fear,train
1090_IWW_SAD_XX.wav,sad_3531.png,sad,train
1070_IWL_ANG_XX.wav,angry_3532.png,angry,train
1050_MTI_ANG_XX.wav,angry_3533.png,angry,train
1003_ITH_ANG_XX.wav,angry_3534.png,angry,train
1040_IEO_FEA_LO.wav,fear_3535.png,fear,train
1069_IEO_NEU_XX.wav,neutral_3536.png,neutral,train
1043_TIE_DIS_XX.wav,disgust_3537.png,disgust,train
1025_WSI_NEU_XX.wav,neutral_3538.png,neutral,train
1036_IEO_FEA_MD.wav,fear_3539.png,fear,train
1011_IEO_SAD_LO.wav,sad_3540.png,sad,train
1062_IOM_HAP_XX.wav,happy_3541.png,happy,train
1013_IEO_SAD_MD.wav,sad_3542.png,sad,train
1037_IWW_DIS_XX.wav,disgust_3543.png,disgust,train
1011_TAI_ANG_XX.wav,angry_3544.png,angry,train
1039_ITH_HAP_XX.wav,happy_3545.png,happy,train
1041_ITS_FEA_XX.wav,fear_3546.png,fear,train
1035_DFA_ANG_XX.wav,angry_3547.png,angry,train
1037_ITH_FEA_XX.wav,fear_3548.png,fear,train
1033_IEO_DIS_MD.wav,disgust_3549.png,disgust,train
1064_DFA_NEU_XX.wav,neutral_3550.png,neutral,train
1054_DFA_NEU_XX.wav,neutral_3551.png,neutral,train
1041_IOM_NEU_XX.wav,neutral_3552.png,neutral,train
1073_IOM_DIS_XX.wav,disgust_3553.png,disgust,train
1024_IWW_ANG_XX.wav,angry_3554.png,angry,train
1059_MTI_FEA_XX.wav,fear_3555.png,fear,train
1070_IEO_HAP_MD.wav,happy_3556.png,happy,train
1034_IWW_ANG_XX.wav,angry_3557.png,angry,train
1073_DFA_ANG_XX.wav,angry_3558.png,angry,train
1060_IWW_FEA_XX.wav,fear_3559.png,fear,train
1038_TIE_ANG_XX.wav,angry_3560.png,angry,train
1023_IEO_HAP_HI.wav,happy_3561.png,happy,train
1009_IEO_ANG_LO.wav,angry_3562.png,angry,train
1036_IEO_FEA_HI.wav,fear_3563.png,fear,train
1012_ITS_ANG_XX.wav,angry_3564.png,angry,train
1081_IEO_ANG_LO.wav,angry_3565.png,angry,train
1062_ITH_HAP_XX.wav,happy_3566.png,happy,train
1078_ITS_DIS_XX.wav,disgust_3567.png,disgust,train
1073_IEO_SAD_LO.wav,sad_3568.png,sad,train
1069_TSI_DIS_XX.wav,disgust_3569.png,disgust,train
1038_TSI_ANG_XX.wav,angry_3570.png,angry,train
1061_IWL_DIS_XX.wav,disgust_3571.png,disgust,train
1059_DFA_ANG_XX.wav,angry_3572.png,angry,train
1035_DFA_DIS_XX.wav,disgust_3573.png,disgust,train
1017_WSI_DIS_XX.wav,disgust_3574.png,disgust,train
1027_IOM_HAP_XX.wav,happy_3575.png,happy,train
1042_IEO_HAP_MD.wav,happy_3576.png,happy,train
1074_WSI_DIS_XX.wav,disgust_3577.png,disgust,train
1077_TIE_DIS_XX.wav,disgust_3578.png,disgust,train
1060_ITH_ANG_XX.wav,angry_3579.png,angry,train
1039_ITS_DIS_XX.wav,disgust_3580.png,disgust,train
1090_IOM_NEU_XX.wav,neutral_3581.png,neutral,train
1022_TAI_HAP_XX.wav,happy_3582.png,happy,train
1056_IOM_ANG_XX.wav,angry_3583.png,angry,train
1029_ITH_FEA_XX.wav,fear_3584.png,fear,train
1033_ITS_FEA_XX.wav,fear_3585.png,fear,train
1042_IWW_ANG_XX.wav,angry_3586.png,angry,train
1053_IOM_FEA_XX.wav,fear_3587.png,fear,train
1072_IEO_ANG_HI.wav,angry_3588.png,angry,train
1035_IOM_HAP_XX.wav,happy_3589.png,happy,train
1021_ITS_DIS_XX.wav,disgust_3590.png,disgust,train
1044_ITS_NEU_XX.wav,neutral_3591.png,neutral,train
1046_WSI_HAP_XX.wav,happy_3592.png,happy,train
1023_WSI_NEU_XX.wav,neutral_3593.png,neutral,train
1085_IWW_SAD_XX.wav,sad_3594.png,sad,train
1029_IWW_FEA_XX.wav,fear_3595.png,fear,train
1053_MTI_NEU_XX.wav,neutral_3596.png,neutral,train
1030_IOM_SAD_XX.wav,sad_3597.png,sad,train
1039_IEO_SAD_HI.wav,sad_3598.png,sad,train
1004_TAI_ANG_XX.wav,angry_3599.png,angry,train
1046_TIE_DIS_XX.wav,disgust_3600.png,disgust,train
1027_TAI_HAP_XX.wav,happy_3601.png,happy,train
1081_MTI_FEA_XX.wav,fear_3602.png,fear,train
1031_TIE_SAD_XX.wav,sad_3603.png,sad,train
1035_ITH_HAP_XX.wav,happy_3604.png,happy,train
1072_WSI_NEU_XX.wav,neutral_3605.png,neutral,train
1042_IOM_DIS_XX.wav,disgust_3606.png,disgust,train
1027_IWL_FEA_XX.wav,fear_3607.png,fear,train
1053_TSI_NEU_XX.wav,neutral_3608.png,neutral,train
1031_ITS_SAD_XX.wav,sad_3609.png,sad,train
1073_IOM_HAP_XX.wav,happy_3610.png,happy,train
1003_IEO_ANG_HI.wav,angry_3611.png,angry,train
1057_IWL_DIS_XX.wav,disgust_3612.png,disgust,train
1032_IWW_DIS_XX.wav,disgust_3613.png,disgust,train
1002_IEO_FEA_MD.wav,fear_3614.png,fear,train
1076_ITS_ANG_XX.wav,angry_3615.png,angry,train
1057_ITS_NEU_XX.wav,neutral_3616.png,neutral,train
1083_MTI_NEU_XX.wav,neutral_3617.png,neutral,train
1078_IEO_HAP_HI.wav,happy_3618.png,happy,train
1077_WSI_NEU_XX.wav,neutral_3619.png,neutral,train
1079_IEO_HAP_MD.wav,happy_3620.png,happy,train
1068_ITH_HAP_XX.wav,happy_3621.png,happy,train
1080_WSI_HAP_XX.wav,happy_3622.png,happy,train
1038_WSI_SAD_XX.wav,sad_3623.png,sad,train
1008_IOM_ANG_XX.wav,angry_3624.png,angry,train
1073_MTI_DIS_XX.wav,disgust_3625.png,disgust,train
1072_IWW_ANG_XX.wav,angry_3626.png,angry,train
1083_IOM_HAP_XX.wav,happy_3627.png,happy,train
1002_IEO_ANG_MD.wav,angry_3628.png,angry,train
1011_IEO_ANG_MD.wav,angry_3629.png,angry,train
1019_IWL_SAD_XX.wav,sad_3630.png,sad,train
1071_ITH_NEU_XX.wav,neutral_3631.png,neutral,train
1075_IEO_ANG_MD.wav,angry_3632.png,angry,train
1075_IWL_ANG_XX.wav,angry_3633.png,angry,train
1076_TAI_HAP_XX.wav,happy_3634.png,happy,train
1025_TAI_DIS_XX.wav,disgust_3635.png,disgust,train
1047_IWL_NEU_XX.wav,neutral_3636.png,neutral,train
1081_IWL_SAD_XX.wav,sad_3637.png,sad,train
1001_IWW_FEA_XX.wav,fear_3638.png,fear,train
1020_IEO_ANG_MD.wav,angry_3639.png,angry,train
1059_IEO_SAD_LO.wav,sad_3640.png,sad,train
1068_TSI_HAP_XX.wav,happy_3641.png,happy,train
1066_IEO_DIS_MD.wav,disgust_3642.png,disgust,train
1006_TIE_HAP_XX.wav,happy_3643.png,happy,train
1017_TAI_SAD_XX.wav,sad_3644.png,sad,train
1072_TIE_SAD_XX.wav,sad_3645.png,sad,train
1071_WSI_NEU_XX.wav,neutral_3646.png,neutral,train
1023_IEO_DIS_HI.wav,disgust_3647.png,disgust,train
1002_WSI_DIS_XX.wav,disgust_3648.png,disgust,train
1025_WSI_ANG_XX.wav,angry_3649.png,angry,train
1018_WSI_SAD_XX.wav,sad_3650.png,sad,train
1058_ITS_NEU_XX.wav,neutral_3651.png,neutral,train
1065_ITS_DIS_XX.wav,disgust_3652.png,disgust,train
1070_IEO_SAD_HI.wav,sad_3653.png,sad,train
1062_IWW_DIS_XX.wav,disgust_3654.png,disgust,train
1076_TAI_NEU_XX.wav,neutral_3655.png,neutral,train
1029_IWW_DIS_XX.wav,disgust_3656.png,disgust,train
1056_TIE_HAP_XX.wav,happy_3657.png,happy,train
1017_ITS_DIS_XX.wav,disgust_3658.png,disgust,train
1057_ITH_NEU_XX.wav,neutral_3659.png,neutral,train
1055_TAI_DIS_XX.wav,disgust_3660.png,disgust,train
1002_ITH_DIS_XX.wav,disgust_3661.png,disgust,train
1037_IEO_NEU_XX.wav,neutral_3662.png,neutral,train
1018_TAI_FEA_XX.wav,fear_3663.png,fear,train
1007_DFA_ANG_XX.wav,angry_3664.png,angry,train
1041_IWL_HAP_XX.wav,happy_3665.png,happy,train
1033_DFA_DIS_XX.wav,disgust_3666.png,disgust,train
1075_WSI_ANG_XX.wav,angry_3667.png,angry,train
1067_ITH_SAD_XX.wav,sad_3668.png,sad,train
1016_MTI_NEU_XX.wav,neutral_3669.png,neutral,train
1034_IEO_SAD_LO.wav,sad_3670.png,sad,train
1060_MTI_SAD_XX.wav,sad_3671.png,sad,train
1038_TAI_DIS_XX.wav,disgust_3672.png,disgust,train
1020_TSI_HAP_XX.wav,happy_3673.png,happy,train
1032_TAI_FEA_XX.wav,fear_3674.png,fear,train
1062_IOM_SAD_XX.wav,sad_3675.png,sad,train
1017_ITS_HAP_XX.wav,happy_3676.png,happy,train
1035_ITH_DIS_XX.wav,disgust_3677.png,disgust,train
1051_IWW_NEU_XX.wav,neutral_3678.png,neutral,train
1030_DFA_SAD_XX.wav,sad_3679.png,sad,train
1058_IOM_NEU_XX.wav,neutral_3680.png,neutral,train
1054_TSI_FEA_XX.wav,fear_3681.png,fear,train
1086_IEO_FEA_MD.wav,fear_3682.png,fear,train
1008_ITS_SAD_XX.wav,sad_3683.png,sad,train
1054_IWW_NEU_XX.wav,neutral_3684.png,neutral,train
1029_IWL_ANG_XX.wav,angry_3685.png,angry,train
1068_TSI_ANG_XX.wav,angry_3686.png,angry,train
1017_IEO_FEA_LO.wav,fear_3687.png,fear,train
1051_WSI_HAP_XX.wav,happy_3688.png,happy,train
1033_TIE_SAD_XX.wav,sad_3689.png,sad,train
1024_TSI_FEA_XX.wav,fear_3690.png,fear,train
1008_IEO_HAP_MD.wav,happy_3691.png,happy,train
1039_IWL_SAD_XX.wav,sad_3692.png,sad,train
1076_DFA_ANG_XX.wav,angry_3693.png,angry,train
1043_IEO_HAP_HI.wav,happy_3694.png,happy,train
1004_TAI_FEA_XX.wav,fear_3695.png,fear,train
1010_IWW_ANG_XX.wav,angry_3696.png,angry,train
1053_DFA_NEU_XX.wav,neutral_3697.png,neutral,train
1030_IEO_SAD_MD.wav,sad_3698.png,sad,train
1020_MTI_NEU_XX.wav,neutral_3699.png,neutral,train
1070_DFA_SAD_XX.wav,sad_3700.png,sad,train
1001_IOM_HAP_XX.wav,happy_3701.png,happy,train
1035_WSI_SAD_XX.wav,sad_3702.png,sad,train
1010_IEO_DIS_MD.wav,disgust_3703.png,disgust,train
1010_DFA_ANG_XX.wav,angry_3704.png,angry,train
1016_WSI_DIS_XX.wav,disgust_3705.png,disgust,train
1004_IEO_FEA_LO.wav,fear_3706.png,fear,train
1080_ITH_ANG_XX.wav,angry_3707.png,angry,train
1008_MTI_SAD_XX.wav,sad_3708.png,sad,train
1033_IWL_NEU_XX.wav,neutral_3709.png,neutral,train
1035_IWL_NEU_XX.wav,neutral_3710.png,neutral,train
1057_IEO_DIS_MD.wav,disgust_3711.png,disgust,train
1050_TAI_FEA_XX.wav,fear_3712.png,fear,train
1063_TSI_DIS_XX.wav,disgust_3713.png,disgust,train
1083_IWL_HAP_XX.wav,happy_3714.png,happy,train
1006_WSI_SAD_XX.wav,sad_3715.png,sad,train
1031_IEO_DIS_LO.wav,disgust_3716.png,disgust,train
1062_IOM_NEU_XX.wav,neutral_3717.png,neutral,train
1088_IOM_ANG_XX.wav,angry_3718.png,angry,train
1012_IEO_SAD_HI.wav,sad_3719.png,sad,train
1064_DFA_DIS_XX.wav,disgust_3720.png,disgust,train
1030_ITH_FEA_XX.wav,fear_3721.png,fear,train
1047_IWW_HAP_XX.wav,happy_3722.png,happy,train
1087_ITS_DIS_XX.wav,disgust_3723.png,disgust,train
1036_IWL_DIS_XX.wav,disgust_3724.png,disgust,train
1016_TSI_SAD_XX.wav,sad_3725.png,sad,train
1033_IEO_ANG_HI.wav,angry_3726.png,angry,train
1049_TIE_DIS_XX.wav,disgust_3727.png,disgust,train
1043_WSI_DIS_XX.wav,disgust_3728.png,disgust,train
1028_ITH_HAP_XX.wav,happy_3729.png,happy,train
1014_IOM_NEU_XX.wav,neutral_3730.png,neutral,train
1091_ITS_DIS_XX.wav,disgust_3731.png,disgust,train
1091_TIE_SAD_XX.wav,sad_3732.png,sad,train
1084_ITS_SAD_XX.wav,sad_3733.png,sad,train
1020_IWW_NEU_XX.wav,neutral_3734.png,neutral,train
1087_WSI_NEU_XX.wav,neutral_3735.png,neutral,train
1012_ITH_NEU_XX.wav,neutral_3736.png,neutral,train
1034_IWW_SAD_XX.wav,sad_3737.png,sad,train
1025_IOM_FEA_XX.wav,fear_3738.png,fear,train
1089_IEO_ANG_HI.wav,angry_3739.png,angry,train
1042_WSI_ANG_XX.wav,angry_3740.png,angry,train
1058_IWW_NEU_XX.wav,neutral_3741.png,neutral,train
1011_MTI_FEA_XX.wav,fear_3742.png,fear,train
1061_ITS_ANG_XX.wav,angry_3743.png,angry,train
1027_WSI_NEU_XX.wav,neutral_3744.png,neutral,train
1020_TIE_NEU_XX.wav,neutral_3745.png,neutral,train
1023_MTI_ANG_XX.wav,angry_3746.png,angry,train
1048_WSI_ANG_XX.wav,angry_3747.png,angry,train
1076_IOM_FEA_XX.wav,fear_3748.png,fear,train
1072_IEO_FEA_HI.wav,fear_3749.png,fear,train
1001_ITS_FEA_XX.wav,fear_3750.png,fear,train
1040_IWW_NEU_XX.wav,neutral_3751.png,neutral,train
1024_ITS_ANG_XX.wav,angry_3752.png,angry,train
1059_IWL_ANG_XX.wav,angry_3753.png,angry,train
1033_DFA_SAD_XX.wav,sad_3754.png,sad,train
1062_IOM_ANG_XX.wav,angry_3755.png,angry,train
1062_DFA_ANG_XX.wav,angry_3756.png,angry,train
1082_IEO_DIS_MD.wav,disgust_3757.png,disgust,train
1026_IWL_DIS_XX.wav,disgust_3758.png,disgust,train
1004_IWW_HAP_XX.wav,happy_3759.png,happy,train
1014_IEO_NEU_XX.wav,neutral_3760.png,neutral,train
1039_TSI_ANG_XX.wav,angry_3761.png,angry,train
1010_ITS_FEA_XX.wav,fear_3762.png,fear,train
1087_IWW_SAD_XX.wav,sad_3763.png,sad,train
1066_IEO_NEU_XX.wav,neutral_3764.png,neutral,train
1006_IOM_ANG_XX.wav,angry_3765.png,angry,train
1087_ITS_NEU_XX.wav,neutral_3766.png,neutral,train
1089_MTI_SAD_XX.wav,sad_3767.png,sad,train
1086_IWW_SAD_XX.wav,sad_3768.png,sad,train
1060_WSI_DIS_XX.wav,disgust_3769.png,disgust,train
1047_IWW_ANG_XX.wav,angry_3770.png,angry,train
1015_IEO_SAD_MD.wav,sad_3771.png,sad,train
1076_ITS_DIS_XX.wav,disgust_3772.png,disgust,train
1009_IEO_SAD_MD.wav,sad_3773.png,sad,train
1006_ITS_NEU_XX.wav,neutral_3774.png,neutral,train
1039_MTI_SAD_XX.wav,sad_3775.png,sad,train
1075_IEO_ANG_LO.wav,angry_3776.png,angry,train
1082_IWL_HAP_XX.wav,happy_3777.png,happy,train
1031_TSI_SAD_XX.wav,sad_3778.png,sad,train
1091_TAI_DIS_XX.wav,disgust_3779.png,disgust,train
1087_IOM_NEU_XX.wav,neutral_3780.png,neutral,train
1072_TSI_DIS_XX.wav,disgust_3781.png,disgust,train
1023_ITH_ANG_XX.wav,angry_3782.png,angry,train
1001_MTI_FEA_XX.wav,fear_3783.png,fear,train
1040_MTI_SAD_XX.wav,sad_3784.png,sad,train
1041_IEO_DIS_HI.wav,disgust_3785.png,disgust,train
1059_IWL_FEA_XX.wav,fear_3786.png,fear,train
1026_TIE_HAP_XX.wav,happy_3787.png,happy,train
1037_ITH_DIS_XX.wav,disgust_3788.png,disgust,train
1078_DFA_FEA_XX.wav,fear_3789.png,fear,train
1088_ITS_ANG_XX.wav,angry_3790.png,angry,train
1023_ITS_SAD_XX.wav,sad_3791.png,sad,train
1049_DFA_SAD_XX.wav,sad_3792.png,sad,train
1013_IEO_SAD_HI.wav,sad_3793.png,sad,train
1091_ITS_FEA_XX.wav,fear_3794.png,fear,train
1027_IOM_SAD_XX.wav,sad_3795.png,sad,train
1043_IWL_NEU_XX.wav,neutral_3796.png,neutral,train
1016_TAI_FEA_XX.wav,fear_3797.png,fear,train
1011_IWW_SAD_XX.wav,sad_3798.png,sad,train
1041_WSI_HAP_XX.wav,happy_3799.png,happy,train
1044_ITS_ANG_XX.wav,angry_3800.png,angry,train
1022_ITH_HAP_XX.wav,happy_3801.png,happy,train
1067_IEO_ANG_MD.wav,angry_3802.png,angry,train
1027_TIE_DIS_XX.wav,disgust_3803.png,disgust,train
1060_TAI_SAD_XX.wav,sad_3804.png,sad,train
1071_DFA_DIS_XX.wav,disgust_3805.png,disgust,train
1025_TAI_NEU_XX.wav,neutral_3806.png,neutral,train
1088_WSI_ANG_XX.wav,angry_3807.png,angry,train
1030_ITH_DIS_XX.wav,disgust_3808.png,disgust,train
1028_TIE_DIS_XX.wav,disgust_3809.png,disgust,train
1031_TAI_DIS_XX.wav,disgust_3810.png,disgust,train
1002_IWW_HAP_XX.wav,happy_3811.png,happy,train
1072_IEO_ANG_LO.wav,angry_3812.png,angry,train
1023_IEO_ANG_HI.wav,angry_3813.png,angry,train
1080_MTI_SAD_XX.wav,sad_3814.png,sad,train
1043_IWW_NEU_XX.wav,neutral_3815.png,neutral,train
1090_ITS_SAD_XX.wav,sad_3816.png,sad,train
1086_ITH_NEU_XX.wav,neutral_3817.png,neutral,train
1021_IWL_HAP_XX.wav,happy_3818.png,happy,train
1089_TIE_NEU_XX.wav,neutral_3819.png,neutral,train
1003_ITS_DIS_XX.wav,disgust_3820.png,disgust,train
1027_WSI_FEA_XX.wav,fear_3821.png,fear,train
1016_TSI_FEA_XX.wav,fear_3822.png,fear,train
1086_IEO_HAP_MD.wav,happy_3823.png,happy,train
1054_IEO_SAD_HI.wav,sad_3824.png,sad,train
1008_IOM_DIS_XX.wav,disgust_3825.png,disgust,train
1031_DFA_DIS_XX.wav,disgust_3826.png,disgust,train
1010_WSI_HAP_XX.wav,happy_3827.png,happy,train
1091_ITS_NEU_XX.wav,neutral_3828.png,neutral,train
1091_MTI_NEU_XX.wav,neutral_3829.png,neutral,train
1087_IWW_HAP_XX.wav,happy_3830.png,happy,train
1006_TAI_FEA_XX.wav,fear_3831.png,fear,train
1025_TAI_SAD_XX.wav,sad_3832.png,sad,train
1076_ITS_SAD_XX.wav,sad_3833.png,sad,train
1061_MTI_FEA_XX.wav,fear_3834.png,fear,train
1031_TAI_SAD_XX.wav,sad_3835.png,sad,train
1067_ITS_NEU_XX.wav,neutral_3836.png,neutral,train
1012_TAI_SAD_XX.wav,sad_3837.png,sad,train
1058_TSI_NEU_XX.wav,neutral_3838.png,neutral,train
1043_ITS_HAP_XX.wav,happy_3839.png,happy,train
1016_TAI_NEU_XX.wav,neutral_3840.png,neutral,train
1082_DFA_HAP_XX.wav,happy_3841.png,happy,train
1091_ITH_DIS_XX.wav,disgust_3842.png,disgust,train
1085_TAI_SAD_XX.wav,sad_3843.png,sad,train
1068_WSI_SAD_XX.wav,sad_3844.png,sad,train
1046_DFA_NEU_XX.wav,neutral_3845.png,neutral,train
1029_MTI_NEU_XX.wav,neutral_3846.png,neutral,train
1066_IEO_SAD_HI.wav,sad_3847.png,sad,train
1075_TIE_DIS_XX.wav,disgust_3848.png,disgust,train
1013_IOM_NEU_XX.wav,neutral_3849.png,neutral,train
1048_IWL_ANG_XX.wav,angry_3850.png,angry,train
1004_IWL_NEU_XX.wav,neutral_3851.png,neutral,train
1067_ITH_ANG_XX.wav,angry_3852.png,angry,train
1031_TAI_NEU_XX.wav,neutral_3853.png,neutral,train
1066_IWW_HAP_XX.wav,happy_3854.png,happy,train
1060_TSI_DIS_XX.wav,disgust_3855.png,disgust,train
1023_TSI_NEU_XX.wav,neutral_3856.png,neutral,train
1058_IWW_HAP_XX.wav,happy_3857.png,happy,train
1018_MTI_HAP_XX.wav,happy_3858.png,happy,train
1062_MTI_SAD_XX.wav,sad_3859.png,sad,train
1037_IOM_FEA_XX.wav,fear_3860.png,fear,train
1046_IEO_DIS_MD.wav,disgust_3861.png,disgust,train
1044_IOM_SAD_XX.wav,sad_3862.png,sad,train
1048_IOM_DIS_XX.wav,disgust_3863.png,disgust,train
1011_ITH_HAP_XX.wav,happy_3864.png,happy,train
1024_IEO_DIS_MD.wav,disgust_3865.png,disgust,train
1003_IEO_DIS_HI.wav,disgust_3866.png,disgust,train
1091_MTI_HAP_XX.wav,happy_3867.png,happy,train
1086_DFA_FEA_XX.wav,fear_3868.png,fear,train
1069_IWL_HAP_XX.wav,happy_3869.png,happy,train
1091_ITS_HAP_XX.wav,happy_3870.png,happy,train
1037_MTI_SAD_XX.wav,sad_3871.png,sad,train
1021_IOM_ANG_XX.wav,angry_3872.png,angry,train
1022_TAI_NEU_XX.wav,neutral_3873.png,neutral,train
1061_DFA_FEA_XX.wav,fear_3874.png,fear,train
1014_DFA_NEU_XX.wav,neutral_3875.png,neutral,train
1082_ITH_NEU_XX.wav,neutral_3876.png,neutral,train
1073_IEO_SAD_MD.wav,sad_3877.png,sad,train
1069_IWL_SAD_XX.wav,sad_3878.png,sad,train
1023_DFA_FEA_XX.wav,fear_3879.png,fear,train
1034_TSI_ANG_XX.wav,angry_3880.png,angry,train
1062_IEO_FEA_LO.wav,fear_3881.png,fear,train
1053_IWW_NEU_XX.wav,neutral_3882.png,neutral,train
1035_IEO_SAD_MD.wav,sad_3883.png,sad,train
1010_TIE_DIS_XX.wav,disgust_3884.png,disgust,train
1040_ITS_DIS_XX.wav,disgust_3885.png,disgust,train
1046_IWW_HAP_XX.wav,happy_3886.png,happy,train
1060_MTI_DIS_XX.wav,disgust_3887.png,disgust,train
1031_DFA_ANG_XX.wav,angry_3888.png,angry,train
1078_IEO_ANG_MD.wav,angry_3889.png,angry,train
1090_WSI_DIS_XX.wav,disgust_3890.png,disgust,train
1075_IWW_DIS_XX.wav,disgust_3891.png,disgust,train
1037_ITS_DIS_XX.wav,disgust_3892.png,disgust,train
1036_TSI_NEU_XX.wav,neutral_3893.png,neutral,train
1050_WSI_NEU_XX.wav,neutral_3894.png,neutral,train
1011_ITH_FEA_XX.wav,fear_3895.png,fear,train
1068_IWW_SAD_XX.wav,sad_3896.png,sad,train
1017_TAI_ANG_XX.wav,angry_3897.png,angry,train
1049_MTI_ANG_XX.wav,angry_3898.png,angry,train
1054_IOM_SAD_XX.wav,sad_3899.png,sad,train
1022_IEO_ANG_HI.wav,angry_3900.png,angry,train
1037_ITS_HAP_XX.wav,happy_3901.png,happy,train
1085_DFA_FEA_XX.wav,fear_3902.png,fear,train
1031_IOM_SAD_XX.wav,sad_3903.png,sad,train
1009_DFA_ANG_XX.wav,angry_3904.png,angry,train
1091_IEO_HAP_HI.wav,happy_3905.png,happy,train
1042_DFA_ANG_XX.wav,angry_3906.png,angry,train
1035_ITH_FEA_XX.wav,fear_3907.png,fear,train
1058_IEO_HAP_HI.wav,happy_3908.png,happy,train
1054_TIE_SAD_XX.wav,sad_3909.png,sad,train
1026_TAI_HAP_XX.wav,happy_3910.png,happy,train
1007_IWW_ANG_XX.wav,angry_3911.png,angry,train
1042_ITS_DIS_XX.wav,disgust_3912.png,disgust,train
1005_IOM_FEA_XX.wav,fear_3913.png,fear,train
1091_IWW_FEA_XX.wav,fear_3914.png,fear,train
1008_TIE_DIS_XX.wav,disgust_3915.png,disgust,train
1038_TAI_HAP_XX.wav,happy_3916.png,happy,train
1015_IOM_ANG_XX.wav,angry_3917.png,angry,train
1011_IOM_HAP_XX.wav,happy_3918.png,happy,train
1078_IWW_DIS_XX.wav,disgust_3919.png,disgust,train
1036_IEO_SAD_HI.wav,sad_3920.png,sad,train
1027_TSI_HAP_XX.wav,happy_3921.png,happy,train
1071_TAI_SAD_XX.wav,sad_3922.png,sad,train
1068_ITH_SAD_XX.wav,sad_3923.png,sad,train
1016_ITH_ANG_XX.wav,angry_3924.png,angry,train
1085_MTI_DIS_XX.wav,disgust_3925.png,disgust,train
1089_IOM_SAD_XX.wav,sad_3926.png,sad,train
1057_IWW_ANG_XX.wav,angry_3927.png,angry,train
1033_IEO_DIS_HI.wav,disgust_3928.png,disgust,train
1005_WSI_DIS_XX.wav,disgust_3929.png,disgust,train
1053_WSI_NEU_XX.wav,neutral_3930.png,neutral,train
1032_DFA_NEU_XX.wav,neutral_3931.png,neutral,train
1065_MTI_SAD_XX.wav,sad_3932.png,sad,train
1007_TSI_ANG_XX.wav,angry_3933.png,angry,train
1065_IEO_ANG_LO.wav,angry_3934.png,angry,train
1005_TAI_DIS_XX.wav,disgust_3935.png,disgust,train
1078_TAI_ANG_XX.wav,angry_3936.png,angry,train
1060_DFA_NEU_XX.wav,neutral_3937.png,neutral,train
1042_ITH_FEA_XX.wav,fear_3938.png,fear,train
1038_IWL_SAD_XX.wav,sad_3939.png,sad,train
1055_IEO_ANG_HI.wav,angry_3940.png,angry,train
1087_MTI_SAD_XX.wav,sad_3941.png,sad,train
1090_ITS_HAP_XX.wav,happy_3942.png,happy,train
1071_TAI_ANG_XX.wav,angry_3943.png,angry,train
1045_DFA_SAD_XX.wav,sad_3944.png,sad,train
1067_WSI_SAD_XX.wav,sad_3945.png,sad,train
1052_IEO_ANG_HI.wav,angry_3946.png,angry,train
1044_TSI_ANG_XX.wav,angry_3947.png,angry,train
1073_IWW_DIS_XX.wav,disgust_3948.png,disgust,train
1079_IEO_ANG_MD.wav,angry_3949.png,angry,train
1070_IEO_ANG_MD.wav,angry_3950.png,angry,train
1067_ITS_HAP_XX.wav,happy_3951.png,happy,train
1084_TIE_SAD_XX.wav,sad_3952.png,sad,train
1074_TIE_HAP_XX.wav,happy_3953.png,happy,train
1052_ITS_NEU_XX.wav,neutral_3954.png,neutral,train
1039_IEO_DIS_HI.wav,disgust_3955.png,disgust,train
1083_TAI_SAD_XX.wav,sad_3956.png,sad,train
1049_IEO_HAP_HI.wav,happy_3957.png,happy,train
1018_TAI_DIS_XX.wav,disgust_3958.png,disgust,train
1047_MTI_SAD_XX.wav,sad_3959.png,sad,train
1028_IEO_HAP_HI.wav,happy_3960.png,happy,train
1054_IEO_FEA_LO.wav,fear_3961.png,fear,train
1021_MTI_ANG_XX.wav,angry_3962.png,angry,train
1084_MTI_HAP_XX.wav,happy_3963.png,happy,train
1035_ITS_DIS_XX.wav,disgust_3964.png,disgust,train
1061_ITS_DIS_XX.wav,disgust_3965.png,disgust,train
1062_IEO_NEU_XX.wav,neutral_3966.png,neutral,train
1002_WSI_SAD_XX.wav,sad_3967.png,sad,train
1027_WSI_ANG_XX.wav,angry_3968.png,angry,train
1082_DFA_SAD_XX.wav,sad_3969.png,sad,train
1081_TAI_HAP_XX.wav,happy_3970.png,happy,train
1087_IWW_DIS_XX.wav,disgust_3971.png,disgust,train
1002_MTI_SAD_XX.wav,sad_3972.png,sad,train
1077_DFA_DIS_XX.wav,disgust_3973.png,disgust,train
1089_ITH_DIS_XX.wav,disgust_3974.png,disgust,train
1091_IEO_NEU_XX.wav,neutral_3975.png,neutral,train
1074_WSI_NEU_XX.wav,neutral_3976.png,neutral,train
1054_TSI_NEU_XX.wav,neutral_3977.png,neutral,train
1066_IOM_HAP_XX.wav,happy_3978.png,happy,train
1026_TAI_FEA_XX.wav,fear_3979.png,fear,train
1024_WSI_DIS_XX.wav,disgust_3980.png,disgust,train
1002_IEO_FEA_HI.wav,fear_3981.png,fear,train
1028_ITH_SAD_XX.wav,sad_3982.png,sad,train
1085_IEO_ANG_MD.wav,angry_3983.png,angry,train
1087_ITH_DIS_XX.wav,disgust_3984.png,disgust,train
1026_TSI_SAD_XX.wav,sad_3985.png,sad,train
1020_IEO_NEU_XX.wav,neutral_3986.png,neutral,train
1051_ITS_HAP_XX.wav,happy_3987.png,happy,train
1005_IEO_DIS_LO.wav,disgust_3988.png,disgust,train
1088_IWW_SAD_XX.wav,sad_3989.png,sad,train
1010_IEO_ANG_HI.wav,angry_3990.png,angry,train
1081_TIE_ANG_XX.wav,angry_3991.png,angry,train
1012_MTI_NEU_XX.wav,neutral_3992.png,neutral,train
1050_IEO_SAD_HI.wav,sad_3993.png,sad,train
1005_IEO_HAP_MD.wav,happy_3994.png,happy,train
1090_MTI_DIS_XX.wav,disgust_3995.png,disgust,train
1063_MTI_HAP_XX.wav,happy_3996.png,happy,train
1068_IEO_ANG_LO.wav,angry_3997.png,angry,train
1007_IWL_HAP_XX.wav,happy_3998.png,happy,train
1063_IWL_DIS_XX.wav,disgust_3999.png,disgust,train
1028_TIE_ANG_XX.wav,angry_4000.png,angry,train
1024_IEO_NEU_XX.wav,neutral_4001.png,neutral,train
1002_MTI_HAP_XX.wav,happy_4002.png,happy,train
1037_IEO_SAD_LO.wav,sad_4003.png,sad,train
1088_TAI_HAP_XX.wav,happy_4004.png,happy,train
1049_MTI_HAP_XX.wav,happy_4005.png,happy,train
1024_IEO_HAP_MD.wav,happy_4006.png,happy,train
1024_TIE_NEU_XX.wav,neutral_4007.png,neutral,train
1049_IOM_DIS_XX.wav,disgust_4008.png,disgust,train
1064_IOM_SAD_XX.wav,sad_4009.png,sad,train
1014_IWL_HAP_XX.wav,happy_4010.png,happy,train
1014_WSI_DIS_XX.wav,disgust_4011.png,disgust,train
1032_IEO_SAD_HI.wav,sad_4012.png,sad,train
1011_TIE_ANG_XX.wav,angry_4013.png,angry,train
1077_IEO_SAD_MD.wav,sad_4014.png,sad,train
1007_TSI_FEA_XX.wav,fear_4015.png,fear,train
1049_WSI_HAP_XX.wav,happy_4016.png,happy,train
1050_IEO_FEA_MD.wav,fear_4017.png,fear,train
1002_TIE_FEA_XX.wav,fear_4018.png,fear,train
1045_IEO_FEA_MD.wav,fear_4019.png,fear,train
1069_TAI_HAP_XX.wav,happy_4020.png,happy,train
1073_IOM_SAD_XX.wav,sad_4021.png,sad,train
1057_IEO_FEA_HI.wav,fear_4022.png,fear,train
1004_ITH_DIS_XX.wav,disgust_4023.png,disgust,train
1056_WSI_ANG_XX.wav,angry_4024.png,angry,train
1058_IEO_FEA_MD.wav,fear_4025.png,fear,train
1046_IOM_SAD_XX.wav,sad_4026.png,sad,train
1036_ITH_NEU_XX.wav,neutral_4027.png,neutral,train
1051_MTI_DIS_XX.wav,disgust_4028.png,disgust,train
1028_IEO_HAP_LO.wav,happy_4029.png,happy,train
1078_TSI_SAD_XX.wav,sad_4030.png,sad,train
1056_IEO_SAD_LO.wav,sad_4031.png,sad,train
1048_ITH_NEU_XX.wav,neutral_4032.png,neutral,train
1028_ITH_NEU_XX.wav,neutral_4033.png,neutral,train
1065_IWL_FEA_XX.wav,fear_4034.png,fear,train
1059_WSI_DIS_XX.wav,disgust_4035.png,disgust,train
1066_DFA_NEU_XX.wav,neutral_4036.png,neutral,train
1011_ITS_FEA_XX.wav,fear_4037.png,fear,train
1070_ITS_ANG_XX.wav,angry_4038.png,angry,train
1086_ITS_SAD_XX.wav,sad_4039.png,sad,train
1011_TSI_FEA_XX.wav,fear_4040.png,fear,train
1047_WSI_HAP_XX.wav,happy_4041.png,happy,train
1007_IEO_NEU_XX.wav,neutral_4042.png,neutral,train
1013_TIE_DIS_XX.wav,disgust_4043.png,disgust,train
1051_IEO_FEA_MD.wav,fear_4044.png,fear,train
1061_TSI_ANG_XX.wav,angry_4045.png,angry,train
1032_TAI_HAP_XX.wav,happy_4046.png,happy,train
1028_IWW_ANG_XX.wav,angry_4047.png,angry,train
1014_MTI_DIS_XX.wav,disgust_4048.png,disgust,train
1053_ITH_FEA_XX.wav,fear_4049.png,fear,train
1029_IEO_DIS_MD.wav,disgust_4050.png,disgust,train
1004_DFA_SAD_XX.wav,sad_4051.png,sad,train
1004_IEO_ANG_HI.wav,angry_4052.png,angry,train
1035_IEO_FEA_HI.wav,fear_4053.png,fear,train
1090_TIE_SAD_XX.wav,sad_4054.png,sad,train
1055_IEO_HAP_HI.wav,happy_4055.png,happy,train
1041_IWL_SAD_XX.wav,sad_4056.png,sad,train
1014_ITH_DIS_XX.wav,disgust_4057.png,disgust,train
1019_ITS_DIS_XX.wav,disgust_4058.png,disgust,train
1073_IEO_HAP_MD.wav,happy_4059.png,happy,train
1030_TAI_ANG_XX.wav,angry_4060.png,angry,train
1090_DFA_SAD_XX.wav,sad_4061.png,sad,train
1007_MTI_DIS_XX.wav,disgust_4062.png,disgust,train
1090_IEO_FEA_LO.wav,fear_4063.png,fear,train
1062_IWW_SAD_XX.wav,sad_4064.png,sad,train
1027_ITH_SAD_XX.wav,sad_4065.png,sad,train
1072_WSI_HAP_XX.wav,happy_4066.png,happy,train
1017_TSI_FEA_XX.wav,fear_4067.png,fear,train
1009_IEO_DIS_HI.wav,disgust_4068.png,disgust,train
1047_IEO_FEA_LO.wav,fear_4069.png,fear,train
1025_DFA_ANG_XX.wav,angry_4070.png,angry,train
1051_TSI_SAD_XX.wav,sad_4071.png,sad,train
1067_DFA_NEU_XX.wav,neutral_4072.png,neutral,train
1052_TAI_ANG_XX.wav,angry_4073.png,angry,train
1033_IEO_HAP_HI.wav,happy_4074.png,happy,train
1041_IWL_DIS_XX.wav,disgust_4075.png,disgust,train
1013_TSI_HAP_XX.wav,happy_4076.png,happy,train
1071_IOM_FEA_XX.wav,fear_4077.png,fear,train
1029_ITH_DIS_XX.wav,disgust_4078.png,disgust,train
1086_IEO_FEA_HI.wav,fear_4079.png,fear,train
1080_TSI_NEU_XX.wav,neutral_4080.png,neutral,train
1083_IEO_DIS_HI.wav,disgust_4081.png,disgust,train
1041_TAI_HAP_XX.wav,happy_4082.png,happy,train
1023_IEO_ANG_MD.wav,angry_4083.png,angry,train
1079_IWL_NEU_XX.wav,neutral_4084.png,neutral,train
1013_ITS_ANG_XX.wav,angry_4085.png,angry,train
1018_ITS_HAP_XX.wav,happy_4086.png,happy,train
1022_MTI_DIS_XX.wav,disgust_4087.png,disgust,train
1018_IWL_DIS_XX.wav,disgust_4088.png,disgust,train
1037_TIE_HAP_XX.wav,happy_4089.png,happy,train
1005_TIE_HAP_XX.wav,happy_4090.png,happy,train
1020_WSI_NEU_XX.wav,neutral_4091.png,neutral,train
1053_MTI_ANG_XX.wav,angry_4092.png,angry,train
1058_ITS_DIS_XX.wav,disgust_4093.png,disgust,train
1023_IWW_SAD_XX.wav,sad_4094.png,sad,train
1022_IEO_FEA_HI.wav,fear_4095.png,fear,train
1081_IEO_DIS_LO.wav,disgust_4096.png,disgust,train
1047_TSI_ANG_XX.wav,angry_4097.png,angry,train
1022_IEO_SAD_LO.wav,sad_4098.png,sad,train
1064_IEO_HAP_HI.wav,happy_4099.png,happy,train
1035_TAI_SAD_XX.wav,sad_4100.png,sad,train
1089_MTI_NEU_XX.wav,neutral_4101.png,neutral,train
1007_TAI_ANG_XX.wav,angry_4102.png,angry,train
1043_TAI_ANG_XX.wav,angry_4103.png,angry,train
1007_TIE_NEU_XX.wav,neutral_4104.png,neutral,train
1022_DFA_SAD_XX.wav,sad_4105.png,sad,train
1032_ITH_FEA_XX.wav,fear_4106.png,fear,train
1048_TAI_NEU_XX.wav,neutral_4107.png,neutral,train
1075_ITH_DIS_XX.wav,disgust_4108.png,disgust,train
1070_TAI_DIS_XX.wav,disgust_4109.png,disgust,train
1015_DFA_FEA_XX.wav,fear_4110.png,fear,train
1081_IEO_NEU_XX.wav,neutral_4111.png,neutral,train
1084_DFA_FEA_XX.wav,fear_4112.png,fear,train
1079_IEO_DIS_LO.wav,disgust_4113.png,disgust,train
1021_IEO_DIS_MD.wav,disgust_4114.png,disgust,train
1075_DFA_DIS_XX.wav,disgust_4115.png,disgust,train
1062_WSI_ANG_XX.wav,angry_4116.png,angry,train
1055_ITH_ANG_XX.wav,angry_4117.png,angry,train
1059_IEO_FEA_MD.wav,fear_4118.png,fear,train
1070_IWW_NEU_XX.wav,neutral_4119.png,neutral,train
1060_TIE_DIS_XX.wav,disgust_4120.png,disgust,train
1037_TAI_SAD_XX.wav,sad_4121.png,sad,train
1007_TSI_NEU_XX.wav,neutral_4122.png,neutral,train
1059_IEO_FEA_LO.wav,fear_4123.png,fear,train
1087_IEO_ANG_MD.wav,angry_4124.png,angry,train
1080_TAI_HAP_XX.wav,happy_4125.png,happy,train
1033_IOM_FEA_XX.wav,fear_4126.png,fear,train
1053_TAI_NEU_XX.wav,neutral_4127.png,neutral,train
1034_MTI_NEU_XX.wav,neutral_4128.png,neutral,train
1072_DFA_FEA_XX.wav,fear_4129.png,fear,train
1018_TIE_FEA_XX.wav,fear_4130.png,fear,train
1003_TAI_SAD_XX.wav,sad_4131.png,sad,train
1008_IWL_ANG_XX.wav,angry_4132.png,angry,train
1012_IEO_ANG_MD.wav,angry_4133.png,angry,train
1036_TAI_SAD_XX.wav,sad_4134.png,sad,train
1015_MTI_SAD_XX.wav,sad_4135.png,sad,train
1079_MTI_DIS_XX.wav,disgust_4136.png,disgust,train
1085_ITS_NEU_XX.wav,neutral_4137.png,neutral,train
1010_IEO_FEA_HI.wav,fear_4138.png,fear,train
1051_IEO_ANG_MD.wav,angry_4139.png,angry,train
1058_WSI_NEU_XX.wav,neutral_4140.png,neutral,train
1036_TAI_NEU_XX.wav,neutral_4141.png,neutral,train
1027_TSI_NEU_XX.wav,neutral_4142.png,neutral,train
1031_WSI_HAP_XX.wav,happy_4143.png,happy,train
1030_IWL_HAP_XX.wav,happy_4144.png,happy,train
1021_IWW_FEA_XX.wav,fear_4145.png,fear,train
1062_WSI_HAP_XX.wav,happy_4146.png,happy,train
1073_MTI_NEU_XX.wav,neutral_4147.png,neutral,train
1023_IWW_NEU_XX.wav,neutral_4148.png,neutral,train
1074_IEO_SAD_MD.wav,sad_4149.png,sad,train
1071_IEO_ANG_HI.wav,angry_4150.png,angry,train
1019_IOM_ANG_XX.wav,angry_4151.png,angry,train
1016_IWW_HAP_XX.wav,happy_4152.png,happy,train
1075_TAI_HAP_XX.wav,happy_4153.png,happy,train
1040_TIE_ANG_XX.wav,angry_4154.png,angry,train
1050_IWL_FEA_XX.wav,fear_4155.png,fear,train
1055_IEO_DIS_HI.wav,disgust_4156.png,disgust,train
1037_TSI_NEU_XX.wav,neutral_4157.png,neutral,train
1007_IEO_ANG_LO.wav,angry_4158.png,angry,train
1082_WSI_ANG_XX.wav,angry_4159.png,angry,train
1058_IOM_HAP_XX.wav,happy_4160.png,happy,train
1088_IEO_FEA_MD.wav,fear_4161.png,fear,train
1026_TIE_NEU_XX.wav,neutral_4162.png,neutral,train
1012_TIE_SAD_XX.wav,sad_4163.png,sad,train
1042_IWL_HAP_XX.wav,happy_4164.png,happy,train
1054_TIE_NEU_XX.wav,neutral_4165.png,neutral,train
1072_TAI_DIS_XX.wav,disgust_4166.png,disgust,train
1090_WSI_FEA_XX.wav,fear_4167.png,fear,train
1022_ITS_NEU_XX.wav,neutral_4168.png,neutral,train
1006_IEO_DIS_HI.wav,disgust_4169.png,disgust,train
1085_IOM_SAD_XX.wav,sad_4170.png,sad,train
1082_IWW_NEU_XX.wav,neutral_4171.png,neutral,train
1014_IOM_ANG_XX.wav,angry_4172.png,angry,train
1026_ITH_NEU_XX.wav,neutral_4173.png,neutral,train
1030_DFA_FEA_XX.wav,fear_4174.png,fear,train
1040_ITS_ANG_XX.wav,angry_4175.png,angry,train
1015_ITH_NEU_XX.wav,neutral_4176.png,neutral,train
1057_IWW_HAP_XX.wav,happy_4177.png,happy,train
1057_ITH_HAP_XX.wav,happy_4178.png,happy,train
1032_IEO_DIS_LO.wav,disgust_4179.png,disgust,train
1081_TSI_DIS_XX.wav,disgust_4180.png,disgust,train
1042_IWW_HAP_XX.wav,happy_4181.png,happy,train
1042_IWL_SAD_XX.wav,sad_4182.png,sad,train
1059_WSI_SAD_XX.wav,sad_4183.png,sad,train
1066_ITS_HAP_XX.wav,happy_4184.png,happy,train
1026_IEO_FEA_HI.wav,fear_4185.png,fear,train
1090_IWL_SAD_XX.wav,sad_4186.png,sad,train
1013_TAI_SAD_XX.wav,sad_4187.png,sad,train
1026_IWL_ANG_XX.wav,angry_4188.png,angry,train
1027_IWW_NEU_XX.wav,neutral_4189.png,neutral,train
1029_ITH_HAP_XX.wav,happy_4190.png,happy,train
1029_ITS_FEA_XX.wav,fear_4191.png,fear,train
1054_ITH_FEA_XX.wav,fear_4192.png,fear,train
1066_IEO_DIS_LO.wav,disgust_4193.png,disgust,train
1011_IEO_DIS_HI.wav,disgust_4194.png,disgust,train
1061_IOM_SAD_XX.wav,sad_4195.png,sad,train
1041_IEO_ANG_MD.wav,angry_4196.png,angry,train
1075_MTI_SAD_XX.wav,sad_4197.png,sad,train
1027_WSI_DIS_XX.wav,disgust_4198.png,disgust,train
1084_TAI_NEU_XX.wav,neutral_4199.png,neutral,train
1050_TIE_HAP_XX.wav,happy_4200.png,happy,train
1072_IEO_FEA_MD.wav,fear_4201.png,fear,train
1081_ITS_HAP_XX.wav,happy_4202.png,happy,train
1082_TIE_HAP_XX.wav,happy_4203.png,happy,train
1052_ITH_SAD_XX.wav,sad_4204.png,sad,train
1018_ITH_FEA_XX.wav,fear_4205.png,fear,train
1001_TIE_FEA_XX.wav,fear_4206.png,fear,train
1013_IOM_FEA_XX.wav,fear_4207.png,fear,train
1084_TSI_NEU_XX.wav,neutral_4208.png,neutral,train
1005_ITH_FEA_XX.wav,fear_4209.png,fear,train
1069_TSI_ANG_XX.wav,angry_4210.png,angry,train
1086_TAI_NEU_XX.wav,neutral_4211.png,neutral,train
1016_TIE_DIS_XX.wav,disgust_4212.png,disgust,train
1016_ITH_NEU_XX.wav,neutral_4213.png,neutral,train
1022_ITH_FEA_XX.wav,fear_4214.png,fear,train
1060_TAI_DIS_XX.wav,disgust_4215.png,disgust,train
1058_IWW_FEA_XX.wav,fear_4216.png,fear,train
1054_IOM_ANG_XX.wav,angry_4217.png,angry,train
1067_TSI_HAP_XX.wav,happy_4218.png,happy,train
1035_IOM_DIS_XX.wav,disgust_4219.png,disgust,train
1025_IEO_SAD_LO.wav,sad_4220.png,sad,train
1077_WSI_SAD_XX.wav,sad_4221.png,sad,train
1019_IWW_HAP_XX.wav,happy_4222.png,happy,train
1002_MTI_NEU_XX.wav,neutral_4223.png,neutral,train
1004_IEO_DIS_MD.wav,disgust_4224.png,disgust,train
1008_DFA_FEA_XX.wav,fear_4225.png,fear,train
1086_IEO_NEU_XX.wav,neutral_4226.png,neutral,train
1018_TIE_NEU_XX.wav,neutral_4227.png,neutral,train
1073_TSI_DIS_XX.wav,disgust_4228.png,disgust,train
1023_TSI_FEA_XX.wav,fear_4229.png,fear,train
1073_DFA_FEA_XX.wav,fear_4230.png,fear,train
1053_IWW_HAP_XX.wav,happy_4231.png,happy,train
1033_IOM_DIS_XX.wav,disgust_4232.png,disgust,train
1046_TIE_NEU_XX.wav,neutral_4233.png,neutral,train
1043_TSI_NEU_XX.wav,neutral_4234.png,neutral,train
1056_IEO_HAP_HI.wav,happy_4235.png,happy,train
1022_TIE_DIS_XX.wav,disgust_4236.png,disgust,train
1075_TAI_SAD_XX.wav,sad_4237.png,sad,train
1081_IEO_FEA_LO.wav,fear_4238.png,fear,train
1036_TIE_ANG_XX.wav,angry_4239.png,angry,train
1076_IWL_NEU_XX.wav,neutral_4240.png,neutral,train
1051_TSI_NEU_XX.wav,neutral_4241.png,neutral,train
1017_IWW_NEU_XX.wav,neutral_4242.png,neutral,train
1069_TSI_SAD_XX.wav,sad_4243.png,sad,train
1003_IOM_FEA_XX.wav,fear_4244.png,fear,train
1059_IWW_NEU_XX.wav,neutral_4245.png,neutral,train
1035_IEO_SAD_HI.wav,sad_4246.png,sad,train
1017_WSI_HAP_XX.wav,happy_4247.png,happy,train
1005_ITS_ANG_XX.wav,angry_4248.png,angry,train
1026_IOM_DIS_XX.wav,disgust_4249.png,disgust,train
1057_IOM_SAD_XX.wav,sad_4250.png,sad,train
1069_MTI_FEA_XX.wav,fear_4251.png,fear,train
1046_ITS_NEU_XX.wav,neutral_4252.png,neutral,train
1025_MTI_DIS_XX.wav,disgust_4253.png,disgust,train
1047_IEO_ANG_LO.wav,angry_4254.png,angry,train
1048_IOM_NEU_XX.wav,neutral_4255.png,neutral,train
1057_IWW_SAD_XX.wav,sad_4256.png,sad,train
1071_TSI_HAP_XX.wav,happy_4257.png,happy,train
1059_IOM_ANG_XX.wav,angry_4258.png,angry,train
1066_ITH_ANG_XX.wav,angry_4259.png,angry,train
1003_DFA_HAP_XX.wav,happy_4260.png,happy,train
1059_IWL_SAD_XX.wav,sad_4261.png,sad,train
1071_TIE_ANG_XX.wav,angry_4262.png,angry,train
1069_IWW_HAP_XX.wav,happy_4263.png,happy,train
1061_WSI_SAD_XX.wav,sad_4264.png,sad,train
1003_IWL_NEU_XX.wav,neutral_4265.png,neutral,train
1064_DFA_HAP_XX.wav,happy_4266.png,happy,train
1003_IWL_HAP_XX.wav,happy_4267.png,happy,train
1044_MTI_NEU_XX.wav,neutral_4268.png,neutral,train
1091_IOM_HAP_XX.wav,happy_4269.png,happy,train
1071_IWW_SAD_XX.wav,sad_4270.png,sad,train
1012_TAI_DIS_XX.wav,disgust_4271.png,disgust,train
1085_IEO_FEA_MD.wav,fear_4272.png,fear,train
1061_DFA_ANG_XX.wav,angry_4273.png,angry,train
1004_TAI_DIS_XX.wav,disgust_4274.png,disgust,train
1058_MTI_NEU_XX.wav,neutral_4275.png,neutral,train
1005_TSI_SAD_XX.wav,sad_4276.png,sad,train
1039_WSI_FEA_XX.wav,fear_4277.png,fear,train
1023_TIE_DIS_XX.wav,disgust_4278.png,disgust,train
1052_IEO_SAD_HI.wav,sad_4279.png,sad,train
1066_MTI_NEU_XX.wav,neutral_4280.png,neutral,train
1086_TIE_NEU_XX.wav,neutral_4281.png,neutral,train
1043_IEO_HAP_MD.wav,happy_4282.png,happy,train
1087_ITS_SAD_XX.wav,sad_4283.png,sad,train
1055_DFA_FEA_XX.wav,fear_4284.png,fear,train
1065_WSI_ANG_XX.wav,angry_4285.png,angry,train
1044_ITH_ANG_XX.wav,angry_4286.png,angry,train
1038_IWL_NEU_XX.wav,neutral_4287.png,neutral,train
1063_IWL_HAP_XX.wav,happy_4288.png,happy,train
1039_TIE_DIS_XX.wav,disgust_4289.png,disgust,train
1035_TAI_FEA_XX.wav,fear_4290.png,fear,train
1062_TIE_FEA_XX.wav,fear_4291.png,fear,train
1022_TIE_ANG_XX.wav,angry_4292.png,angry,train
1035_TAI_NEU_XX.wav,neutral_4293.png,neutral,train
1029_TAI_FEA_XX.wav,fear_4294.png,fear,train
1028_IWL_NEU_XX.wav,neutral_4295.png,neutral,train
1090_DFA_FEA_XX.wav,fear_4296.png,fear,train
1037_WSI_DIS_XX.wav,disgust_4297.png,disgust,train
1015_TSI_HAP_XX.wav,happy_4298.png,happy,train
1049_TSI_SAD_XX.wav,sad_4299.png,sad,train
1070_IOM_SAD_XX.wav,sad_4300.png,sad,train
1086_ITH_SAD_XX.wav,sad_4301.png,sad,train
1068_DFA_SAD_XX.wav,sad_4302.png,sad,train
1070_IWL_SAD_XX.wav,sad_4303.png,sad,train
1067_IWW_FEA_XX.wav,fear_4304.png,fear,train
1043_IOM_HAP_XX.wav,happy_4305.png,happy,train
1056_TSI_HAP_XX.wav,happy_4306.png,happy,train
1063_ITH_DIS_XX.wav,disgust_4307.png,disgust,train
1009_TAI_DIS_XX.wav,disgust_4308.png,disgust,train
1067_TAI_SAD_XX.wav,sad_4309.png,sad,train
1037_IEO_FEA_MD.wav,fear_4310.png,fear,train
1073_IWL_FEA_XX.wav,fear_4311.png,fear,train
1038_ITS_NEU_XX.wav,neutral_4312.png,neutral,train
1078_TIE_DIS_XX.wav,disgust_4313.png,disgust,train
1032_MTI_HAP_XX.wav,happy_4314.png,happy,train
1015_IEO_HAP_MD.wav,happy_4315.png,happy,train
1072_TAI_SAD_XX.wav,sad_4316.png,sad,train
1048_DFA_SAD_XX.wav,sad_4317.png,sad,train
1048_ITH_SAD_XX.wav,sad_4318.png,sad,train
1077_IEO_FEA_HI.wav,fear_4319.png,fear,train
1013_IEO_HAP_LO.wav,happy_4320.png,happy,train
1062_ITH_DIS_XX.wav,disgust_4321.png,disgust,train
1036_ITH_HAP_XX.wav,happy_4322.png,happy,train
1040_TSI_NEU_XX.wav,neutral_4323.png,neutral,train
1082_TSI_FEA_XX.wav,fear_4324.png,fear,train
1085_TAI_NEU_XX.wav,neutral_4325.png,neutral,train
1065_TAI_HAP_XX.wav,happy_4326.png,happy,train
1090_TSI_FEA_XX.wav,fear_4327.png,fear,train
1052_TSI_FEA_XX.wav,fear_4328.png,fear,train
1090_TIE_DIS_XX.wav,disgust_4329.png,disgust,train
1002_WSI_ANG_XX.wav,angry_4330.png,angry,train
1022_IEO_DIS_LO.wav,disgust_4331.png,disgust,train
1056_IEO_FEA_LO.wav,fear_4332.png,fear,train
1026_MTI_ANG_XX.wav,angry_4333.png,angry,train
1027_TIE_HAP_XX.wav,happy_4334.png,happy,train
1077_TSI_FEA_XX.wav,fear_4335.png,fear,train
1001_TSI_DIS_XX.wav,disgust_4336.png,disgust,train
1042_TIE_DIS_XX.wav,disgust_4337.png,disgust,train
1055_IEO_FEA_HI.wav,fear_4338.png,fear,train
1064_TAI_HAP_XX.wav,happy_4339.png,happy,train
1038_TIE_FEA_XX.wav,fear_4340.png,fear,train
1091_IOM_DIS_XX.wav,disgust_4341.png,disgust,train
1007_MTI_SAD_XX.wav,sad_4342.png,sad,train
1007_TIE_HAP_XX.wav,happy_4343.png,happy,train
1009_ITS_FEA_XX.wav,fear_4344.png,fear,train
1062_WSI_NEU_XX.wav,neutral_4345.png,neutral,train
1037_TSI_SAD_XX.wav,sad_4346.png,sad,train
1022_TIE_SAD_XX.wav,sad_4347.png,sad,train
1075_DFA_FEA_XX.wav,fear_4348.png,fear,train
1062_ITS_FEA_XX.wav,fear_4349.png,fear,train
1040_IEO_SAD_HI.wav,sad_4350.png,sad,train
1045_IWL_DIS_XX.wav,disgust_4351.png,disgust,train
1064_DFA_ANG_XX.wav,angry_4352.png,angry,train
1054_IWW_HAP_XX.wav,happy_4353.png,happy,train
1042_IEO_ANG_LO.wav,angry_4354.png,angry,train
1039_IWW_ANG_XX.wav,angry_4355.png,angry,train
1074_IEO_NEU_XX.wav,neutral_4356.png,neutral,train
1039_TIE_FEA_XX.wav,fear_4357.png,fear,train
1069_TSI_NEU_XX.wav,neutral_4358.png,neutral,train
1051_ITH_DIS_XX.wav,disgust_4359.png,disgust,train
1044_MTI_HAP_XX.wav,happy_4360.png,happy,train
1076_DFA_FEA_XX.wav,fear_4361.png,fear,train
1068_DFA_ANG_XX.wav,angry_4362.png,angry,train
1042_TAI_ANG_XX.wav,angry_4363.png,angry,train
1090_DFA_ANG_XX.wav,angry_4364.png,angry,train
1033_DFA_FEA_XX.wav,fear_4365.png,fear,train
1057_WSI_SAD_XX.wav,sad_4366.png,sad,train
1030_ITH_ANG_XX.wav,angry_4367.png,angry,train
1013_IWL_HAP_XX.wav,happy_4368.png,happy,train
1032_IWL_SAD_XX.wav,sad_4369.png,sad,train
1056_ITH_NEU_XX.wav,neutral_4370.png,neutral,train
1057_WSI_NEU_XX.wav,neutral_4371.png,neutral,train
1008_MTI_ANG_XX.wav,angry_4372.png,angry,train
1063_ITS_FEA_XX.wav,fear_4373.png,fear,train
1061_TSI_NEU_XX.wav,neutral_4374.png,neutral,train
1006_IEO_ANG_HI.wav,angry_4375.png,angry,train
1040_IOM_NEU_XX.wav,neutral_4376.png,neutral,train
1015_IOM_DIS_XX.wav,disgust_4377.png,disgust,train
1078_IWW_HAP_XX.wav,happy_4378.png,happy,train
1052_DFA_ANG_XX.wav,angry_4379.png,angry,train
1048_TAI_HAP_XX.wav,happy_4380.png,happy,train
1034_ITS_FEA_XX.wav,fear_4381.png,fear,train
1059_MTI_ANG_XX.wav,angry_4382.png,angry,train
1088_IWW_NEU_XX.wav,neutral_4383.png,neutral,train
1057_TSI_ANG_XX.wav,angry_4384.png,angry,train
1053_TIE_ANG_XX.wav,angry_4385.png,angry,train
1091_DFA_SAD_XX.wav,sad_4386.png,sad,train
1090_MTI_SAD_XX.wav,sad_4387.png,sad,train
1074_MTI_HAP_XX.wav,happy_4388.png,happy,train
1084_MTI_ANG_XX.wav,angry_4389.png,angry,train
1061_ITH_HAP_XX.wav,happy_4390.png,happy,train
1001_ITH_SAD_XX.wav,sad_4391.png,sad,train
1071_ITH_FEA_XX.wav,fear_4392.png,fear,train
1078_WSI_SAD_XX.wav,sad_4393.png,sad,train
1063_IWL_SAD_XX.wav,sad_4394.png,sad,train
1088_TSI_DIS_XX.wav,disgust_4395.png,disgust,train
1089_IEO_SAD_HI.wav,sad_4396.png,sad,train
1030_TAI_NEU_XX.wav,neutral_4397.png,neutral,train
1026_IWW_SAD_XX.wav,sad_4398.png,sad,train
1068_IWW_DIS_XX.wav,disgust_4399.png,disgust,train
1061_TSI_SAD_XX.wav,sad_4400.png,sad,train
1022_WSI_DIS_XX.wav,disgust_4401.png,disgust,train
1016_IOM_DIS_XX.wav,disgust_4402.png,disgust,train
1003_IWL_ANG_XX.wav,angry_4403.png,angry,train
1027_IEO_HAP_MD.wav,happy_4404.png,happy,train
1037_ITH_SAD_XX.wav,sad_4405.png,sad,train
1025_IOM_SAD_XX.wav,sad_4406.png,sad,train
1004_TSI_SAD_XX.wav,sad_4407.png,sad,train
1003_TIE_SAD_XX.wav,sad_4408.png,sad,train
1072_IWW_NEU_XX.wav,neutral_4409.png,neutral,train
1037_IEO_ANG_LO.wav,angry_4410.png,angry,train
1027_IEO_FEA_LO.wav,fear_4411.png,fear,train
1074_TAI_ANG_XX.wav,angry_4412.png,angry,train
1036_TIE_HAP_XX.wav,happy_4413.png,happy,train
1006_IEO_HAP_MD.wav,happy_4414.png,happy,train
1008_IEO_HAP_LO.wav,happy_4415.png,happy,train
1025_TIE_NEU_XX.wav,neutral_4416.png,neutral,train
1036_DFA_ANG_XX.wav,angry_4417.png,angry,train
1030_MTI_DIS_XX.wav,disgust_4418.png,disgust,train
1064_IWW_DIS_XX.wav,disgust_4419.png,disgust,train
1033_DFA_HAP_XX.wav,happy_4420.png,happy,train
1024_IEO_HAP_HI.wav,happy_4421.png,happy,train
1072_IEO_ANG_MD.wav,angry_4422.png,angry,train
1015_TAI_NEU_XX.wav,neutral_4423.png,neutral,train
1053_DFA_FEA_XX.wav,fear_4424.png,fear,train
1024_TSI_HAP_XX.wav,happy_4425.png,happy,train
1018_IEO_SAD_MD.wav,sad_4426.png,sad,train
1072_TSI_FEA_XX.wav,fear_4427.png,fear,train
1054_TAI_NEU_XX.wav,neutral_4428.png,neutral,train
1006_IEO_DIS_MD.wav,disgust_4429.png,disgust,train
1070_ITS_FEA_XX.wav,fear_4430.png,fear,train
1006_IEO_FEA_LO.wav,fear_4431.png,fear,train
1073_IEO_DIS_MD.wav,disgust_4432.png,disgust,train
1055_IEO_NEU_XX.wav,neutral_4433.png,neutral,train
1029_DFA_ANG_XX.wav,angry_4434.png,angry,train
1024_WSI_HAP_XX.wav,happy_4435.png,happy,train
1026_ITS_DIS_XX.wav,disgust_4436.png,disgust,train
1056_ITS_NEU_XX.wav,neutral_4437.png,neutral,train
1014_MTI_NEU_XX.wav,neutral_4438.png,neutral,train
1048_WSI_DIS_XX.wav,disgust_4439.png,disgust,train
1059_IWW_SAD_XX.wav,sad_4440.png,sad,train
1009_IWW_FEA_XX.wav,fear_4441.png,fear,train
1089_ITH_NEU_XX.wav,neutral_4442.png,neutral,train
1079_TIE_HAP_XX.wav,happy_4443.png,happy,train
1050_TSI_SAD_XX.wav,sad_4444.png,sad,train
1074_TSI_NEU_XX.wav,neutral_4445.png,neutral,train
1022_MTI_NEU_XX.wav,neutral_4446.png,neutral,train
1074_ITH_ANG_XX.wav,angry_4447.png,angry,train
1012_IWL_HAP_XX.wav,happy_4448.png,happy,train
1002_TAI_FEA_XX.wav,fear_4449.png,fear,train
1048_MTI_HAP_XX.wav,happy_4450.png,happy,train
1088_ITH_NEU_XX.wav,neutral_4451.png,neutral,train
1047_TAI_SAD_XX.wav,sad_4452.png,sad,train
1003_WSI_ANG_XX.wav,angry_4453.png,angry,train
1008_TAI_NEU_XX.wav,neutral_4454.png,neutral,train
1030_ITS_NEU_XX.wav,neutral_4455.png,neutral,train
1065_TSI_HAP_XX.wav,happy_4456.png,happy,train
1024_IWW_HAP_XX.wav,happy_4457.png,happy,train
1020_DFA_DIS_XX.wav,disgust_4458.png,disgust,train
1034_WSI_DIS_XX.wav,disgust_4459.png,disgust,train
1053_IOM_SAD_XX.wav,sad_4460.png,sad,train
1069_ITS_HAP_XX.wav,happy_4461.png,happy,train
1089_IWL_HAP_XX.wav,happy_4462.png,happy,train
1013_MTI_HAP_XX.wav,happy_4463.png,happy,train
1074_TAI_SAD_XX.wav,sad_4464.png,sad,train
1031_TSI_DIS_XX.wav,disgust_4465.png,disgust,train
1027_IEO_ANG_LO.wav,angry_4466.png,angry,train
1055_TAI_HAP_XX.wav,happy_4467.png,happy,train
1086_TIE_SAD_XX.wav,sad_4468.png,sad,train
1045_TIE_ANG_XX.wav,angry_4469.png,angry,train
1041_DFA_FEA_XX.wav,fear_4470.png,fear,train
1053_IWW_FEA_XX.wav,fear_4471.png,fear,train
1073_MTI_SAD_XX.wav,sad_4472.png,sad,train
1070_ITS_HAP_XX.wav,happy_4473.png,happy,train
1054_IEO_HAP_HI.wav,happy_4474.png,happy,train
1079_IOM_ANG_XX.wav,angry_4475.png,angry,train
1010_TAI_FEA_XX.wav,fear_4476.png,fear,train
1002_IWL_NEU_XX.wav,neutral_4477.png,neutral,train
1049_IWL_ANG_XX.wav,angry_4478.png,angry,train
1068_TAI_SAD_XX.wav,sad_4479.png,sad,train
1010_TSI_NEU_XX.wav,neutral_4480.png,neutral,train
1068_TSI_FEA_XX.wav,fear_4481.png,fear,train
1078_IEO_SAD_MD.wav,sad_4482.png,sad,train
1089_ITH_SAD_XX.wav,sad_4483.png,sad,train
1018_IEO_ANG_MD.wav,angry_4484.png,angry,train
1087_DFA_FEA_XX.wav,fear_4485.png,fear,train
1029_ITH_SAD_XX.wav,sad_4486.png,sad,train
1027_ITS_SAD_XX.wav,sad_4487.png,sad,train
1057_MTI_FEA_XX.wav,fear_4488.png,fear,train
1085_MTI_SAD_XX.wav,sad_4489.png,sad,train
1069_DFA_NEU_XX.wav,neutral_4490.png,neutral,train
1048_IWW_HAP_XX.wav,happy_4491.png,happy,train
1083_IWL_NEU_XX.wav,neutral_4492.png,neutral,train
1057_IWL_SAD_XX.wav,sad_4493.png,sad,train
1021_TSI_ANG_XX.wav,angry_4494.png,angry,train
1029_IEO_HAP_MD.wav,happy_4495.png,happy,train
1020_IOM_SAD_XX.wav,sad_4496.png,sad,train
1079_IWL_FEA_XX.wav,fear_4497.png,fear,train
1072_TSI_SAD_XX.wav,sad_4498.png,sad,train
1050_IWW_FEA_XX.wav,fear_4499.png,fear,train
1062_DFA_FEA_XX.wav,fear_4500.png,fear,train
1017_IOM_SAD_XX.wav,sad_4501.png,sad,train
1047_TSI_DIS_XX.wav,disgust_4502.png,disgust,train
1047_IEO_HAP_HI.wav,happy_4503.png,happy,train
1091_WSI_HAP_XX.wav,happy_4504.png,happy,train
1073_TIE_DIS_XX.wav,disgust_4505.png,disgust,train
1071_IOM_NEU_XX.wav,neutral_4506.png,neutral,train
1011_IWL_ANG_XX.wav,angry_4507.png,angry,train
1058_MTI_FEA_XX.wav,fear_4508.png,fear,train
1059_ITH_SAD_XX.wav,sad_4509.png,sad,train
1005_IEO_HAP_LO.wav,happy_4510.png,happy,train
1044_IWL_HAP_XX.wav,happy_4511.png,happy,train
1005_ITH_NEU_XX.wav,neutral_4512.png,neutral,train
1034_MTI_DIS_XX.wav,disgust_4513.png,disgust,train
1078_IEO_FEA_LO.wav,fear_4514.png,fear,train
1040_IWL_HAP_XX.wav,happy_4515.png,happy,train
1085_TAI_ANG_XX.wav,angry_4516.png,angry,train
1045_IEO_DIS_MD.wav,disgust_4517.png,disgust,train
1024_IWW_NEU_XX.wav,neutral_4518.png,neutral,train
1036_DFA_DIS_XX.wav,disgust_4519.png,disgust,train
1068_MTI_DIS_XX.wav,disgust_4520.png,disgust,train
1065_ITS_SAD_XX.wav,sad_4521.png,sad,train
1031_IWL_ANG_XX.wav,angry_4522.png,angry,train
1081_IEO_DIS_MD.wav,disgust_4523.png,disgust,train
1058_TIE_SAD_XX.wav,sad_4524.png,sad,train
1039_IEO_ANG_HI.wav,angry_4525.png,angry,train
1041_TAI_NEU_XX.wav,neutral_4526.png,neutral,train
1041_TIE_ANG_XX.wav,angry_4527.png,angry,train
1062_WSI_DIS_XX.wav,disgust_4528.png,disgust,train
1061_IOM_DIS_XX.wav,disgust_4529.png,disgust,train
1054_MTI_HAP_XX.wav,happy_4530.png,happy,train
1085_MTI_HAP_XX.wav,happy_4531.png,happy,train
1012_WSI_DIS_XX.wav,disgust_4532.png,disgust,train
1008_TSI_ANG_XX.wav,angry_4533.png,angry,train
1055_IEO_DIS_MD.wav,disgust_4534.png,disgust,train
1001_TAI_SAD_XX.wav,sad_4535.png,sad,train
1086_IWL_FEA_XX.wav,fear_4536.png,fear,train
1008_IEO_SAD_LO.wav,sad_4537.png,sad,train
1091_IEO_SAD_HI.wav,sad_4538.png,sad,train
1030_WSI_ANG_XX.wav,angry_4539.png,angry,train
1012_IWL_SAD_XX.wav,sad_4540.png,sad,train
1011_WSI_NEU_XX.wav,neutral_4541.png,neutral,train
1088_IWL_NEU_XX.wav,neutral_4542.png,neutral,train
1040_ITS_FEA_XX.wav,fear_4543.png,fear,train
1066_IEO_ANG_LO.wav,angry_4544.png,angry,train
1049_IEO_SAD_HI.wav,sad_4545.png,sad,train
1057_IWL_ANG_XX.wav,angry_4546.png,angry,train
1077_DFA_FEA_XX.wav,fear_4547.png,fear,train
1015_TIE_NEU_XX.wav,neutral_4548.png,neutral,train
1023_ITH_FEA_XX.wav,fear_4549.png,fear,train
1039_MTI_ANG_XX.wav,angry_4550.png,angry,train
1041_DFA_HAP_XX.wav,happy_4551.png,happy,train
1005_TIE_SAD_XX.wav,sad_4552.png,sad,train
1046_ITH_DIS_XX.wav,disgust_4553.png,disgust,train
1069_ITS_DIS_XX.wav,disgust_4554.png,disgust,train
1050_TIE_NEU_XX.wav,neutral_4555.png,neutral,train
1080_IWL_HAP_XX.wav,happy_4556.png,happy,train
1039_IOM_HAP_XX.wav,happy_4557.png,happy,train
1076_TAI_DIS_XX.wav,disgust_4558.png,disgust,train
1084_IEO_SAD_MD.wav,sad_4559.png,sad,train
1082_IEO_FEA_LO.wav,fear_4560.png,fear,train
1084_IWW_HAP_XX.wav,happy_4561.png,happy,train
1091_IEO_ANG_HI.wav,angry_4562.png,angry,train
1020_ITH_HAP_XX.wav,happy_4563.png,happy,train
1053_ITH_ANG_XX.wav,angry_4564.png,angry,train
1008_IEO_HAP_HI.wav,happy_4565.png,happy,train
1001_IWL_ANG_XX.wav,angry_4566.png,angry,train
1031_IWL_NEU_XX.wav,neutral_4567.png,neutral,train
1089_IWW_ANG_XX.wav,angry_4568.png,angry,train
1090_IEO_HAP_HI.wav,happy_4569.png,happy,train
1069_ITS_FEA_XX.wav,fear_4570.png,fear,train
1006_ITS_HAP_XX.wav,happy_4571.png,happy,train
1058_TSI_SAD_XX.wav,sad_4572.png,sad,train
1039_IEO_HAP_LO.wav,happy_4573.png,happy,train
1032_ITH_HAP_XX.wav,happy_4574.png,happy,train
1049_ITH_FEA_XX.wav,fear_4575.png,fear,train
1035_IWW_HAP_XX.wav,happy_4576.png,happy,train
1062_IEO_DIS_LO.wav,disgust_4577.png,disgust,train
1047_TSI_SAD_XX.wav,sad_4578.png,sad,train
1017_TIE_DIS_XX.wav,disgust_4579.png,disgust,train
1016_ITS_ANG_XX.wav,angry_4580.png,angry,train
1028_IEO_SAD_HI.wav,sad_4581.png,sad,train
1050_IWL_DIS_XX.wav,disgust_4582.png,disgust,train
1023_IEO_FEA_MD.wav,fear_4583.png,fear,train
1060_ITS_SAD_XX.wav,sad_4584.png,sad,train
1073_ITS_NEU_XX.wav,neutral_4585.png,neutral,train
1068_IEO_HAP_MD.wav,happy_4586.png,happy,train
1030_TSI_FEA_XX.wav,fear_4587.png,fear,train
1012_ITH_DIS_XX.wav,disgust_4588.png,disgust,train
1015_ITS_FEA_XX.wav,fear_4589.png,fear,train
1075_MTI_HAP_XX.wav,happy_4590.png,happy,train
1040_ITH_HAP_XX.wav,happy_4591.png,happy,train
1043_TSI_DIS_XX.wav,disgust_4592.png,disgust,train
1023_TAI_DIS_XX.wav,disgust_4593.png,disgust,train
1048_IWL_DIS_XX.wav,disgust_4594.png,disgust,train
1036_IEO_SAD_MD.wav,sad_4595.png,sad,train
1055_IWL_SAD_XX.wav,sad_4596.png,sad,train
1048_TSI_FEA_XX.wav,fear_4597.png,fear,train
1009_WSI_DIS_XX.wav,disgust_4598.png,disgust,train
1054_IEO_SAD_LO.wav,sad_4599.png,sad,train
1058_IWL_SAD_XX.wav,sad_4600.png,sad,train
1050_TIE_SAD_XX.wav,sad_4601.png,sad,train
1053_ITS_DIS_XX.wav,disgust_4602.png,disgust,train
1036_TAI_HAP_XX.wav,happy_4603.png,happy,train
1079_IWW_NEU_XX.wav,neutral_4604.png,neutral,train
1032_TIE_ANG_XX.wav,angry_4605.png,angry,train
1078_IEO_HAP_LO.wav,happy_4606.png,happy,train
1045_IWL_HAP_XX.wav,happy_4607.png,happy,train
1081_IWW_NEU_XX.wav,neutral_4608.png,neutral,train
1082_DFA_NEU_XX.wav,neutral_4609.png,neutral,train
1047_IWL_SAD_XX.wav,sad_4610.png,sad,train
1066_TAI_FEA_XX.wav,fear_4611.png,fear,train
1033_ITH_FEA_XX.wav,fear_4612.png,fear,train
1006_ITS_SAD_XX.wav,sad_4613.png,sad,train
1084_TAI_SAD_XX.wav,sad_4614.png,sad,train
1007_WSI_ANG_XX.wav,angry_4615.png,angry,train
1083_ITS_NEU_XX.wav,neutral_4616.png,neutral,train
1014_IEO_DIS_MD.wav,disgust_4617.png,disgust,train
1021_IWW_ANG_XX.wav,angry_4618.png,angry,train
1055_WSI_FEA_XX.wav,fear_4619.png,fear,train
1087_WSI_HAP_XX.wav,happy_4620.png,happy,train
1014_ITH_NEU_XX.wav,neutral_4621.png,neutral,train
1001_IWW_HAP_XX.wav,happy_4622.png,happy,train
1049_IEO_FEA_MD.wav,fear_4623.png,fear,train
1010_IEO_ANG_LO.wav,angry_4624.png,angry,train
1012_ITH_HAP_XX.wav,happy_4625.png,happy,train
1007_IWW_DIS_XX.wav,disgust_4626.png,disgust,train
1027_IWW_FEA_XX.wav,fear_4627.png,fear,train
1043_IOM_DIS_XX.wav,disgust_4628.png,disgust,train
1063_TAI_DIS_XX.wav,disgust_4629.png,disgust,train
1057_IEO_FEA_LO.wav,fear_4630.png,fear,train
1067_TSI_SAD_XX.wav,sad_4631.png,sad,train
1015_IEO_NEU_XX.wav,neutral_4632.png,neutral,train
1081_TAI_FEA_XX.wav,fear_4633.png,fear,train
1085_MTI_NEU_XX.wav,neutral_4634.png,neutral,train
1005_IEO_HAP_HI.wav,happy_4635.png,happy,train
1037_TIE_FEA_XX.wav,fear_4636.png,fear,train
1079_TSI_FEA_XX.wav,fear_4637.png,fear,train
1019_TIE_NEU_XX.wav,neutral_4638.png,neutral,train
1029_DFA_DIS_XX.wav,disgust_4639.png,disgust,train
1088_TSI_SAD_XX.wav,sad_4640.png,sad,train
1031_IEO_SAD_LO.wav,sad_4641.png,sad,train
1048_IEO_SAD_HI.wav,sad_4642.png,sad,train
1081_IWW_ANG_XX.wav,angry_4643.png,angry,train
1047_ITS_HAP_XX.wav,happy_4644.png,happy,train
1012_TSI_ANG_XX.wav,angry_4645.png,angry,train
1007_IWL_NEU_XX.wav,neutral_4646.png,neutral,train
1078_IWW_ANG_XX.wav,angry_4647.png,angry,train
1027_ITS_ANG_XX.wav,angry_4648.png,angry,train
1002_IWL_DIS_XX.wav,disgust_4649.png,disgust,train
1004_IWL_SAD_XX.wav,sad_4650.png,sad,train
1064_TSI_FEA_XX.wav,fear_4651.png,fear,train
1078_WSI_FEA_XX.wav,fear_4652.png,fear,train
1052_MTI_SAD_XX.wav,sad_4653.png,sad,train
1087_IWW_NEU_XX.wav,neutral_4654.png,neutral,train
1068_IOM_HAP_XX.wav,happy_4655.png,happy,train
1090_IOM_FEA_XX.wav,fear_4656.png,fear,train
1056_MTI_SAD_XX.wav,sad_4657.png,sad,train
1089_IWW_SAD_XX.wav,sad_4658.png,sad,train
1089_IWL_ANG_XX.wav,angry_4659.png,angry,train
1015_IEO_HAP_HI.wav,happy_4660.png,happy,train
1010_TAI_NEU_XX.wav,neutral_4661.png,neutral,train
1025_IWW_SAD_XX.wav,sad_4662.png,sad,train
1058_TIE_NEU_XX.wav,neutral_4663.png,neutral,train
1056_MTI_DIS_XX.wav,disgust_4664.png,disgust,train
1073_IEO_DIS_HI.wav,disgust_4665.png,disgust,train
1038_TIE_HAP_XX.wav,happy_4666.png,happy,train
1055_IWW_DIS_XX.wav,disgust_4667.png,disgust,train
1040_MTI_FEA_XX.wav,fear_4668.png,fear,train
1062_ITS_HAP_XX.wav,happy_4669.png,happy,train
1068_WSI_HAP_XX.wav,happy_4670.png,happy,train
1071_TAI_HAP_XX.wav,happy_4671.png,happy,train
1048_IEO_ANG_HI.wav,angry_4672.png,angry,train
1076_TAI_ANG_XX.wav,angry_4673.png,angry,train
1019_ITS_FEA_XX.wav,fear_4674.png,fear,train
1058_IOM_DIS_XX.wav,disgust_4675.png,disgust,train
1037_WSI_HAP_XX.wav,happy_4676.png,happy,train
1001_ITS_SAD_XX.wav,sad_4677.png,sad,train
1084_TSI_SAD_XX.wav,sad_4678.png,sad,train
1007_ITS_DIS_XX.wav,disgust_4679.png,disgust,train
1028_IEO_DIS_LO.wav,disgust_4680.png,disgust,train
1061_WSI_ANG_XX.wav,angry_4681.png,angry,train
1049_IWW_SAD_XX.wav,sad_4682.png,sad,train
1073_TAI_NEU_XX.wav,neutral_4683.png,neutral,train
1086_DFA_SAD_XX.wav,sad_4684.png,sad,train
1024_WSI_FEA_XX.wav,fear_4685.png,fear,train
1057_IEO_SAD_LO.wav,sad_4686.png,sad,train
1060_DFA_DIS_XX.wav,disgust_4687.png,disgust,train
1052_TIE_HAP_XX.wav,happy_4688.png,happy,train
1068_ITS_DIS_XX.wav,disgust_4689.png,disgust,train
1068_IWL_ANG_XX.wav,angry_4690.png,angry,train
1085_IWL_FEA_XX.wav,fear_4691.png,fear,train
1028_ITS_HAP_XX.wav,happy_4692.png,happy,train
1006_TAI_SAD_XX.wav,sad_4693.png,sad,train
1041_IOM_FEA_XX.wav,fear_4694.png,fear,train
1015_IEO_ANG_LO.wav,angry_4695.png,angry,train
1064_TSI_DIS_XX.wav,disgust_4696.png,disgust,train
1064_ITS_ANG_XX.wav,angry_4697.png,angry,train
1034_IEO_ANG_HI.wav,angry_4698.png,angry,train
1072_ITH_SAD_XX.wav,sad_4699.png,sad,train
1074_IWL_ANG_XX.wav,angry_4700.png,angry,train
1052_TSI_ANG_XX.wav,angry_4701.png,angry,train
1085_TIE_DIS_XX.wav,disgust_4702.png,disgust,train
1062_TIE_SAD_XX.wav,sad_4703.png,sad,train
1048_WSI_FEA_XX.wav,fear_4704.png,fear,train
1050_IWL_HAP_XX.wav,happy_4705.png,happy,train
1072_WSI_SAD_XX.wav,sad_4706.png,sad,train
1044_IOM_NEU_XX.wav,neutral_4707.png,neutral,train
1048_ITS_HAP_XX.wav,happy_4708.png,happy,train
1027_IWL_DIS_XX.wav,disgust_4709.png,disgust,train
1065_IWW_SAD_XX.wav,sad_4710.png,sad,train
1021_IWL_FEA_XX.wav,fear_4711.png,fear,train
1016_TIE_SAD_XX.wav,sad_4712.png,sad,train
1071_ITH_HAP_XX.wav,happy_4713.png,happy,train
1036_WSI_NEU_XX.wav,neutral_4714.png,neutral,train
1071_DFA_HAP_XX.wav,happy_4715.png,happy,train
1090_DFA_NEU_XX.wav,neutral_4716.png,neutral,train
1037_TAI_NEU_XX.wav,neutral_4717.png,neutral,train
1005_IEO_SAD_HI.wav,sad_4718.png,sad,train
1072_IOM_SAD_XX.wav,sad_4719.png,sad,train
1005_TAI_ANG_XX.wav,angry_4720.png,angry,train
1081_TIE_SAD_XX.wav,sad_4721.png,sad,train
1066_ITH_SAD_XX.wav,sad_4722.png,sad,train
1050_MTI_SAD_XX.wav,sad_4723.png,sad,train
1045_IOM_HAP_XX.wav,happy_4724.png,happy,train
1070_IEO_DIS_HI.wav,disgust_4725.png,disgust,train
1063_TAI_NEU_XX.wav,neutral_4726.png,neutral,train
1021_IWW_NEU_XX.wav,neutral_4727.png,neutral,train
1036_IEO_HAP_MD.wav,happy_4728.png,happy,train
1047_TSI_HAP_XX.wav,happy_4729.png,happy,train
1019_ITS_HAP_XX.wav,happy_4730.png,happy,train
1059_IEO_SAD_HI.wav,sad_4731.png,sad,train
1009_IEO_DIS_LO.wav,disgust_4732.png,disgust,train
1036_ITS_NEU_XX.wav,neutral_4733.png,neutral,train
1015_IEO_SAD_HI.wav,sad_4734.png,sad,train
1047_ITH_DIS_XX.wav,disgust_4735.png,disgust,train
1088_TAI_NEU_XX.wav,neutral_4736.png,neutral,train
1002_TSI_HAP_XX.wav,happy_4737.png,happy,train
1051_ITH_FEA_XX.wav,fear_4738.png,fear,train
1046_TSI_DIS_XX.wav,disgust_4739.png,disgust,train
1003_IEO_SAD_MD.wav,sad_4740.png,sad,train
1083_ITS_HAP_XX.wav,happy_4741.png,happy,train
1036_TAI_ANG_XX.wav,angry_4742.png,angry,train
1075_IWL_FEA_XX.wav,fear_4743.png,fear,train
1080_IWW_DIS_XX.wav,disgust_4744.png,disgust,train
1071_IEO_SAD_MD.wav,sad_4745.png,sad,train
1022_WSI_HAP_XX.wav,happy_4746.png,happy,train
1062_IWL_HAP_XX.wav,happy_4747.png,happy,train
1090_IOM_ANG_XX.wav,angry_4748.png,angry,train
1016_ITS_FEA_XX.wav,fear_4749.png,fear,train
1084_IEO_FEA_HI.wav,fear_4750.png,fear,train
1034_MTI_SAD_XX.wav,sad_4751.png,sad,train
1089_ITS_ANG_XX.wav,angry_4752.png,angry,train
1071_TSI_ANG_XX.wav,angry_4753.png,angry,train
1089_MTI_HAP_XX.wav,happy_4754.png,happy,train
1049_ITS_HAP_XX.wav,happy_4755.png,happy,train
1001_MTI_DIS_XX.wav,disgust_4756.png,disgust,train
1041_DFA_SAD_XX.wav,sad_4757.png,sad,train
1086_IOM_SAD_XX.wav,sad_4758.png,sad,train
1026_IWL_HAP_XX.wav,happy_4759.png,happy,train
1046_IWL_ANG_XX.wav,angry_4760.png,angry,train
1026_ITS_NEU_XX.wav,neutral_4761.png,neutral,train
1021_DFA_ANG_XX.wav,angry_4762.png,angry,train
1021_IWW_DIS_XX.wav,disgust_4763.png,disgust,train
1035_TAI_HAP_XX.wav,happy_4764.png,happy,train
1089_IEO_ANG_MD.wav,angry_4765.png,angry,train
1088_TIE_SAD_XX.wav,sad_4766.png,sad,train
1084_ITS_NEU_XX.wav,neutral_4767.png,neutral,train
1088_ITS_NEU_XX.wav,neutral_4768.png,neutral,train
1082_TAI_DIS_XX.wav,disgust_4769.png,disgust,train
1087_IEO_DIS_HI.wav,disgust_4770.png,disgust,train
1017_DFA_FEA_XX.wav,fear_4771.png,fear,train
1090_IEO_SAD_MD.wav,sad_4772.png,sad,train
1012_ITH_ANG_XX.wav,angry_4773.png,angry,train
1040_TSI_SAD_XX.wav,sad_4774.png,sad,train
1052_IOM_ANG_XX.wav,angry_4775.png,angry,train
1077_TAI_HAP_XX.wav,happy_4776.png,happy,train
1059_TIE_HAP_XX.wav,happy_4777.png,happy,train
1065_TAI_DIS_XX.wav,disgust_4778.png,disgust,train
1018_IEO_HAP_HI.wav,happy_4779.png,happy,train
1004_DFA_DIS_XX.wav,disgust_4780.png,disgust,train
1076_TIE_ANG_XX.wav,angry_4781.png,angry,train
1069_IOM_ANG_XX.wav,angry_4782.png,angry,train
1060_TIE_ANG_XX.wav,angry_4783.png,angry,train
1070_IEO_DIS_LO.wav,disgust_4784.png,disgust,train
1025_IWL_HAP_XX.wav,happy_4785.png,happy,train
1039_IWW_DIS_XX.wav,disgust_4786.png,disgust,train
1022_TSI_NEU_XX.wav,neutral_4787.png,neutral,train
1049_IEO_ANG_HI.wav,angry_4788.png,angry,train
1074_ITS_DIS_XX.wav,disgust_4789.png,disgust,train
1054_IEO_FEA_HI.wav,fear_4790.png,fear,train
1008_ITS_NEU_XX.wav,neutral_4791.png,neutral,train
1088_IWL_FEA_XX.wav,fear_4792.png,fear,train
1026_IEO_ANG_MD.wav,angry_4793.png,angry,train
1007_IEO_SAD_LO.wav,sad_4794.png,sad,train
1026_IEO_ANG_HI.wav,angry_4795.png,angry,train
1048_DFA_NEU_XX.wav,neutral_4796.png,neutral,train
1085_IWW_FEA_XX.wav,fear_4797.png,fear,train
1036_ITS_ANG_XX.wav,angry_4798.png,angry,train
1017_ITS_FEA_XX.wav,fear_4799.png,fear,train
1004_IWL_ANG_XX.wav,angry_4800.png,angry,train
1077_TIE_NEU_XX.wav,neutral_4801.png,neutral,train
1029_IEO_FEA_LO.wav,fear_4802.png,fear,train
1046_ITS_ANG_XX.wav,angry_4803.png,angry,train
1065_IOM_SAD_XX.wav,sad_4804.png,sad,train
1055_TIE_NEU_XX.wav,neutral_4805.png,neutral,train
1032_IOM_SAD_XX.wav,sad_4806.png,sad,train
1025_ITS_ANG_XX.wav,angry_4807.png,angry,train
1016_TIE_HAP_XX.wav,happy_4808.png,happy,train
1039_IEO_DIS_LO.wav,disgust_4809.png,disgust,train
1015_MTI_ANG_XX.wav,angry_4810.png,angry,train
1067_TAI_DIS_XX.wav,disgust_4811.png,disgust,train
1006_IWW_ANG_XX.wav,angry_4812.png,angry,train
1024_MTI_SAD_XX.wav,sad_4813.png,sad,train
1019_TAI_NEU_XX.wav,neutral_4814.png,neutral,train
1062_IOM_FEA_XX.wav,fear_4815.png,fear,train
1061_TAI_HAP_XX.wav,happy_4816.png,happy,train
1088_MTI_SAD_XX.wav,sad_4817.png,sad,train
1026_IWL_SAD_XX.wav,sad_4818.png,sad,train
1066_IEO_SAD_LO.wav,sad_4819.png,sad,train
1009_IEO_ANG_MD.wav,angry_4820.png,angry,train
1010_IEO_SAD_LO.wav,sad_4821.png,sad,train
1018_ITH_NEU_XX.wav,neutral_4822.png,neutral,train
1052_TAI_NEU_XX.wav,neutral_4823.png,neutral,train
1088_IOM_HAP_XX.wav,happy_4824.png,happy,train
1064_IWW_ANG_XX.wav,angry_4825.png,angry,train
1046_TAI_HAP_XX.wav,happy_4826.png,happy,train
1018_IWL_FEA_XX.wav,fear_4827.png,fear,train
1044_WSI_SAD_XX.wav,sad_4828.png,sad,train
1022_IWW_HAP_XX.wav,happy_4829.png,happy,train
1058_IEO_NEU_XX.wav,neutral_4830.png,neutral,train
1016_ITS_NEU_XX.wav,neutral_4831.png,neutral,train
1081_ITH_DIS_XX.wav,disgust_4832.png,disgust,train
1038_TSI_NEU_XX.wav,neutral_4833.png,neutral,train
1042_IEO_SAD_HI.wav,sad_4834.png,sad,train
1033_ITH_SAD_XX.wav,sad_4835.png,sad,train
1044_IWL_SAD_XX.wav,sad_4836.png,sad,train
1030_TIE_FEA_XX.wav,fear_4837.png,fear,train
1078_IEO_ANG_LO.wav,angry_4838.png,angry,train
1091_ITS_ANG_XX.wav,angry_4839.png,angry,train
1091_DFA_ANG_XX.wav,angry_4840.png,angry,train
1029_IEO_HAP_LO.wav,happy_4841.png,happy,train
1050_TAI_DIS_XX.wav,disgust_4842.png,disgust,train
1065_IEO_DIS_LO.wav,disgust_4843.png,disgust,train
1049_IEO_ANG_LO.wav,angry_4844.png,angry,train
1008_IWW_HAP_XX.wav,happy_4845.png,happy,train
1091_IEO_SAD_MD.wav,sad_4846.png,sad,train
1027_MTI_NEU_XX.wav,neutral_4847.png,neutral,train
1074_ITH_FEA_XX.wav,fear_4848.png,fear,train
1057_ITH_DIS_XX.wav,disgust_4849.png,disgust,train
1082_IEO_ANG_HI.wav,angry_4850.png,angry,train
1052_IWL_HAP_XX.wav,happy_4851.png,happy,train
1078_TSI_FEA_XX.wav,fear_4852.png,fear,train
1027_IWW_DIS_XX.wav,disgust_4853.png,disgust,train
1075_IOM_FEA_XX.wav,fear_4854.png,fear,train
1077_TAI_SAD_XX.wav,sad_4855.png,sad,train
1001_WSI_FEA_XX.wav,fear_4856.png,fear,train
1024_TAI_HAP_XX.wav,happy_4857.png,happy,train
1021_IEO_HAP_LO.wav,happy_4858.png,happy,train
1091_IWW_DIS_XX.wav,disgust_4859.png,disgust,train
1060_IWL_SAD_XX.wav,sad_4860.png,sad,train
1022_IWW_DIS_XX.wav,disgust_4861.png,disgust,train
1001_IWW_DIS_XX.wav,disgust_4862.png,disgust,train
1061_IWW_ANG_XX.wav,angry_4863.png,angry,train
1073_DFA_DIS_XX.wav,disgust_4864.png,disgust,train
1001_IWW_NEU_XX.wav,neutral_4865.png,neutral,train
1078_ITS_FEA_XX.wav,fear_4866.png,fear,train
1010_TAI_DIS_XX.wav,disgust_4867.png,disgust,train
1039_WSI_SAD_XX.wav,sad_4868.png,sad,train
1005_IWW_NEU_XX.wav,neutral_4869.png,neutral,train
1041_ITH_NEU_XX.wav,neutral_4870.png,neutral,train
1049_MTI_SAD_XX.wav,sad_4871.png,sad,train
1063_IEO_NEU_XX.wav,neutral_4872.png,neutral,train
1049_ITH_ANG_XX.wav,angry_4873.png,angry,train
1055_MTI_SAD_XX.wav,sad_4874.png,sad,train
1028_IOM_HAP_XX.wav,happy_4875.png,happy,train
1063_TAI_SAD_XX.wav,sad_4876.png,sad,train
1010_MTI_DIS_XX.wav,disgust_4877.png,disgust,train
1016_IEO_ANG_HI.wav,angry_4878.png,angry,train
1014_MTI_FEA_XX.wav,fear_4879.png,fear,train
1058_MTI_SAD_XX.wav,sad_4880.png,sad,train
1029_DFA_NEU_XX.wav,neutral_4881.png,neutral,train
1022_ITH_DIS_XX.wav,disgust_4882.png,disgust,train
1014_IWL_SAD_XX.wav,sad_4883.png,sad,train
1081_IEO_HAP_HI.wav,happy_4884.png,happy,train
1084_TIE_DIS_XX.wav,disgust_4885.png,disgust,train
1027_DFA_SAD_XX.wav,sad_4886.png,sad,train
1047_ITH_FEA_XX.wav,fear_4887.png,fear,train
1018_WSI_NEU_XX.wav,neutral_4888.png,neutral,train
1084_TSI_FEA_XX.wav,fear_4889.png,fear,train
1084_IEO_SAD_LO.wav,sad_4890.png,sad,train
1055_DFA_SAD_XX.wav,sad_4891.png,sad,train
1033_WSI_ANG_XX.wav,angry_4892.png,angry,train
1030_IOM_HAP_XX.wav,happy_4893.png,happy,train
1028_IEO_HAP_MD.wav,happy_4894.png,happy,train
1086_MTI_ANG_XX.wav,angry_4895.png,angry,train
1039_TSI_DIS_XX.wav,disgust_4896.png,disgust,train
1038_ITH_NEU_XX.wav,neutral_4897.png,neutral,train
1005_IWL_DIS_XX.wav,disgust_4898.png,disgust,train
1014_ITH_ANG_XX.wav,angry_4899.png,angry,train
1024_ITS_NEU_XX.wav,neutral_4900.png,neutral,train
1032_IWL_ANG_XX.wav,angry_4901.png,angry,train
1029_ITS_ANG_XX.wav,angry_4902.png,angry,train
1049_TIE_ANG_XX.wav,angry_4903.png,angry,train
1067_TAI_HAP_XX.wav,happy_4904.png,happy,train
1004_TIE_NEU_XX.wav,neutral_4905.png,neutral,train
1037_MTI_HAP_XX.wav,happy_4906.png,happy,train
1026_ITH_HAP_XX.wav,happy_4907.png,happy,train
1028_IEO_ANG_HI.wav,angry_4908.png,angry,train
1055_IOM_HAP_XX.wav,happy_4909.png,happy,train
1032_DFA_SAD_XX.wav,sad_4910.png,sad,train
1004_MTI_HAP_XX.wav,happy_4911.png,happy,train
1039_DFA_HAP_XX.wav,happy_4912.png,happy,train
1037_IOM_NEU_XX.wav,neutral_4913.png,neutral,train
1049_TAI_ANG_XX.wav,angry_4914.png,angry,train
1041_MTI_DIS_XX.wav,disgust_4915.png,disgust,train
1036_ITH_FEA_XX.wav,fear_4916.png,fear,train
1040_ITH_SAD_X.wav,sad_4917.png,sad,train
1065_IEO_NEU_XX.wav,neutral_4918.png,neutral,train
1081_WSI_NEU_XX.wav,neutral_4919.png,neutral,train
1055_TSI_DIS_XX.wav,disgust_4920.png,disgust,train
1001_TAI_ANG_XX.wav,angry_4921.png,angry,train
1090_TAI_ANG_XX.wav,angry_4922.png,angry,train
1043_WSI_NEU_XX.wav,neutral_4923.png,neutral,train
1018_IEO_DIS_MD.wav,disgust_4924.png,disgust,train
1038_WSI_DIS_XX.wav,disgust_4925.png,disgust,train
1030_IEO_ANG_LO.wav,angry_4926.png,angry,train
1039_ITH_FEA_XX.wav,fear_4927.png,fear,train
1069_IEO_HAP_MD.wav,happy_4928.png,happy,train
1001_TIE_ANG_XX.wav,angry_4929.png,angry,train
1083_TSI_ANG_XX.wav,angry_4930.png,angry,train
1070_DFA_FEA_XX.wav,fear_4931.png,fear,train
1080_IWW_NEU_XX.wav,neutral_4932.png,neutral,train
1056_ITH_DIS_XX.wav,disgust_4933.png,disgust,train
1043_MTI_ANG_XX.wav,angry_4934.png,angry,train
1021_ITH_DIS_XX.wav,disgust_4935.png,disgust,train
1022_IWW_FEA_XX.wav,fear_4936.png,fear,train
1025_TSI_FEA_XX.wav,fear_4937.png,fear,train
1050_TSI_NEU_XX.wav,neutral_4938.png,neutral,train
1049_IEO_SAD_MD.wav,sad_4939.png,sad,train
1044_IWL_FEA_XX.wav,fear_4940.png,fear,train
1037_DFA_DIS_XX.wav,disgust_4941.png,disgust,train
1050_IWW_ANG_XX.wav,angry_4942.png,angry,train
1076_IWW_FEA_XX.wav,fear_4943.png,fear,train
1084_TAI_ANG_XX.wav,angry_4944.png,angry,train
1054_TIE_ANG_XX.wav,angry_4945.png,angry,train
1076_MTI_DIS_XX.wav,disgust_4946.png,disgust,train
1070_WSI_DIS_XX.wav,disgust_4947.png,disgust,train
1027_TIE_NEU_XX.wav,neutral_4948.png,neutral,train
1061_IEO_FEA_HI.wav,fear_4949.png,fear,train
1036_IWL_HAP_XX.wav,happy_4950.png,happy,train
1063_MTI_SAD_XX.wav,sad_4951.png,sad,train
1072_DFA_DIS_XX.wav,disgust_4952.png,disgust,train
1047_TIE_SAD_XX.wav,sad_4953.png,sad,train
1030_DFA_DIS_XX.wav,disgust_4954.png,disgust,train
1021_TSI_SAD_XX.wav,sad_4955.png,sad,train
1057_TAI_HAP_XX.wav,happy_4956.png,happy,train
1044_IEO_DIS_HI.wav,disgust_4957.png,disgust,train
1020_ITS_DIS_XX.wav,disgust_4958.png,disgust,train
1083_IEO_HAP_LO.wav,happy_4959.png,happy,train
1069_TIE_NEU_XX.wav,neutral_4960.png,neutral,train
1051_WSI_SAD_XX.wav,sad_4961.png,sad,train
1052_IEO_DIS_MD.wav,disgust_4962.png,disgust,train
1082_IEO_HAP_LO.wav,happy_4963.png,happy,train
1058_IOM_FEA_XX.wav,fear_4964.png,fear,train
1076_TSI_FEA_XX.wav,fear_4965.png,fear,train
1082_IEO_SAD_HI.wav,sad_4966.png,sad,train
1075_WSI_HAP_XX.wav,happy_4967.png,happy,train
1083_WSI_NEU_XX.wav,neutral_4968.png,neutral,train
1018_IEO_DIS_HI.wav,disgust_4969.png,disgust,train
1050_ITS_NEU_XX.wav,neutral_4970.png,neutral,train
1069_IEO_HAP_LO.wav,happy_4971.png,happy,train
1015_IWW_NEU_XX.wav,neutral_4972.png,neutral,train
1057_MTI_DIS_XX.wav,disgust_4973.png,disgust,train
1067_ITS_ANG_XX.wav,angry_4974.png,angry,train
1051_IWL_HAP_XX.wav,happy_4975.png,happy,train
1089_TSI_FEA_XX.wav,fear_4976.png,fear,train
1026_TAI_ANG_XX.wav,angry_4977.png,angry,train
1012_IOM_FEA_XX.wav,fear_4978.png,fear,train
1029_TIE_HAP_XX.wav,happy_4979.png,happy,train
1051_ITS_SAD_XX.wav,sad_4980.png,sad,train
1063_WSI_HAP_XX.wav,happy_4981.png,happy,train
1028_WSI_FEA_XX.wav,fear_4982.png,fear,train
1076_DFA_HAP_XX.wav,happy_4983.png,happy,train
1070_IEO_FEA_HI.wav,fear_4984.png,fear,train
1061_WSI_NEU_XX.wav,neutral_4985.png,neutral,train
1075_MTI_NEU_XX.wav,neutral_4986.png,neutral,train
1069_IEO_DIS_MD.wav,disgust_4987.png,disgust,train
1009_IWW_DIS_XX.wav,disgust_4988.png,disgust,train
1084_MTI_FEA_XX.wav,fear_4989.png,fear,train
1010_IOM_FEA_XX.wav,fear_4990.png,fear,train
1068_ITH_NEU_XX.wav,neutral_4991.png,neutral,train
1044_ITS_DIS_XX.wav,disgust_4992.png,disgust,train
1042_ITH_SAD_XX.wav,sad_4993.png,sad,train
1026_ITS_SAD_XX.wav,sad_4994.png,sad,train
1043_TIE_FEA_XX.wav,fear_4995.png,fear,train
1071_WSI_ANG_XX.wav,angry_4996.png,angry,train
1090_IEO_HAP_MD.wav,happy_4997.png,happy,train
1058_WSI_ANG_XX.wav,angry_4998.png,angry,train
1059_IEO_HAP_LO.wav,happy_4999.png,happy,train
1040_IWW_DIS_XX.wav,disgust_5000.png,disgust,train
1062_IEO_ANG_LO.wav,angry_5001.png,angry,train
1036_TSI_DIS_XX.wav,disgust_5002.png,disgust,train
1088_IEO_DIS_MD.wav,disgust_5003.png,disgust,train
1070_TIE_SAD_XX.wav,sad_5004.png,sad,train
1022_IWL_HAP_XX.wav,happy_5005.png,happy,train
1017_MTI_ANG_XX.wav,angry_5006.png,angry,train
1031_ITS_FEA_XX.wav,fear_5007.png,fear,train
1090_IWW_FEA_XX.wav,fear_5008.png,fear,train
1072_TAI_HAP_XX.wav,happy_5009.png,happy,train
1066_DFA_HAP_XX.wav,happy_5010.png,happy,train
1044_TSI_DIS_XX.wav,disgust_5011.png,disgust,train
1024_ITH_DIS_XX.wav,disgust_5012.png,disgust,train
1077_DFA_NEU_XX.wav,neutral_5013.png,neutral,train
1024_ITS_FEA_XX.wav,fear_5014.png,fear,train
1020_IEO_FEA_LO.wav,fear_5015.png,fear,train
1058_ITH_DIS_XX.wav,disgust_5016.png,disgust,train
1045_ITS_FEA_XX.wav,fear_5017.png,fear,train
1001_TSI_ANG_XX.wav,angry_5018.png,angry,train
1072_WSI_DIS_XX.wav,disgust_5019.png,disgust,train
1033_TAI_SAD_XX.wav,sad_5020.png,sad,train
1023_IOM_DIS_XX.wav,disgust_5021.png,disgust,train
1003_IOM_HAP_XX.wav,happy_5022.png,happy,train
1040_ITH_NEU_XX.wav,neutral_5023.png,neutral,train
1081_TAI_NEU_XX.wav,neutral_5024.png,neutral,train
1025_TIE_FEA_XX.wav,fear_5025.png,fear,train
1084_IOM_FEA_XX.wav,fear_5026.png,fear,train
1026_IEO_DIS_LO.wav,disgust_5027.png,disgust,train
1008_IEO_SAD_HI.wav,sad_5028.png,sad,train
1010_DFA_FEA_XX.wav,fear_5029.png,fear,train
1006_TSI_FEA_XX.wav,fear_5030.png,fear,train
1010_IWW_NEU_XX.wav,neutral_5031.png,neutral,train
1033_MTI_FEA_XX.wav,fear_5032.png,fear,train
1076_IEO_ANG_MD.wav,angry_5033.png,angry,train
1026_IWL_NEU_XX.wav,neutral_5034.png,neutral,train
1042_WSI_SAD_XX.wav,sad_5035.png,sad,train
1078_IEO_SAD_LO.wav,sad_5036.png,sad,train
1081_ITH_ANG_XX.wav,angry_5037.png,angry,train
1034_DFA_DIS_XX.wav,disgust_5038.png,disgust,train
1007_MTI_ANG_XX.wav,angry_5039.png,angry,train
1066_TAI_DIS_XX.wav,disgust_5040.png,disgust,train
1038_ITS_DIS_XX.wav,disgust_5041.png,disgust,train
1037_IEO_DIS_HI.wav,disgust_5042.png,disgust,train
1048_ITS_SAD_XX.wav,sad_5043.png,sad,train
1082_IWL_DIS_XX.wav,disgust_5044.png,disgust,train
1090_TAI_NEU_XX.wav,neutral_5045.png,neutral,train
1001_IEO_ANG_MD.wav,angry_5046.png,angry,train
1077_IOM_HAP_XX.wav,happy_5047.png,happy,train
1064_TAI_DIS_XX.wav,disgust_5048.png,disgust,train
1011_IWL_NEU_XX.wav,neutral_5049.png,neutral,train
1080_IEO_DIS_MD.wav,disgust_5050.png,disgust,train
1030_IEO_SAD_HI.wav,sad_5051.png,sad,train
1017_TIE_ANG_XX.wav,angry_5052.png,angry,train
1026_TIE_ANG_XX.wav,angry_5053.png,angry,train
1016_ITH_SAD_XX.wav,sad_5054.png,sad,train
1026_ITS_ANG_XX.wav,angry_5055.png,angry,train
1033_MTI_SAD_XX.wav,sad_5056.png,sad,train
1070_IWL_HAP_XX.wav,happy_5057.png,happy,train
1019_DFA_FEA_XX.wav,fear_5058.png,fear,train
1058_WSI_DIS_XX.wav,disgust_5059.png,disgust,train
1021_IEO_NEU_XX.wav,neutral_5060.png,neutral,train
1069_IOM_HAP_XX.wav,happy_5061.png,happy,train
1056_ITS_ANG_XX.wav,angry_5062.png,angry,train
1067_TSI_DIS_XX.wav,disgust_5063.png,disgust,train
1074_ITS_SAD_XX.wav,sad_5064.png,sad,train
1033_IEO_ANG_MD.wav,angry_5065.png,angry,train
1024_IWW_FEA_XX.wav,fear_5066.png,fear,train
1011_ITS_HAP_XX.wav,happy_5067.png,happy,train
1019_WSI_HAP_XX.wav,happy_5068.png,happy,train
1021_TSI_DIS_XX.wav,disgust_5069.png,disgust,train
1056_IEO_DIS_LO.wav,disgust_5070.png,disgust,train
1048_TSI_HAP_XX.wav,happy_5071.png,happy,train
1075_IEO_SAD_HI.wav,sad_5072.png,sad,train
1086_TSI_DIS_XX.wav,disgust_5073.png,disgust,train
1047_MTI_FEA_XX.wav,fear_5074.png,fear,train
1024_TSI_SAD_XX.wav,sad_5075.png,sad,train
1055_TAI_FEA_XX.wav,fear_5076.png,fear,train
1016_TAI_ANG_XX.wav,angry_5077.png,angry,train
1022_TIE_HAP_XX.wav,happy_5078.png,happy,train
1067_MTI_HAP_XX.wav,happy_5079.png,happy,train
1011_MTI_ANG_XX.wav,angry_5080.png,angry,train
1040_TAI_NEU_XX.wav,neutral_5081.png,neutral,train
1045_IEO_FEA_HI.wav,fear_5082.png,fear,train
1054_DFA_SAD_XX.wav,sad_5083.png,sad,train
1038_TAI_NEU_XX.wav,neutral_5084.png,neutral,train
1032_DFA_HAP_XX.wav,happy_5085.png,happy,train
1011_TIE_HAP_XX.wav,happy_5086.png,happy,train
1004_ITS_HAP_XX.wav,happy_5087.png,happy,train
1031_MTI_DIS_XX.wav,disgust_5088.png,disgust,train
1004_MTI_NEU_XX.wav,neutral_5089.png,neutral,train
1024_IEO_SAD_MD.wav,sad_5090.png,sad,train
1018_IEO_FEA_MD.wav,fear_5091.png,fear,train
1026_TAI_DIS_XX.wav,disgust_5092.png,disgust,train
1064_IEO_ANG_MD.wav,angry_5093.png,angry,train
1019_IEO_NEU_XX.wav,neutral_5094.png,neutral,train
1025_ITS_HAP_XX.wav,happy_5095.png,happy,train
1051_WSI_ANG_XX.wav,angry_5096.png,angry,train
1050_ITH_NEU_XX.wav,neutral_5097.png,neutral,train
1073_ITH_SAD_XX.wav,sad_5098.png,sad,train
1014_ITH_SAD_XX.wav,sad_5099.png,sad,train
1090_IEO_ANG_HI.wav,angry_5100.png,angry,train
1026_IEO_HAP_MD.wav,happy_5101.png,happy,train
1032_TAI_NEU_XX.wav,neutral_5102.png,neutral,train
1003_MTI_HAP_XX.wav,happy_5103.png,happy,train
1044_IEO_SAD_HI.wav,sad_5104.png,sad,train
1084_IWW_FEA_XX.wav,fear_5105.png,fear,train
1061_IWW_FEA_XX.wav,fear_5106.png,fear,train
1017_IWL_FEA_XX.wav,fear_5107.png,fear,train
1091_IWW_SAD_XX.wav,sad_5108.png,sad,train
1075_DFA_HAP_XX.wav,happy_5109.png,happy,train
1057_IEO_ANG_HI.wav,angry_5110.png,angry,train
1065_TAI_NEU_XX.wav,neutral_5111.png,neutral,train
1008_ITH_FEA_XX.wav,fear_5112.png,fear,train
1062_IWL_ANG_XX.wav,angry_5113.png,angry,train
1008_TSI_DIS_XX.wav,disgust_5114.png,disgust,train
1003_ITS_HAP_XX.wav,happy_5115.png,happy,train
1076_IEO_HAP_LO.wav,happy_5116.png,happy,train
1072_WSI_ANG_XX.wav,angry_5117.png,angry,train
1039_IEO_FEA_HI.wav,fear_5118.png,fear,train
1054_TAI_HAP_XX.wav,happy_5119.png,happy,train
1052_TAI_HAP_XX.wav,happy_5120.png,happy,train
1070_DFA_ANG_XX.wav,angry_5121.png,angry,train
1068_TAI_HAP_XX.wav,happy_5122.png,happy,train
1069_WSI_FEA_XX.wav,fear_5123.png,fear,train
1012_IEO_HAP_LO.wav,happy_5124.png,happy,train
1011_WSI_DIS_XX.wav,disgust_5125.png,disgust,train
1056_IEO_FEA_MD.wav,fear_5126.png,fear,train
1043_ITS_SAD_XX.wav,sad_5127.png,sad,train
1026_IEO_FEA_LO.wav,fear_5128.png,fear,train
1049_ITS_ANG_XX.wav,angry_5129.png,angry,train
1080_DFA_HAP_XX.wav,happy_5130.png,happy,train
1087_ITS_HAP_XX.wav,happy_5131.png,happy,train
1058_TSI_DIS_XX.wav,disgust_5132.png,disgust,train
1086_DFA_ANG_XX.wav,angry_5133.png,angry,train
1016_IWL_FEA_XX.wav,fear_5134.png,fear,train
1016_MTI_FEA_XX.wav,fear_5135.png,fear,train
1032_IOM_FEA_XX.wav,fear_5136.png,fear,train
1069_IEO_FEA_HI.wav,fear_5137.png,fear,train
1048_DFA_DIS_XX.wav,disgust_5138.png,disgust,train
1027_ITS_DIS_XX.wav,disgust_5139.png,disgust,train
1021_IOM_NEU_XX.wav,neutral_5140.png,neutral,train
1031_WSI_SAD_XX.wav,sad_5141.png,sad,train
1079_DFA_NEU_XX.wav,neutral_5142.png,neutral,train
1045_ITH_SAD_XX.wav,sad_5143.png,sad,train
1078_TIE_SAD_XX.wav,sad_5144.png,sad,train
1020_TAI_NEU_XX.wav,neutral_5145.png,neutral,train
1004_TSI_NEU_XX.wav,neutral_5146.png,neutral,train
1053_IWL_SAD_XX.wav,sad_5147.png,sad,train
1021_IOM_DIS_XX.wav,disgust_5148.png,disgust,train
1057_IEO_DIS_LO.wav,disgust_5149.png,disgust,train
1082_TSI_SAD_XX.wav,sad_5150.png,sad,train
1026_IOM_HAP_XX.wav,happy_5151.png,happy,train
1019_IEO_DIS_LO.wav,disgust_5152.png,disgust,train
1068_IWL_DIS_XX.wav,disgust_5153.png,disgust,train
1010_ITH_FEA_XX.wav,fear_5154.png,fear,train
1073_DFA_HAP_XX.wav,happy_5155.png,happy,train
1068_IWL_SAD_XX.wav,sad_5156.png,sad,train
1046_IEO_HAP_LO.wav,happy_5157.png,happy,train
1019_IOM_FEA_XX.wav,fear_5158.png,fear,train
1038_IEO_SAD_HI.wav,sad_5159.png,sad,train
1088_ITS_FEA_XX.wav,fear_5160.png,fear,train
1034_TIE_DIS_XX.wav,disgust_5161.png,disgust,train
1041_IEO_SAD_MD.wav,sad_5162.png,sad,train
1043_IEO_SAD_MD.wav,sad_5163.png,sad,train
1007_TIE_DIS_XX.wav,disgust_5164.png,disgust,train
1046_DFA_DIS_XX.wav,disgust_5165.png,disgust,train
1057_MTI_NEU_XX.wav,neutral_5166.png,neutral,train
1012_IWW_HAP_XX.wav,happy_5167.png,happy,train
1002_TAI_SAD_XX.wav,sad_5168.png,sad,train
1049_IEO_NEU_XX.wav,neutral_5169.png,neutral,train
1065_TIE_DIS_XX.wav,disgust_5170.png,disgust,train
1081_WSI_ANG_XX.wav,angry_5171.png,angry,train
1042_MTI_ANG_XX.wav,angry_5172.png,angry,train
1063_ITH_NEU_XX.wav,neutral_5173.png,neutral,train
1016_MTI_ANG_XX.wav,angry_5174.png,angry,train
1009_IWL_SAD_XX.wav,sad_5175.png,sad,train
1046_IEO_SAD_MD.wav,sad_5176.png,sad,train
1057_TSI_FEA_XX.wav,fear_5177.png,fear,train
1047_TAI_ANG_XX.wav,angry_5178.png,angry,train
1090_IWL_ANG_XX.wav,angry_5179.png,angry,train
1006_IWW_NEU_XX.wav,neutral_5180.png,neutral,train
1034_IWL_FEA_XX.wav,fear_5181.png,fear,train
1011_IEO_DIS_LO.wav,disgust_5182.png,disgust,train
1008_DFA_DIS_XX.wav,disgust_5183.png,disgust,train
1044_IOM_DIS_XX.wav,disgust_5184.png,disgust,train
1048_MTI_ANG_XX.wav,angry_5185.png,angry,train
1059_DFA_DIS_XX.wav,disgust_5186.png,disgust,train
1032_WSI_DIS_XX.wav,disgust_5187.png,disgust,train
1042_ITS_FEA_XX.wav,fear_5188.png,fear,train
1048_ITH_FEA_XX.wav,fear_5189.png,fear,train
1067_IEO_NEU_XX.wav,neutral_5190.png,neutral,train
1059_ITS_FEA_XX.wav,fear_5191.png,fear,train
1069_IEO_FEA_MD.wav,fear_5192.png,fear,train
1059_IOM_FEA_XX.wav,fear_5193.png,fear,train
1023_TIE_FEA_XX.wav,fear_5194.png,fear,train
1035_ITH_ANG_XX.wav,angry_5195.png,angry,train
1049_IEO_DIS_HI.wav,disgust_5196.png,disgust,train
1023_ITS_ANG_XX.wav,angry_5197.png,angry,train
1008_IOM_HAP_XX.wav,happy_5198.png,happy,train
1033_TAI_DIS_XX.wav,disgust_5199.png,disgust,train
1034_DFA_HAP_XX.wav,happy_5200.png,happy,train
1086_IEO_SAD_HI.wav,sad_5201.png,sad,train
1015_WSI_NEU_XX.wav,neutral_5202.png,neutral,train
1065_TSI_NEU_XX.wav,neutral_5203.png,neutral,train
1078_TAI_SAD_XX.wav,sad_5204.png,sad,train
1090_TIE_NEU_XX.wav,neutral_5205.png,neutral,train
1019_IOM_NEU_XX.wav,neutral_5206.png,neutral,train
1042_MTI_SAD_XX.wav,sad_5207.png,sad,train
1017_IWW_HAP_XX.wav,happy_5208.png,happy,train
1070_ITH_SAD_XX.wav,sad_5209.png,sad,train
1030_IEO_NEU_XX.wav,neutral_5210.png,neutral,train
1058_ITH_NEU_XX.wav,neutral_5211.png,neutral,train
1050_IWL_ANG_XX.wav,angry_5212.png,angry,train
1063_IWW_DIS_XX.wav,disgust_5213.png,disgust,train
1076_IWL_ANG_XX.wav,angry_5214.png,angry,train
1080_ITH_FEA_XX.wav,fear_5215.png,fear,train
1059_IWW_FEA_XX.wav,fear_5216.png,fear,train
1039_TIE_SAD_XX.wav,sad_5217.png,sad,train
1087_ITS_ANG_XX.wav,angry_5218.png,angry,train
1011_WSI_HAP_XX.wav,happy_5219.png,happy,train
1025_DFA_FEA_XX.wav,fear_5220.png,fear,train
1076_IEO_SAD_LO.wav,sad_5221.png,sad,train
1027_ITH_ANG_XX.wav,angry_5222.png,angry,train
1073_WSI_ANG_XX.wav,angry_5223.png,angry,train
1023_DFA_ANG_XX.wav,angry_5224.png,angry,train
1055_IEO_ANG_MD.wav,angry_5225.png,angry,train
1068_ITH_ANG_XX.wav,angry_5226.png,angry,train
1018_IWW_ANG_XX.wav,angry_5227.png,angry,train
1020_IWL_DIS_XX.wav,disgust_5228.png,disgust,train
1044_DFA_FEA_XX.wav,fear_5229.png,fear,train
1040_ITH_DIS_XX.wav,disgust_5230.png,disgust,train
1005_MTI_HAP_XX.wav,happy_5231.png,happy,train
1069_MTI_HAP_XX.wav,happy_5232.png,happy,train
1023_DFA_NEU_XX.wav,neutral_5233.png,neutral,train
1041_IWW_DIS_XX.wav,disgust_5234.png,disgust,train
1017_ITH_FEA_XX.wav,fear_5235.png,fear,train
1059_TAI_FEA_XX.wav,fear_5236.png,fear,train
1022_DFA_FEA_XX.wav,fear_5237.png,fear,train
1015_IWL_SAD_XX.wav,sad_5238.png,sad,train
1001_TAI_NEU_XX.wav,neutral_5239.png,neutral,train
1078_IOM_DIS_XX.wav,disgust_5240.png,disgust,train
1018_ITH_DIS_XX.wav,disgust_5241.png,disgust,train
1029_IEO_SAD_MD.wav,sad_5242.png,sad,train
1082_IEO_DIS_LO.wav,disgust_5243.png,disgust,train
1064_ITS_FEA_XX.wav,fear_5244.png,fear,train
1001_IOM_SAD_XX.wav,sad_5245.png,sad,train
1025_IWW_ANG_XX.wav,angry_5246.png,angry,train
1083_IEO_HAP_HI.wav,happy_5247.png,happy,train
1018_IWL_ANG_XX.wav,angry_5248.png,angry,train
1078_DFA_SAD_XX.wav,sad_5249.png,sad,train
1024_ITH_ANG_XX.wav,angry_5250.png,angry,train
1052_TAI_FEA_XX.wav,fear_5251.png,fear,train
1021_MTI_DIS_XX.wav,disgust_5252.png,disgust,train
1022_DFA_ANG_XX.wav,angry_5253.png,angry,train
1044_IEO_DIS_MD.wav,disgust_5254.png,disgust,train
1048_ITS_FEA_XX.wav,fear_5255.png,fear,train
1016_IWW_DIS_XX.wav,disgust_5256.png,disgust,train
1086_IOM_HAP_XX.wav,happy_5257.png,happy,train
1027_WSI_SAD_XX.wav,sad_5258.png,sad,train
1043_DFA_DIS_XX.wav,disgust_5259.png,disgust,train
1061_TIE_ANG_XX.wav,angry_5260.png,angry,train
1007_IOM_NEU_XX.wav,neutral_5261.png,neutral,train
1065_IEO_SAD_LO.wav,sad_5262.png,sad,train
1088_IWW_FEA_XX.wav,fear_5263.png,fear,train
1030_ITS_ANG_XX.wav,angry_5264.png,angry,train
1029_TAI_ANG_XX.wav,angry_5265.png,angry,train
1071_TSI_SAD_XX.wav,sad_5266.png,sad,train
1017_IWL_DIS_XX.wav,disgust_5267.png,disgust,train
1012_IEO_HAP_MD.wav,happy_5268.png,happy,train
1046_IEO_NEU_XX.wav,neutral_5269.png,neutral,train
1058_ITS_ANG_XX.wav,angry_5270.png,angry,train
1078_IWL_FEA_XX.wav,fear_5271.png,fear,train
1080_ITS_NEU_XX.wav,neutral_5272.png,neutral,train
1069_IEO_ANG_MD.wav,angry_5273.png,angry,train
1069_IEO_SAD_MD.wav,sad_5274.png,sad,train
1003_IOM_SAD_XX.wav,sad_5275.png,sad,train
1082_IEO_DIS_HI.wav,disgust_5276.png,disgust,train
1075_IEO_ANG_HI.wav,angry_5277.png,angry,train
1068_MTI_HAP_XX.wav,happy_5278.png,happy,train
1005_WSI_ANG_XX.wav,angry_5279.png,angry,train
1050_ITS_HAP_XX.wav,happy_5280.png,happy,train
1033_IEO_FEA_MD.wav,fear_5281.png,fear,train
1033_IEO_SAD_MD.wav,sad_5282.png,sad,train
1002_DFA_SAD_XX.wav,sad_5283.png,sad,train
1089_DFA_ANG_XX.wav,angry_5284.png,angry,train
1011_TAI_SAD_XX.wav,sad_5285.png,sad,train
1072_MTI_NEU_XX.wav,neutral_5286.png,neutral,train
1069_MTI_DIS_XX.wav,disgust_5287.png,disgust,train
1066_IOM_ANG_XX.wav,angry_5288.png,angry,train
1054_TAI_FEA_XX.wav,fear_5289.png,fear,train
1026_IEO_HAP_HI.wav,happy_5290.png,happy,train
1071_IEO_FEA_MD.wav,fear_5291.png,fear,train
1007_IWW_FEA_XX.wav,fear_5292.png,fear,train
1074_IEO_FEA_HI.wav,fear_5293.png,fear,train
1034_IWW_HAP_XX.wav,happy_5294.png,happy,train
1008_IEO_SAD_MD.wav,sad_5295.png,sad,train
1074_IWL_NEU_XX.wav,neutral_5296.png,neutral,train
1051_MTI_ANG_XX.wav,angry_5297.png,angry,train
1030_IEO_SAD_LO.wav,sad_5298.png,sad,train
1023_ITS_DIS_XX.wav,disgust_5299.png,disgust,train
1084_IEO_FEA_MD.wav,fear_5300.png,fear,train
1071_IEO_NEU_XX.wav,neutral_5301.png,neutral,train
1055_WSI_SAD_XX.wav,sad_5302.png,sad,train
1072_WSI_FEA_XX.wav,fear_5303.png,fear,train
1073_ITS_DIS_XX.wav,disgust_5304.png,disgust,train
1081_DFA_HAP_XX.wav,happy_5305.png,happy,train
1044_TIE_DIS_XX.wav,disgust_5306.png,disgust,train
1066_TAI_SAD_XX.wav,sad_5307.png,sad,train
1066_MTI_ANG_XX.wav,angry_5308.png,angry,train
1012_TAI_HAP_XX.wav,happy_5309.png,happy,train
1021_MTI_HAP_XX.wav,happy_5310.png,happy,train
1041_IWL_NEU_XX.wav,neutral_5311.png,neutral,train
1036_IEO_NEU_XX.wav,neutral_5312.png,neutral,train
1060_MTI_NEU_XX.wav,neutral_5313.png,neutral,train
1065_IOM_DIS_XX.wav,disgust_5314.png,disgust,train
1020_DFA_NEU_XX.wav,neutral_5315.png,neutral,train
1040_TIE_NEU_XX.wav,neutral_5316.png,neutral,train
1009_WSI_SAD_XX.wav,sad_5317.png,sad,train
1081_IEO_FEA_HI.wav,fear_5318.png,fear,train
1041_ITH_SAD_XX.wav,sad_5319.png,sad,train
1069_TSI_HAP_XX.wav,happy_5320.png,happy,train
1032_MTI_DIS_XX.wav,disgust_5321.png,disgust,train
1028_WSI_HAP_XX.wav,happy_5322.png,happy,train
1082_IOM_DIS_XX.wav,disgust_5323.png,disgust,train
1075_TSI_NEU_XX.wav,neutral_5324.png,neutral,train
1040_IEO_DIS_MD.wav,disgust_5325.png,disgust,train
1061_IWW_SAD_XX.wav,sad_5326.png,sad,train
1012_DFA_DIS_XX.wav,disgust_5327.png,disgust,train
1052_MTI_FEA_XX.wav,fear_5328.png,fear,train
1023_TIE_NEU_XX.wav,neutral_5329.png,neutral,train
1083_IOM_DIS_XX.wav,disgust_5330.png,disgust,train
1057_IEO_HAP_LO.wav,happy_5331.png,happy,train
1053_IEO_ANG_MD.wav,angry_5332.png,angry,train
1047_ITH_SAD_XX.wav,sad_5333.png,sad,train
1007_IEO_FEA_HI.wav,fear_5334.png,fear,train
1006_ITH_SAD_XX.wav,sad_5335.png,sad,train
1029_IWL_SAD_XX.wav,sad_5336.png,sad,train
1007_IEO_DIS_MD.wav,disgust_5337.png,disgust,train
1024_MTI_ANG_XX.wav,angry_5338.png,angry,train
1077_ITH_DIS_XX.wav,disgust_5339.png,disgust,train
1025_MTI_NEU_XX.wav,neutral_5340.png,neutral,train
1008_IEO_ANG_HI.wav,angry_5341.png,angry,train
1087_WSI_FEA_XX.wav,fear_5342.png,fear,train
1035_IEO_ANG_MD.wav,angry_5343.png,angry,train
1090_ITH_SAD_XX.wav,sad_5344.png,sad,train
1091_IOM_ANG_XX.wav,angry_5345.png,angry,train
1042_TSI_SAD_XX.wav,sad_5346.png,sad,train
1063_ITH_HAP_XX.wav,happy_5347.png,happy,train
1038_IWL_DIS_XX.wav,disgust_5348.png,disgust,train
1019_TSI_NEU_XX.wav,neutral_5349.png,neutral,train
1048_ITH_ANG_XX.wav,angry_5350.png,angry,train
1086_MTI_DIS_XX.wav,disgust_5351.png,disgust,train
1030_ITS_HAP_XX.wav,happy_5352.png,happy,train
1016_IEO_DIS_MD.wav,disgust_5353.png,disgust,train
1047_IEO_DIS_MD.wav,disgust_5354.png,disgust,train
1005_ITH_SAD_XX.wav,sad_5355.png,sad,train
1032_TIE_SAD_XX.wav,sad_5356.png,sad,train
1068_MTI_ANG_XX.wav,angry_5357.png,angry,train
1048_DFA_FEA_XX.wav,fear_5358.png,fear,train
1009_TIE_HAP_XX.wav,happy_5359.png,happy,train
1070_DFA_NEU_XX.wav,neutral_5360.png,neutral,train
1085_WSI_ANG_XX.wav,angry_5361.png,angry,train
1004_IEO_ANG_LO.wav,angry_5362.png,angry,train
1051_IOM_NEU_XX.wav,neutral_5363.png,neutral,train
1024_WSI_SAD_XX.wav,sad_5364.png,sad,train
1039_DFA_ANG_XX.wav,angry_5365.png,angry,train
1071_TAI_NEU_XX.wav,neutral_5366.png,neutral,train
1045_IEO_HAP_MD.wav,happy_5367.png,happy,train
1042_IWW_FEA_XX.wav,fear_5368.png,fear,train
1062_ITH_FEA_XX.wav,fear_5369.png,fear,train
1048_IEO_ANG_LO.wav,angry_5370.png,angry,train
1066_DFA_FEA_XX.wav,fear_5371.png,fear,train
1087_TSI_FEA_XX.wav,fear_5372.png,fear,train
1019_IWW_FEA_XX.wav,fear_5373.png,fear,train
1056_DFA_FEA_XX.wav,fear_5374.png,fear,train
1053_TIE_NEU_XX.wav,neutral_5375.png,neutral,train
1089_IWW_NEU_XX.wav,neutral_5376.png,neutral,train
1005_MTI_SAD_XX.wav,sad_5377.png,sad,train
1047_TAI_DIS_XX.wav,disgust_5378.png,disgust,train
1056_DFA_SAD_XX.wav,sad_5379.png,sad,train
1045_IWL_ANG_XX.wav,angry_5380.png,angry,train
1028_TSI_NEU_XX.wav,neutral_5381.png,neutral,train
1059_TAI_ANG_XX.wav,angry_5382.png,angry,train
1005_TAI_HAP_XX.wav,happy_5383.png,happy,train
1053_ITS_ANG_XX.wav,angry_5384.png,angry,train
1088_MTI_DIS_XX.wav,disgust_5385.png,disgust,train
1056_TAI_ANG_XX.wav,angry_5386.png,angry,train
1062_IEO_HAP_MD.wav,happy_5387.png,happy,train
1028_MTI_DIS_XX.wav,disgust_5388.png,disgust,train
1009_ITH_SAD_XX.wav,sad_5389.png,sad,train
1002_TAI_NEU_XX.wav,neutral_5390.png,neutral,train
1028_IEO_FEA_LO.wav,fear_5391.png,fear,train
1054_IEO_ANG_LO.wav,angry_5392.png,angry,train
1050_IEO_ANG_HI.wav,angry_5393.png,angry,train
1061_TIE_SAD_XX.wav,sad_5394.png,sad,train
1060_TSI_NEU_XX.wav,neutral_5395.png,neutral,train
1024_IEO_ANG_HI.wav,angry_5396.png,angry,train
1040_IWL_DIS_XX.wav,disgust_5397.png,disgust,train
1071_IEO_HAP_MD.wav,happy_5398.png,happy,train
1003_IEO_DIS_MD.wav,disgust_5399.png,disgust,train
1037_MTI_DIS_XX.wav,disgust_5400.png,disgust,train
1081_IEO_HAP_MD.wav,happy_5401.png,happy,train
1030_IEO_DIS_MD.wav,disgust_5402.png,disgust,train
1055_WSI_NEU_XX.wav,neutral_5403.png,neutral,train
1052_IOM_DIS_XX.wav,disgust_5404.png,disgust,train
1019_IWL_HAP_XX.wav,happy_5405.png,happy,train
1049_WSI_NEU_XX.wav,neutral_5406.png,neutral,train
1048_ITS_DIS_XX.wav,disgust_5407.png,disgust,train
1023_WSI_SAD_XX.wav,sad_5408.png,sad,train
1056_IEO_DIS_MD.wav,disgust_5409.png,disgust,train
1056_ITS_DIS_XX.wav,disgust_5410.png,disgust,train
1010_IEO_NEU_XX.wav,neutral_5411.png,neutral,train
1083_WSI_HAP_XX.wav,happy_5412.png,happy,train
1016_DFA_ANG_XX.wav,angry_5413.png,angry,train
1090_IEO_ANG_LO.wav,angry_5414.png,angry,train
1017_TIE_FEA_XX.wav,fear_5415.png,fear,train
1078_IWL_DIS_XX.wav,disgust_5416.png,disgust,train
1040_IEO_SAD_MD.wav,sad_5417.png,sad,train
1021_MTI_FEA_XX.wav,fear_5418.png,fear,train
1027_IWL_ANG_XX.wav,angry_5419.png,angry,train
1019_TIE_DIS_XX.wav,disgust_5420.png,disgust,train
1078_IEO_HAP_MD.wav,happy_5421.png,happy,train
1082_ITS_FEA_XX.wav,fear_5422.png,fear,train
1017_TSI_HAP_XX.wav,happy_5423.png,happy,train
1048_IEO_HAP_LO.wav,happy_5424.png,happy,train
1013_IEO_ANG_HI.wav,angry_5425.png,angry,train
1066_ITH_NEU_XX.wav,neutral_5426.png,neutral,train
1047_IEO_DIS_HI.wav,disgust_5427.png,disgust,train
1015_IOM_NEU_XX.wav,neutral_5428.png,neutral,train
1076_ITH_DIS_XX.wav,disgust_5429.png,disgust,train
1083_IEO_FEA_LO.wav,fear_5430.png,fear,train
1071_WSI_SAD_XX.wav,sad_5431.png,sad,train
1048_TAI_FEA_XX.wav,fear_5432.png,fear,train
1031_DFA_NEU_XX.wav,neutral_5433.png,neutral,train
1067_ITS_SAD_XX.wav,sad_5434.png,sad,train
1032_IEO_FEA_LO.wav,fear_5435.png,fear,train
1041_DFA_DIS_XX.wav,disgust_5436.png,disgust,train
1056_MTI_FEA_XX.wav,fear_5437.png,fear,train
1013_IWW_SAD_XX.wav,sad_5438.png,sad,train
1029_WSI_NEU_XX.wav,neutral_5439.png,neutral,train
1050_IEO_HAP_LO.wav,happy_5440.png,happy,train
1022_MTI_SAD_XX.wav,sad_5441.png,sad,train
1036_IWW_SAD_XX.wav,sad_5442.png,sad,train
1019_DFA_NEU_XX.wav,neutral_5443.png,neutral,train
1064_WSI_ANG_XX.wav,angry_5444.png,angry,train
1042_IWL_ANG_XX.wav,angry_5445.png,angry,train
1057_DFA_NEU_XX.wav,neutral_5446.png,neutral,train
1008_TSI_NEU_XX.wav,neutral_5447.png,neutral,train
1085_DFA_NEU_XX.wav,neutral_5448.png,neutral,train
1029_IOM_FEA_XX.wav,fear_5449.png,fear,train
1043_ITH_DIS_XX.wav,disgust_5450.png,disgust,train
1077_IOM_ANG_XX.wav,angry_5451.png,angry,train
1016_IOM_SAD_XX.wav,sad_5452.png,sad,train
1083_IEO_NEU_XX.wav,neutral_5453.png,neutral,train
1039_IEO_SAD_MD.wav,sad_5454.png,sad,train
1067_IOM_SAD_XX.wav,sad_5455.png,sad,train
1035_IEO_NEU_XX.wav,neutral_5456.png,neutral,train
1008_TSI_HAP_XX.wav,happy_5457.png,happy,train
1023_IEO_NEU_XX.wav,neutral_5458.png,neutral,train
1037_IEO_DIS_MD.wav,disgust_5459.png,disgust,train
1058_TAI_SAD_XX.wav,sad_5460.png,sad,train
1085_TAI_DIS_XX.wav,disgust_5461.png,disgust,train
1009_IEO_FEA_MD.wav,fear_5462.png,fear,train
1007_WSI_NEU_XX.wav,neutral_5463.png,neutral,train
1061_IEO_DIS_LO.wav,disgust_5464.png,disgust,train
1032_TIE_DIS_XX.wav,disgust_5465.png,disgust,train
1081_IEO_SAD_LO.wav,sad_5466.png,sad,train
1081_TAI_SAD_XX.wav,sad_5467.png,sad,train
1077_IEO_FEA_MD.wav,fear_5468.png,fear,train
1055_MTI_NEU_XX.wav,neutral_5469.png,neutral,train
1078_WSI_ANG_XX.wav,angry_5470.png,angry,train
1014_WSI_HAP_XX.wav,happy_5471.png,happy,train
1074_TAI_DIS_XX.wav,disgust_5472.png,disgust,train
1056_WSI_HAP_XX.wav,happy_5473.png,happy,train
1041_MTI_NEU_XX.wav,neutral_5474.png,neutral,train
1085_IEO_NEU_XX.wav,neutral_5475.png,neutral,train
1010_IWL_SAD_XX.wav,sad_5476.png,sad,train
1077_WSI_ANG_XX.wav,angry_5477.png,angry,train
1040_TSI_FEA_XX.wav,fear_5478.png,fear,train
1033_IOM_ANG_XX.wav,angry_5479.png,angry,train
1051_IWW_FEA_XX.wav,fear_5480.png,fear,train
1003_WSI_SAD_XX.wav,sad_5481.png,sad,train
1036_WSI_DIS_XX.wav,disgust_5482.png,disgust,train
1078_MTI_FEA_XX.wav,fear_5483.png,fear,train
1031_IOM_NEU_XX.wav,neutral_5484.png,neutral,train
1077_IWW_SAD_XX.wav,sad_5485.png,sad,train
1017_TAI_DIS_XX.wav,disgust_5486.png,disgust,train
1065_TAI_FEA_XX.wav,fear_5487.png,fear,train
1056_IWW_FEA_XX.wav,fear_5488.png,fear,train
1037_IWW_FEA_XX.wav,fear_5489.png,fear,train
1012_IWL_ANG_XX.wav,angry_5490.png,angry,train
1026_IEO_SAD_HI.wav,sad_5491.png,sad,train
1010_ITH_ANG_XX.wav,angry_5492.png,angry,train
1014_DFA_FEA_XX.wav,fear_5493.png,fear,train
1026_IEO_DIS_MD.wav,disgust_5494.png,disgust,train
1024_DFA_NEU_XX.wav,neutral_5495.png,neutral,train
1041_TSI_HAP_XX.wav,happy_5496.png,happy,train
1044_IOM_ANG_XX.wav,angry_5497.png,angry,train
1045_IEO_DIS_LO.wav,disgust_5498.png,disgust,train
1053_IWL_DIS_XX.wav,disgust_5499.png,disgust,train
1051_ITH_HAP_XX.wav,happy_5500.png,happy,train
1064_ITS_DIS_XX.wav,disgust_5501.png,disgust,train
1091_TIE_HAP_XX.wav,happy_5502.png,happy,train
1036_IWW_ANG_XX.wav,angry_5503.png,angry,train
1025_IEO_HAP_HI.wav,happy_5504.png,happy,train
1055_IWL_ANG_XX.wav,angry_5505.png,angry,train
1022_DFA_DIS_XX.wav,disgust_5506.png,disgust,train
1007_IWW_SAD_XX.wav,sad_5507.png,sad,train
1008_IEO_ANG_MD.wav,angry_5508.png,angry,train
1011_TSI_DIS_XX.wav,disgust_5509.png,disgust,train
1059_TAI_SAD_XX.wav,sad_5510.png,sad,train
1048_TIE_FEA_XX.wav,fear_5511.png,fear,train
1051_IEO_NEU_XX.wav,neutral_5512.png,neutral,train
1060_IWW_NEU_XX.wav,neutral_5513.png,neutral,train
1030_TIE_NEU_XX.wav,neutral_5514.png,neutral,train
1060_DFA_ANG_XX.wav,angry_5515.png,angry,train
1081_IOM_ANG_XX.wav,angry_5516.png,angry,train
1052_ITS_DIS_XX.wav,disgust_5517.png,disgust,train
1065_IWW_DIS_XX.wav,disgust_5518.png,disgust,train
1058_TIE_ANG_XX.wav,angry_5519.png,angry,train
1004_MTI_FEA_XX.wav,fear_5520.png,fear,train
1070_IEO_FEA_MD.wav,fear_5521.png,fear,train
1079_ITH_SAD_XX.wav,sad_5522.png,sad,train
1017_TSI_DIS_XX.wav,disgust_5523.png,disgust,train
1062_DFA_HAP_XX.wav,happy_5524.png,happy,train
1045_TSI_DIS_XX.wav,disgust_5525.png,disgust,train
1072_ITS_NEU_XX.wav,neutral_5526.png,neutral,train
1062_TSI_NEU_XX.wav,neutral_5527.png,neutral,train
1083_TAI_NEU_XX.wav,neutral_5528.png,neutral,train
1091_ITS_SAD_XX.wav,sad_5529.png,sad,train
1072_IEO_NEU_XX.wav,neutral_5530.png,neutral,train
1029_TAI_SAD_XX.wav,sad_5531.png,sad,train
1068_IWW_HAP_XX.wav,happy_5532.png,happy,train
1060_IEO_FEA_MD.wav,fear_5533.png,fear,train
1001_TSI_NEU_XX.wav,neutral_5534.png,neutral,train
1004_IEO_SAD_MD.wav,sad_5535.png,sad,train
1072_DFA_SAD_XX.wav,sad_5536.png,sad,train
1019_IEO_FEA_HI.wav,fear_5537.png,fear,train
1065_TIE_ANG_XX.wav,angry_5538.png,angry,train
1024_MTI_NEU_XX.wav,neutral_5539.png,neutral,train
1064_TIE_DIS_XX.wav,disgust_5540.png,disgust,train
1025_ITH_FEA_XX.wav,fear_5541.png,fear,train
1009_TSI_NEU_XX.wav,neutral_5542.png,neutral,train
1042_IEO_ANG_MD.wav,angry_5543.png,angry,train
1069_TIE_DIS_XX.wav,disgust_5544.png,disgust,train
1003_IEO_NEU_XX.wav,neutral_5545.png,neutral,train
1074_DFA_NEU_XX.wav,neutral_5546.png,neutral,train
1059_WSI_HAP_XX.wav,happy_5547.png,happy,train
1037_IWL_DIS_XX.wav,disgust_5548.png,disgust,train
1019_IOM_DIS_XX.wav,disgust_5549.png,disgust,train
1084_ITH_HAP_XX.wav,happy_5550.png,happy,train
1048_DFA_HAP_XX.wav,happy_5551.png,happy,train
1057_ITH_ANG_XX.wav,angry_5552.png,angry,train
1065_IWW_ANG_XX.wav,angry_5553.png,angry,train
1046_TSI_FEA_XX.wav,fear_5554.png,fear,train
1073_TSI_NEU_XX.wav,neutral_5555.png,neutral,train
1043_IEO_DIS_HI.wav,disgust_5556.png,disgust,train
1004_IEO_SAD_HI.wav,sad_5557.png,sad,train
1034_IWW_DIS_XX.wav,disgust_5558.png,disgust,train
1054_IWL_FEA_XX.wav,fear_5559.png,fear,train
1044_TAI_ANG_XX.wav,angry_5560.png,angry,train
1076_ITH_SAD_XX.wav,sad_5561.png,sad,train
1057_TSI_NEU_XX.wav,neutral_5562.png,neutral,train
1044_ITH_DIS_XX.wav,disgust_5563.png,disgust,train
1053_IOM_DIS_XX.wav,disgust_5564.png,disgust,train
1013_IWW_ANG_XX.wav,angry_5565.png,angry,train
1088_TAI_ANG_XX.wav,angry_5566.png,angry,train
1031_IOM_HAP_XX.wav,happy_5567.png,happy,train
1006_TSI_HAP_XX.wav,happy_5568.png,happy,train
1001_TIE_SAD_XX.wav,sad_5569.png,sad,train
1001_WSI_NEU_XX.wav,neutral_5570.png,neutral,train
1079_IEO_FEA_LO.wav,fear_5571.png,fear,train
1036_IOM_SAD_XX.wav,sad_5572.png,sad,train
1027_IEO_ANG_MD.wav,angry_5573.png,angry,train
1065_IOM_NEU_XX.wav,neutral_5574.png,neutral,train
1063_IEO_SAD_MD.wav,sad_5575.png,sad,train
1064_IWW_FEA_XX.wav,fear_5576.png,fear,train
1006_DFA_DIS_XX.wav,disgust_5577.png,disgust,train
1012_IEO_DIS_MD.wav,disgust_5578.png,disgust,train
1039_WSI_NEU_XX.wav,neutral_5579.png,neutral,train
1021_ITH_NEU_XX.wav,neutral_5580.png,neutral,train
1024_IWW_SAD_XX.wav,sad_5581.png,sad,train
1074_IWW_DIS_XX.wav,disgust_5582.png,disgust,train
1070_TSI_HAP_XX.wav,happy_5583.png,happy,train
1018_ITS_ANG_XX.wav,angry_5584.png,angry,train
1042_IWW_NEU_XX.wav,neutral_5585.png,neutral,train
1047_WSI_SAD_XX.wav,sad_5586.png,sad,train
1035_TSI_HAP_XX.wav,happy_5587.png,happy,train
1034_IEO_HAP_HI.wav,happy_5588.png,happy,train
1066_IEO_FEA_LO.wav,fear_5589.png,fear,train
1009_TSI_DIS_XX.wav,disgust_5590.png,disgust,train
1089_IEO_ANG_LO.wav,angry_5591.png,angry,train
1009_IWL_HAP_XX.wav,happy_5592.png,happy,train
1074_WSI_SAD_XX.wav,sad_5593.png,sad,train
1017_DFA_SAD_XX.wav,sad_5594.png,sad,train
1020_IWL_ANG_XX.wav,angry_5595.png,angry,train
1048_TSI_SAD_XX.wav,sad_5596.png,sad,train
1062_IEO_ANG_HI.wav,angry_5597.png,angry,train
1054_ITS_NEU_XX.wav,neutral_5598.png,neutral,train
1022_ITS_SAD_XX.wav,sad_5599.png,sad,train
1009_WSI_HAP_XX.wav,happy_5600.png,happy,train
1033_TSI_SAD_XX.wav,sad_5601.png,sad,train
1057_IWL_FEA_XX.wav,fear_5602.png,fear,train
1037_DFA_HAP_XX.wav,happy_5603.png,happy,train
1053_TAI_ANG_XX.wav,angry_5604.png,angry,train
1088_DFA_DIS_XX.wav,disgust_5605.png,disgust,train
1016_IEO_DIS_HI.wav,disgust_5606.png,disgust,train
1011_IEO_FEA_HI.wav,fear_5607.png,fear,train
1026_ITS_FEA_XX.wav,fear_5608.png,fear,train
1021_ITS_HAP_XX.wav,happy_5609.png,happy,train
1065_IWL_SAD_XX.wav,sad_5610.png,sad,train
1083_IEO_ANG_LO.wav,angry_5611.png,angry,train
1040_IEO_NEU_XX.wav,neutral_5612.png,neutral,train
1048_TAI_ANG_XX.wav,angry_5613.png,angry,train
1025_IEO_SAD_MD.wav,sad_5614.png,sad,train
1080_ITH_SAD_XX.wav,sad_5615.png,sad,train
1060_TAI_NEU_XX.wav,neutral_5616.png,neutral,train
1017_TIE_SAD_XX.wav,sad_5617.png,sad,train
1022_TIE_NEU_XX.wav,neutral_5618.png,neutral,train
1025_TIE_DIS_XX.wav,disgust_5619.png,disgust,train
1090_WSI_ANG_XX.wav,angry_5620.png,angry,train
1006_TIE_NEU_XX.wav,neutral_5621.png,neutral,train
1007_TAI_DIS_XX.wav,disgust_5622.png,disgust,train
1011_TIE_SAD_XX.wav,sad_5623.png,sad,train
1053_ITS_FEA_XX.wav,fear_5624.png,fear,train
1081_TIE_DIS_XX.wav,disgust_5625.png,disgust,train
1067_WSI_FEA_XX.wav,fear_5626.png,fear,train
1081_IEO_DIS_HI.wav,disgust_5627.png,disgust,train
1091_IOM_SAD_XX.wav,sad_5628.png,sad,train
1013_DFA_DIS_XX.wav,disgust_5629.png,disgust,train
1046_MTI_NEU_XX.wav,neutral_5630.png,neutral,train
1056_TAI_FEA_XX.wav,fear_5631.png,fear,train
1031_IOM_FEA_XX.wav,fear_5632.png,fear,train
1041_TSI_FEA_XX.wav,fear_5633.png,fear,train
1053_IWW_SAD_XX.wav,sad_5634.png,sad,train
1079_ITS_SAD_XX.wav,sad_5635.png,sad,train
1082_TSI_DIS_XX.wav,disgust_5636.png,disgust,train
1024_TAI_ANG_XX.wav,angry_5637.png,angry,train
1033_IOM_HAP_XX.wav,happy_5638.png,happy,train
1058_TIE_HAP_XX.wav,happy_5639.png,happy,train
1084_IWW_NEU_XX.wav,neutral_5640.png,neutral,train
1031_ITS_HAP_XX.wav,happy_5641.png,happy,train
1036_ITS_DIS_XX.wav,disgust_5642.png,disgust,train
1077_IEO_FEA_LO.wav,fear_5643.png,fear,train
1017_IEO_DIS_LO.wav,disgust_5644.png,disgust,train
1022_TSI_DIS_XX.wav,disgust_5645.png,disgust,train
1063_TIE_DIS_XX.wav,disgust_5646.png,disgust,train
1010_WSI_NEU_XX.wav,neutral_5647.png,neutral,train
1007_DFA_FEA_XX.wav,fear_5648.png,fear,train
1035_DFA_FEA_XX.wav,fear_5649.png,fear,train
1076_IWW_SAD_XX.wav,sad_5650.png,sad,train
1028_WSI_ANG_XX.wav,angry_5651.png,angry,train
1057_DFA_HAP_XX.wav,happy_5652.png,happy,train
1055_TIE_HAP_XX.wav,happy_5653.png,happy,train
1079_IWL_DIS_XX.wav,disgust_5654.png,disgust,train
1055_IOM_SAD_XX.wav,sad_5655.png,sad,train
1086_IEO_DIS_HI.wav,disgust_5656.png,disgust,train
1082_TAI_ANG_XX.wav,angry_5657.png,angry,train
1023_IOM_FEA_XX.wav,fear_5658.png,fear,train
1006_TAI_NEU_XX.wav,neutral_5659.png,neutral,train
1035_TIE_DIS_XX.wav,disgust_5660.png,disgust,train
1004_TIE_HAP_XX.wav,happy_5661.png,happy,train
1064_DFA_FEA_XX.wav,fear_5662.png,fear,train
1044_IEO_SAD_LO.wav,sad_5663.png,sad,train
1022_IWL_ANG_XX.wav,angry_5664.png,angry,train
1007_ITH_FEA_XX.wav,fear_5665.png,fear,train
1079_WSI_HAP_XX.wav,happy_5666.png,happy,train
1027_ITH_FEA_XX.wav,fear_5667.png,fear,train
1030_TSI_HAP_XX.wav,happy_5668.png,happy,train
1016_IEO_NEU_XX.wav,neutral_5669.png,neutral,train
1023_IWL_SAD_XX.wav,sad_5670.png,sad,train
1016_IEO_FEA_MD.wav,fear_5671.png,fear,train
1064_IWL_FEA_XX.wav,fear_5672.png,fear,train
1005_IEO_ANG_MD.wav,angry_5673.png,angry,train
1013_MTI_DIS_XX.wav,disgust_5674.png,disgust,train
1034_TSI_DIS_XX.wav,disgust_5675.png,disgust,train
1010_IWW_SAD_XX.wav,sad_5676.png,sad,train
1076_IEO_DIS_MD.wav,disgust_5677.png,disgust,train
1021_IOM_FEA_XX.wav,fear_5678.png,fear,train
1071_WSI_DIS_XX.wav,disgust_5679.png,disgust,train
1072_IWW_DIS_XX.wav,disgust_5680.png,disgust,train
1089_IEO_NEU_XX.wav,neutral_5681.png,neutral,train
1085_WSI_DIS_XX.wav,disgust_5682.png,disgust,train
1071_TAI_FEA_XX.wav,fear_5683.png,fear,train
1023_IEO_HAP_MD.wav,happy_5684.png,happy,train
1061_IEO_DIS_HI.wav,disgust_5685.png,disgust,train
1018_IWW_SAD_XX.wav,sad_5686.png,sad,train
1051_ITS_DIS_XX.wav,disgust_5687.png,disgust,train
1020_IEO_HAP_HI.wav,happy_5688.png,happy,train
1012_MTI_SAD_XX.wav,sad_5689.png,sad,train
1054_ITH_NEU_XX.wav,neutral_5690.png,neutral,train
1077_IWL_DIS_XX.wav,disgust_5691.png,disgust,train
1053_TAI_DIS_XX.wav,disgust_5692.png,disgust,train
1037_TSI_HAP_XX.wav,happy_5693.png,happy,train
1058_ITH_SAD_XX.wav,sad_5694.png,sad,train
1082_ITS_SAD_XX.wav,sad_5695.png,sad,train
1060_IEO_FEA_HI.wav,fear_5696.png,fear,train
1007_IWL_FEA_XX.wav,fear_5697.png,fear,train
1052_IEO_FEA_HI.wav,fear_5698.png,fear,train
1008_IWL_DIS_XX.wav,disgust_5699.png,disgust,train
1041_IEO_SAD_LO.wav,sad_5700.png,sad,train
1085_ITS_SAD_XX.wav,sad_5701.png,sad,train
1003_MTI_SAD_XX.wav,sad_5702.png,sad,train
1056_IOM_SAD_XX.wav,sad_5703.png,sad,train
1011_IEO_DIS_MD.wav,disgust_5704.png,disgust,train
1013_MTI_NEU_XX.wav,neutral_5705.png,neutral,train
1049_ITS_NEU_XX.wav,neutral_5706.png,neutral,train
1061_DFA_HAP_XX.wav,happy_5707.png,happy,train
1006_ITH_NEU_XX.wav,neutral_5708.png,neutral,train
1059_DFA_NEU_XX.wav,neutral_5709.png,neutral,train
1083_TSI_HAP_XX.wav,happy_5710.png,happy,train
1078_TSI_HAP_XX.wav,happy_5711.png,happy,train
1020_IEO_DIS_HI.wav,disgust_5712.png,disgust,train
1041_IEO_DIS_LO.wav,disgust_5713.png,disgust,train
1072_IWL_NEU_XX.wav,neutral_5714.png,neutral,train
1088_TAI_FEA_XX.wav,fear_5715.png,fear,train
1040_IEO_ANG_HI.wav,angry_5716.png,angry,train
1002_ITH_NEU_XX.wav,neutral_5717.png,neutral,train
1045_IEO_FEA_LO.wav,fear_5718.png,fear,train
1046_TAI_DIS_XX.wav,disgust_5719.png,disgust,train
1053_TSI_HAP_XX.wav,happy_5720.png,happy,train
1077_MTI_SAD_XX.wav,sad_5721.png,sad,train
1013_WSI_ANG_XX.wav,angry_5722.png,angry,train
1062_IEO_DIS_MD.wav,disgust_5723.png,disgust,train
1058_IOM_SAD_XX.wav,sad_5724.png,sad,train
1020_MTI_HAP_XX.wav,happy_5725.png,happy,train
1050_TAI_ANG_XX.wav,angry_5726.png,angry,train
1080_IEO_ANG_LO.wav,angry_5727.png,angry,train
1082_ITH_ANG_XX.wav,angry_5728.png,angry,train
1018_TSI_SAD_XX.wav,sad_5729.png,sad,train
1068_TAI_DIS_XX.wav,disgust_5730.png,disgust,train
1080_IWL_NEU_XX.wav,neutral_5731.png,neutral,train
1087_DFA_SAD_XX.wav,sad_5732.png,sad,train
1001_WSI_HAP_XX.wav,happy_5733.png,happy,train
1014_IWW_DIS_XX.wav,disgust_5734.png,disgust,train
1062_TAI_FEA_XX.wav,fear_5735.png,fear,train
1021_DFA_FEA_XX.wav,fear_5736.png,fear,train
1076_IWL_FEA_XX.wav,fear_5737.png,fear,train
1056_IOM_HAP_XX.wav,happy_5738.png,happy,train
1015_TAI_DIS_XX.wav,disgust_5739.png,disgust,train
1057_DFA_ANG_XX.wav,angry_5740.png,angry,train
1087_MTI_NEU_XX.wav,neutral_5741.png,neutral,train
1019_IEO_DIS_HI.wav,disgust_5742.png,disgust,train
1088_IEO_HAP_MD.wav,happy_5743.png,happy,train
1053_TAI_SAD_XX.wav,sad_5744.png,sad,train
1036_IEO_DIS_MD.wav,disgust_5745.png,disgust,train
1082_ITS_ANG_XX.wav,angry_5746.png,angry,train
1005_ITS_FEA_XX.wav,fear_5747.png,fear,train
1029_MTI_HAP_XX.wav,happy_5748.png,happy,train
1007_ITH_DIS_XX.wav,disgust_5749.png,disgust,train
1010_TSI_HAP_XX.wav,happy_5750.png,happy,train
1054_ITS_DIS_XX.wav,disgust_5751.png,disgust,train
1061_MTI_HAP_XX.wav,happy_5752.png,happy,train
1090_IEO_DIS_HI.wav,disgust_5753.png,disgust,train
1059_TAI_NEU_XX.wav,neutral_5754.png,neutral,train
1028_IEO_NEU_XX.wav,neutral_5755.png,neutral,train
1037_IWL_FEA_XX.wav,fear_5756.png,fear,train
1059_TAI_HAP_XX.wav,happy_5757.png,happy,train
1063_IEO_SAD_LO.wav,sad_5758.png,sad,train
1045_MTI_FEA_XX.wav,fear_5759.png,fear,train
1028_TIE_NEU_XX.wav,neutral_5760.png,neutral,train
1023_ITH_NEU_XX.wav,neutral_5761.png,neutral,train
1079_TIE_NEU_XX.wav,neutral_5762.png,neutral,train
1003_ITS_NEU_XX.wav,neutral_5763.png,neutral,train
1062_MTI_NEU_XX.wav,neutral_5764.png,neutral,train
1005_TSI_ANG_XX.wav,angry_5765.png,angry,train
1033_TIE_HAP_XX.wav,happy_5766.png,happy,train
1073_IEO_SAD_HI.wav,sad_5767.png,sad,train
1080_ITS_SAD_XX.wav,sad_5768.png,sad,train
1025_IWL_ANG_XX.wav,angry_5769.png,angry,train
1030_TAI_SAD_XX.wav,sad_5770.png,sad,train
1066_IWL_ANG_XX.wav,angry_5771.png,angry,train
1040_IWL_FEA_XX.wav,fear_5772.png,fear,train
1001_IEO_HAP_LO.wav,happy_5773.png,happy,train
1009_TAI_NEU_XX.wav,neutral_5774.png,neutral,train
1001_IOM_DIS_XX.wav,disgust_5775.png,disgust,train
1026_IEO_HAP_LO.wav,happy_5776.png,happy,train
1020_WSI_HAP_XX.wav,happy_5777.png,happy,train
1084_WSI_ANG_XX.wav,angry_5778.png,angry,train
1058_WSI_SAD_XX.wav,sad_5779.png,sad,train
1013_ITS_DIS_XX.wav,disgust_5780.png,disgust,train
1055_IWW_FEA_XX.wav,fear_5781.png,fear,train
1037_IWW_HAP_XX.wav,happy_5782.png,happy,train
1075_TIE_FEA_XX.wav,fear_5783.png,fear,train
1061_ITS_NEU_XX.wav,neutral_5784.png,neutral,train
1023_IWL_NEU_XX.wav,neutral_5785.png,neutral,train
1090_IEO_DIS_MD.wav,disgust_5786.png,disgust,train
1068_TIE_DIS_XX.wav,disgust_5787.png,disgust,train
1002_IWW_SAD_XX.wav,sad_5788.png,sad,train
1033_TSI_NEU_XX.wav,neutral_5789.png,neutral,train
1016_IEO_ANG_LO.wav,angry_5790.png,angry,train
1052_IEO_ANG_LO.wav,angry_5791.png,angry,train
1033_IEO_HAP_LO.wav,happy_5792.png,happy,train
1068_IOM_NEU_XX.wav,neutral_5793.png,neutral,train
1083_IEO_SAD_MD.wav,sad_5794.png,sad,train
1005_IWW_FEA_XX.wav,fear_5795.png,fear,train
1045_DFA_NEU_XX.wav,neutral_5796.png,neutral,train
1064_IWW_SAD_XX.wav,sad_5797.png,sad,train
1062_TAI_HAP_XX.wav,happy_5798.png,happy,train
1034_IEO_NEU_XX.wav,neutral_5799.png,neutral,train
1067_TIE_HAP_XX.wav,happy_5800.png,happy,train
1003_IWW_HAP_XX.wav,happy_5801.png,happy,train
1071_ITS_HAP_XX.wav,happy_5802.png,happy,train
1072_IOM_FEA_XX.wav,fear_5803.png,fear,train
1070_ITH_ANG_XX.wav,angry_5804.png,angry,train
1048_TIE_ANG_XX.wav,angry_5805.png,angry,train
1082_IWL_FEA_XX.wav,fear_5806.png,fear,train
1067_IWL_HAP_XX.wav,happy_5807.png,happy,train
1015_ITH_ANG_XX.wav,angry_5808.png,angry,train
1060_IWL_ANG_XX.wav,angry_5809.png,angry,train
1010_WSI_ANG_XX.wav,angry_5810.png,angry,train
1083_TSI_SAD_XX.wav,sad_5811.png,sad,train
1060_IEO_ANG_HI.wav,angry_5812.png,angry,train
1085_IWW_ANG_XX.wav,angry_5813.png,angry,train
1069_IEO_SAD_LO.wav,sad_5814.png,sad,train
1064_IOM_HAP_XX.wav,happy_5815.png,happy,train
1048_TIE_DIS_XX.wav,disgust_5816.png,disgust,train
1035_TSI_ANG_XX.wav,angry_5817.png,angry,train
1051_ITH_NEU_XX.wav,neutral_5818.png,neutral,train
1064_TIE_SAD_XX.wav,sad_5819.png,sad,train
1082_IWW_FEA_XX.wav,fear_5820.png,fear,train
1085_IEO_FEA_HI.wav,fear_5821.png,fear,train
1060_ITH_HAP_XX.wav,happy_5822.png,happy,train
1082_ITS_HAP_XX.wav,happy_5823.png,happy,train
1017_IEO_SAD_MD.wav,sad_5824.png,sad,train
1079_TIE_ANG_XX.wav,angry_5825.png,angry,train
1078_IOM_HAP_XX.wav,happy_5826.png,happy,train
1082_IEO_SAD_LO.wav,sad_5827.png,sad,train
1001_ITH_ANG_XX.wav,angry_5828.png,angry,train
1038_IEO_ANG_HI.wav,angry_5829.png,angry,train
1009_ITH_HAP_XX.wav,happy_5830.png,happy,train
1089_IEO_HAP_LO.wav,happy_5831.png,happy,train
1004_TIE_SAD_XX.wav,sad_5832.png,sad,train
1089_IEO_FEA_HI.wav,fear_5833.png,fear,train
1021_IEO_ANG_MD.wav,angry_5834.png,angry,train
1007_DFA_HAP_XX.wav,happy_5835.png,happy,train
1032_ITS_NEU_XX.wav,neutral_5836.png,neutral,train
1031_IWW_ANG_XX.wav,angry_5837.png,angry,train
1083_IWW_DIS_XX.wav,disgust_5838.png,disgust,train
1027_IWW_HAP_XX.wav,happy_5839.png,happy,train
1035_ITS_FEA_XX.wav,fear_5840.png,fear,train
1008_ITS_ANG_XX.wav,angry_5841.png,angry,train
1036_IEO_ANG_LO.wav,angry_5842.png,angry,train
1028_IEO_FEA_HI.wav,fear_5843.png,fear,train
1074_IWL_HAP_XX.wav,happy_5844.png,happy,train
1017_TSI_NEU_XX.wav,neutral_5845.png,neutral,train
1007_TAI_NEU_XX.wav,neutral_5846.png,neutral,train
1039_MTI_NEU_XX.wav,neutral_5847.png,neutral,train
1055_IEO_HAP_MD.wav,happy_5848.png,happy,train
1089_IEO_DIS_LO.wav,disgust_5849.png,disgust,train
1079_ITH_FEA_XX.wav,fear_5850.png,fear,train
1091_IWL_DIS_XX.wav,disgust_5851.png,disgust,train
1001_MTI_ANG_XX.wav,angry_5852.png,angry,train
1034_WSI_NEU_XX.wav,neutral_5853.png,neutral,train
1058_TAI_FEA_XX.wav,fear_5854.png,fear,train
1010_IWW_HAP_XX.wav,happy_5855.png,happy,train
1038_IOM_FEA_XX.wav,fear_5856.png,fear,train
1090_MTI_HAP_XX.wav,happy_5857.png,happy,train
1031_TIE_FEA_XX.wav,fear_5858.png,fear,train
1040_DFA_ANG_XX.wav,angry_5859.png,angry,train
1008_IOM_SAD_XX.wav,sad_5860.png,sad,train
1085_WSI_FEA_XX.wav,fear_5861.png,fear,train
1059_ITS_NEU_XX.wav,neutral_5862.png,neutral,train
1056_TAI_SAD_XX.wav,sad_5863.png,sad,train
1074_TAI_HAP_XX.wav,happy_5864.png,happy,train
1017_TIE_NEU_XX.wav,neutral_5865.png,neutral,train
1059_IWW_HAP_XX.wav,happy_5866.png,happy,train
1038_TSI_DIS_XX.wav,disgust_5867.png,disgust,train
1037_IEO_FEA_HI.wav,fear_5868.png,fear,train
1091_MTI_FEA_XX.wav,fear_5869.png,fear,train
1005_ITS_SAD_XX.wav,sad_5870.png,sad,train
1049_ITH_SAD_XX.wav,sad_5871.png,sad,train
1009_ITH_DIS_XX.wav,disgust_5872.png,disgust,train
1031_DFA_FEA_XX.wav,fear_5873.png,fear,train
1090_IWW_NEU_XX.wav,neutral_5874.png,neutral,train
1052_WSI_SAD_XX.wav,sad_5875.png,sad,train
1031_MTI_NEU_XX.wav,neutral_5876.png,neutral,train
1071_MTI_FEA_XX.wav,fear_5877.png,fear,train
1005_DFA_DIS_XX.wav,disgust_5878.png,disgust,train
1077_TSI_NEU_XX.wav,neutral_5879.png,neutral,train
1091_ITH_NEU_XX.wav,neutral_5880.png,neutral,train
1040_IWW_ANG_XX.wav,angry_5881.png,angry,train
1015_WSI_DIS_XX.wav,disgust_5882.png,disgust,train
1038_WSI_ANG_XX.wav,angry_5883.png,angry,train
1023_IWL_ANG_XX.wav,angry_5884.png,angry,train
1063_TAI_HAP_XX.wav,happy_5885.png,happy,train
1010_IEO_ANG_MD.wav,angry_5886.png,angry,train
1070_IOM_NEU_XX.wav,neutral_5887.png,neutral,train
1061_ITS_FEA_XX.wav,fear_5888.png,fear,train
1041_TIE_FEA_XX.wav,fear_5889.png,fear,train
1031_ITH_HAP_XX.wav,happy_5890.png,happy,train
1068_IOM_ANG_XX.wav,angry_5891.png,angry,train
1065_MTI_DIS_XX.wav,disgust_5892.png,disgust,train
1001_IWL_SAD_XX.wav,sad_5893.png,sad,train
1081_IOM_FEA_XX.wav,fear_5894.png,fear,train
1023_IWW_ANG_XX.wav,angry_5895.png,angry,train
1074_IOM_HAP_XX.wav,happy_5896.png,happy,train
1063_IOM_HAP_XX.wav,happy_5897.png,happy,train
1089_IOM_FEA_XX.wav,fear_5898.png,fear,train
1026_WSI_FEA_XX.wav,fear_5899.png,fear,train
1064_DFA_SAD_XX.wav,sad_5900.png,sad,train
1007_MTI_HAP_XX.wav,happy_5901.png,happy,train
1010_DFA_HAP_XX.wav,happy_5902.png,happy,train
1033_TAI_FEA_XX.wav,fear_5903.png,fear,train
1072_IOM_DIS_XX.wav,disgust_5904.png,disgust,train
1075_IEO_FEA_HI.wav,fear_5905.png,fear,train
1024_ITH_HAP_XX.wav,happy_5906.png,happy,train
1062_TIE_ANG_XX.wav,angry_5907.png,angry,train
1081_IEO_ANG_MD.wav,angry_5908.png,angry,train
1077_TIE_FEA_XX.wav,fear_5909.png,fear,train
1043_IOM_ANG_XX.wav,angry_5910.png,angry,train
1040_ITH_ANG_XX.wav,angry_5911.png,angry,train
1038_IEO_SAD_MD.wav,sad_5912.png,sad,train
1040_WSI_FEA_XX.wav,fear_5913.png,fear,train
1049_MTI_NEU_XX.wav,neutral_5914.png,neutral,train
1035_ITS_SAD_XX.wav,sad_5915.png,sad,train
1008_ITS_FEA_XX.wav,fear_5916.png,fear,train
1002_IWW_ANG_XX.wav,angry_5917.png,angry,train
1091_DFA_NEU_XX.wav,neutral_5918.png,neutral,train
1061_IEO_HAP_MD.wav,happy_5919.png,happy,train
1016_DFA_DIS_XX.wav,disgust_5920.png,disgust,train
1049_ITS_SAD_XX.wav,sad_5921.png,sad,train
1022_TSI_FEA_XX.wav,fear_5922.png,fear,train
1042_IEO_FEA_MD.wav,fear_5923.png,fear,train
1030_ITS_FEA_XX.wav,fear_5924.png,fear,train
1020_TAI_SAD_XX.wav,sad_5925.png,sad,train
1074_DFA_HAP_XX.wav,happy_5926.png,happy,train
1032_WSI_SAD_XX.wav,sad_5927.png,sad,train
1051_MTI_SAD_XX.wav,sad_5928.png,sad,train
1078_TSI_ANG_XX.wav,angry_5929.png,angry,train
1086_IWW_HAP_XX.wav,happy_5930.png,happy,train
1056_DFA_DIS_XX.wav,disgust_5931.png,disgust,train
1060_MTI_HAP_XX.wav,happy_5932.png,happy,train
1050_TIE_DIS_XX.wav,disgust_5933.png,disgust,train
1042_ITS_HAP_XX.wav,happy_5934.png,happy,train
1080_IWL_DIS_XX.wav,disgust_5935.png,disgust,train
1069_MTI_NEU_XX.wav,neutral_5936.png,neutral,train
1085_TSI_FEA_XX.wav,fear_5937.png,fear,train
1077_IEO_DIS_LO.wav,disgust_5938.png,disgust,train
1066_IWL_SAD_XX.wav,sad_5939.png,sad,train
1002_ITS_NEU_XX.wav,neutral_5940.png,neutral,train
1069_MTI_SAD_XX.wav,sad_5941.png,sad,train
1073_TSI_HAP_XX.wav,happy_5942.png,happy,train
1012_ITH_FEA_XX.wav,fear_5943.png,fear,train
1076_WSI_SAD_XX.wav,sad_5944.png,sad,train
1088_TIE_DIS_XX.wav,disgust_5945.png,disgust,train
1086_ITH_FEA_XX.wav,fear_5946.png,fear,train
1048_MTI_FEA_XX.wav,fear_5947.png,fear,train
1004_ITH_FEA_XX.wav,fear_5948.png,fear,train
1081_WSI_FEA_XX.wav,fear_5949.png,fear,train
1013_IWW_FEA_XX.wav,fear_5950.png,fear,train
1059_TSI_HAP_XX.wav,happy_5951.png,happy,train
1010_IWL_DIS_XX.wav,disgust_5952.png,disgust,train
